line_item,section,is_ratio,sort_order,is_subtotal,version,period,lob,value
GWP,Technical,False,1,False,Budget,Jan,Motor,12.52
GWP,Technical,False,1,False,Budget,Jan,Travel,4.33
GWP,Technical,False,1,False,Budget,Jan,Home,3.14
GWP,Technical,False,1,False,Budget,Jan,CHC,2.3
GWP,Technical,False,1,False,Budget,Feb,Motor,12.34
GWP,Technical,False,1,False,Budget,Feb,Travel,4.32
GWP,Technical,False,1,False,Budget,Feb,Home,3.2
GWP,Technical,False,1,False,Budget,Feb,CHC,2.27
GWP,Technical,False,1,False,Budget,Mar,Motor,13.82
GWP,Technical,False,1,False,Budget,Mar,Travel,4.94
GWP,Technical,False,1,False,Budget,Mar,Home,3.46
GWP,Technical,False,1,False,Budget,Mar,CHC,2.49
GWP,Technical,False,1,False,Budget,Q1,Motor,38.94
GWP,Technical,False,1,False,Budget,Q1,Travel,13.04
GWP,Technical,False,1,False,Budget,Q1,Home,9.35
GWP,Technical,False,1,False,Budget,Q1,CHC,6.9
GWP,Technical,False,1,False,Budget,Apr,Motor,12.15
GWP,Technical,False,1,False,Budget,Apr,Travel,4.37
GWP,Technical,False,1,False,Budget,Apr,Home,3.04
GWP,Technical,False,1,False,Budget,Apr,CHC,2.17
GWP,Technical,False,1,False,Budget,May,Motor,12.76
GWP,Technical,False,1,False,Budget,May,Travel,4.32
GWP,Technical,False,1,False,Budget,May,Home,3.1
GWP,Technical,False,1,False,Budget,May,CHC,2.17
GWP,Technical,False,1,False,Budget,Jun,Motor,13.8
GWP,Technical,False,1,False,Budget,Jun,Travel,4.89
GWP,Technical,False,1,False,Budget,Jun,Home,3.41
GWP,Technical,False,1,False,Budget,Jun,CHC,2.53
GWP,Technical,False,1,False,Budget,Q2,Motor,38.28
GWP,Technical,False,1,False,Budget,Q2,Travel,13.48
GWP,Technical,False,1,False,Budget,Q2,Home,9.57
GWP,Technical,False,1,False,Budget,Q2,CHC,7.23
GWP,Technical,False,1,False,Budget,H1,Motor,77.48
GWP,Technical,False,1,False,Budget,H1,Travel,26.55
GWP,Technical,False,1,False,Budget,H1,Home,19.69
GWP,Technical,False,1,False,Budget,H1,CHC,13.61
GWP,Technical,False,1,False,Budget,Q3,Motor,38.91
GWP,Technical,False,1,False,Budget,Q3,Travel,13.03
GWP,Technical,False,1,False,Budget,Q3,Home,9.43
GWP,Technical,False,1,False,Budget,Q3,CHC,7.0
GWP,Technical,False,1,False,Budget,Q4,Motor,39.32
GWP,Technical,False,1,False,Budget,Q4,Travel,13.61
GWP,Technical,False,1,False,Budget,Q4,Home,9.67
GWP,Technical,False,1,False,Budget,Q4,CHC,6.93
GWP,Technical,False,1,False,Budget,2026FY,Motor,150.42
GWP,Technical,False,1,False,Budget,2026FY,Travel,53.47
GWP,Technical,False,1,False,Budget,2026FY,Home,38.39
GWP,Technical,False,1,False,Budget,2026FY,CHC,28.49
GWP,Technical,False,1,False,Forecast1,Jan,Motor,12.86
GWP,Technical,False,1,False,Forecast1,Jan,Travel,4.32
GWP,Technical,False,1,False,Forecast1,Jan,Home,3.21
GWP,Technical,False,1,False,Forecast1,Jan,CHC,2.28
GWP,Technical,False,1,False,Forecast1,Feb,Motor,12.6
GWP,Technical,False,1,False,Forecast1,Feb,Travel,4.52
GWP,Technical,False,1,False,Forecast1,Feb,Home,3.26
GWP,Technical,False,1,False,Forecast1,Feb,CHC,2.34
GWP,Technical,False,1,False,Forecast1,Mar,Motor,14.13
GWP,Technical,False,1,False,Forecast1,Mar,Travel,5.0
GWP,Technical,False,1,False,Forecast1,Mar,Home,3.62
GWP,Technical,False,1,False,Forecast1,Mar,CHC,2.64
GWP,Technical,False,1,False,Forecast1,Q1,Motor,39.54
GWP,Technical,False,1,False,Forecast1,Q1,Travel,13.92
GWP,Technical,False,1,False,Forecast1,Q1,Home,9.76
GWP,Technical,False,1,False,Forecast1,Q1,CHC,7.02
GWP,Technical,False,1,False,Forecast1,Apr,Motor,12.97
GWP,Technical,False,1,False,Forecast1,Apr,Travel,4.59
GWP,Technical,False,1,False,Forecast1,Apr,Home,3.19
GWP,Technical,False,1,False,Forecast1,Apr,CHC,2.34
GWP,Technical,False,1,False,Forecast1,May,Motor,12.86
GWP,Technical,False,1,False,Forecast1,May,Travel,4.41
GWP,Technical,False,1,False,Forecast1,May,Home,3.22
GWP,Technical,False,1,False,Forecast1,May,CHC,2.37
GWP,Technical,False,1,False,Forecast1,Jun,Motor,14.36
GWP,Technical,False,1,False,Forecast1,Jun,Travel,5.18
GWP,Technical,False,1,False,Forecast1,Jun,Home,3.41
GWP,Technical,False,1,False,Forecast1,Jun,CHC,2.63
GWP,Technical,False,1,False,Forecast1,Q2,Motor,39.98
GWP,Technical,False,1,False,Forecast1,Q2,Travel,13.89
GWP,Technical,False,1,False,Forecast1,Q2,Home,10.0
GWP,Technical,False,1,False,Forecast1,Q2,CHC,6.91
GWP,Technical,False,1,False,Forecast1,H1,Motor,79.48
GWP,Technical,False,1,False,Forecast1,H1,Travel,28.13
GWP,Technical,False,1,False,Forecast1,H1,Home,20.53
GWP,Technical,False,1,False,Forecast1,H1,CHC,14.22
GWP,Technical,False,1,False,Forecast1,Q3,Motor,39.29
GWP,Technical,False,1,False,Forecast1,Q3,Travel,13.83
GWP,Technical,False,1,False,Forecast1,Q3,Home,10.16
GWP,Technical,False,1,False,Forecast1,Q3,CHC,7.23
GWP,Technical,False,1,False,Forecast1,Q4,Motor,39.5
GWP,Technical,False,1,False,Forecast1,Q4,Travel,14.11
GWP,Technical,False,1,False,Forecast1,Q4,Home,10.0
GWP,Technical,False,1,False,Forecast1,Q4,CHC,7.32
GWP,Technical,False,1,False,Forecast1,2026FY,Motor,157.47
GWP,Technical,False,1,False,Forecast1,2026FY,Travel,55.52
GWP,Technical,False,1,False,Forecast1,2026FY,Home,39.61
GWP,Technical,False,1,False,Forecast1,2026FY,CHC,27.92
GWP,Technical,False,1,False,Forecast2,Jan,Motor,13.09
GWP,Technical,False,1,False,Forecast2,Jan,Travel,4.58
GWP,Technical,False,1,False,Forecast2,Jan,Home,3.26
GWP,Technical,False,1,False,Forecast2,Jan,CHC,2.33
GWP,Technical,False,1,False,Forecast2,Feb,Motor,12.67
GWP,Technical,False,1,False,Forecast2,Feb,Travel,4.52
GWP,Technical,False,1,False,Forecast2,Feb,Home,3.23
GWP,Technical,False,1,False,Forecast2,Feb,CHC,2.31
GWP,Technical,False,1,False,Forecast2,Mar,Motor,14.6
GWP,Technical,False,1,False,Forecast2,Mar,Travel,5.17
GWP,Technical,False,1,False,Forecast2,Mar,Home,3.79
GWP,Technical,False,1,False,Forecast2,Mar,CHC,2.65
GWP,Technical,False,1,False,Forecast2,Q1,Motor,40.89
GWP,Technical,False,1,False,Forecast2,Q1,Travel,14.22
GWP,Technical,False,1,False,Forecast2,Q1,Home,9.8
GWP,Technical,False,1,False,Forecast2,Q1,CHC,7.32
GWP,Technical,False,1,False,Forecast2,Apr,Motor,13.03
GWP,Technical,False,1,False,Forecast2,Apr,Travel,4.77
GWP,Technical,False,1,False,Forecast2,Apr,Home,3.24
GWP,Technical,False,1,False,Forecast2,Apr,CHC,2.36
GWP,Technical,False,1,False,Forecast2,May,Motor,13.01
GWP,Technical,False,1,False,Forecast2,May,Travel,4.46
GWP,Technical,False,1,False,Forecast2,May,Home,3.33
GWP,Technical,False,1,False,Forecast2,May,CHC,2.38
GWP,Technical,False,1,False,Forecast2,Jun,Motor,14.87
GWP,Technical,False,1,False,Forecast2,Jun,Travel,5.04
GWP,Technical,False,1,False,Forecast2,Jun,Home,3.76
GWP,Technical,False,1,False,Forecast2,Jun,CHC,2.57
GWP,Technical,False,1,False,Forecast2,Q2,Motor,41.14
GWP,Technical,False,1,False,Forecast2,Q2,Travel,14.83
GWP,Technical,False,1,False,Forecast2,Q2,Home,9.98
GWP,Technical,False,1,False,Forecast2,Q2,CHC,7.24
GWP,Technical,False,1,False,Forecast2,H1,Motor,81.53
GWP,Technical,False,1,False,Forecast2,H1,Travel,28.21
GWP,Technical,False,1,False,Forecast2,H1,Home,19.74
GWP,Technical,False,1,False,Forecast2,H1,CHC,14.67
GWP,Technical,False,1,False,Forecast2,Q3,Motor,39.86
GWP,Technical,False,1,False,Forecast2,Q3,Travel,14.37
GWP,Technical,False,1,False,Forecast2,Q3,Home,9.99
GWP,Technical,False,1,False,Forecast2,Q3,CHC,7.54
GWP,Technical,False,1,False,Forecast2,Q4,Motor,40.08
GWP,Technical,False,1,False,Forecast2,Q4,Travel,14.15
GWP,Technical,False,1,False,Forecast2,Q4,Home,10.33
GWP,Technical,False,1,False,Forecast2,Q4,CHC,7.15
GWP,Technical,False,1,False,Forecast2,2026FY,Motor,163.46
GWP,Technical,False,1,False,Forecast2,2026FY,Travel,58.38
GWP,Technical,False,1,False,Forecast2,2026FY,Home,39.44
GWP,Technical,False,1,False,Forecast2,2026FY,CHC,29.4
GWP,Technical,False,1,False,Actuals,Jan,Motor,13.33
GWP,Technical,False,1,False,Actuals,Jan,Travel,4.71
GWP,Technical,False,1,False,Actuals,Jan,Home,3.24
GWP,Technical,False,1,False,Actuals,Jan,CHC,2.33
GWP,Technical,False,1,False,Actuals,Feb,Motor,13.4
GWP,Technical,False,1,False,Actuals,Feb,Travel,4.67
GWP,Technical,False,1,False,Actuals,Feb,Home,3.33
GWP,Technical,False,1,False,Actuals,Feb,CHC,2.4
GWP,Technical,False,1,False,Actuals,Mar,Motor,14.74
GWP,Technical,False,1,False,Actuals,Mar,Travel,5.25
GWP,Technical,False,1,False,Actuals,Mar,Home,3.75
GWP,Technical,False,1,False,Actuals,Mar,CHC,2.65
GWP,Technical,False,1,False,Actuals,Q1,Motor,42.91
GWP,Technical,False,1,False,Actuals,Q1,Travel,14.64
GWP,Technical,False,1,False,Actuals,Q1,Home,10.13
GWP,Technical,False,1,False,Actuals,Q1,CHC,7.55
GWP,Technical,False,1,False,Actuals,Apr,Motor,13.03
GWP,Technical,False,1,False,Actuals,Apr,Travel,4.71
GWP,Technical,False,1,False,Actuals,Apr,Home,3.39
GWP,Technical,False,1,False,Actuals,Apr,CHC,2.35
GWP,Technical,False,1,False,Actuals,May,Motor,13.51
GWP,Technical,False,1,False,Actuals,May,Travel,4.68
GWP,Technical,False,1,False,Actuals,May,Home,3.37
GWP,Technical,False,1,False,Actuals,May,CHC,2.47
GWP,Technical,False,1,False,Actuals,Jun,Motor,14.86
GWP,Technical,False,1,False,Actuals,Jun,Travel,5.15
GWP,Technical,False,1,False,Actuals,Jun,Home,3.67
GWP,Technical,False,1,False,Actuals,Jun,CHC,2.65
GWP,Technical,False,1,False,Actuals,Q2,Motor,41.4
GWP,Technical,False,1,False,Actuals,Q2,Travel,14.6
GWP,Technical,False,1,False,Actuals,Q2,Home,10.42
GWP,Technical,False,1,False,Actuals,Q2,CHC,7.58
GWP,Technical,False,1,False,Actuals,H1,Motor,82.95
GWP,Technical,False,1,False,Actuals,H1,Travel,29.81
GWP,Technical,False,1,False,Actuals,H1,Home,20.63
GWP,Technical,False,1,False,Actuals,H1,CHC,15.69
GWP,Technical,False,1,False,Actuals,Q3,Motor,41.95
GWP,Technical,False,1,False,Actuals,Q3,Travel,14.28
GWP,Technical,False,1,False,Actuals,Q3,Home,10.16
GWP,Technical,False,1,False,Actuals,Q3,CHC,7.53
GWP,Technical,False,1,False,Actuals,Q4,Motor,41.29
GWP,Technical,False,1,False,Actuals,Q4,Travel,14.71
GWP,Technical,False,1,False,Actuals,Q4,Home,10.46
GWP,Technical,False,1,False,Actuals,Q4,CHC,7.45
GWP,Technical,False,1,False,Actuals,2026FY,Motor,163.22
GWP,Technical,False,1,False,Actuals,2026FY,Travel,56.4
GWP,Technical,False,1,False,Actuals,2026FY,Home,41.12
GWP,Technical,False,1,False,Actuals,2026FY,CHC,30.33
GWP Net of IC and FREASS,Technical,False,2,False,Budget,Jan,Motor,4.42
GWP Net of IC and FREASS,Technical,False,2,False,Budget,Jan,Travel,1.5
GWP Net of IC and FREASS,Technical,False,2,False,Budget,Jan,Home,1.1
GWP Net of IC and FREASS,Technical,False,2,False,Budget,Jan,CHC,0.8
GWP Net of IC and FREASS,Technical,False,2,False,Budget,Feb,Motor,4.32
GWP Net of IC and FREASS,Technical,False,2,False,Budget,Feb,Travel,1.54
GWP Net of IC and FREASS,Technical,False,2,False,Budget,Feb,Home,1.1
GWP Net of IC and FREASS,Technical,False,2,False,Budget,Feb,CHC,0.77
GWP Net of IC and FREASS,Technical,False,2,False,Budget,Mar,Motor,4.99
GWP Net of IC and FREASS,Technical,False,2,False,Budget,Mar,Travel,1.75
GWP Net of IC and FREASS,Technical,False,2,False,Budget,Mar,Home,1.26
GWP Net of IC and FREASS,Technical,False,2,False,Budget,Mar,CHC,0.91
GWP Net of IC and FREASS,Technical,False,2,False,Budget,Q1,Motor,13.37
GWP Net of IC and FREASS,Technical,False,2,False,Budget,Q1,Travel,4.72
GWP Net of IC and FREASS,Technical,False,2,False,Budget,Q1,Home,3.47
GWP Net of IC and FREASS,Technical,False,2,False,Budget,Q1,CHC,2.5
GWP Net of IC and FREASS,Technical,False,2,False,Budget,Apr,Motor,4.45
GWP Net of IC and FREASS,Technical,False,2,False,Budget,Apr,Travel,1.66
GWP Net of IC and FREASS,Technical,False,2,False,Budget,Apr,Home,1.11
GWP Net of IC and FREASS,Technical,False,2,False,Budget,Apr,CHC,0.81
GWP Net of IC and FREASS,Technical,False,2,False,Budget,May,Motor,4.48
GWP Net of IC and FREASS,Technical,False,2,False,Budget,May,Travel,1.56
GWP Net of IC and FREASS,Technical,False,2,False,Budget,May,Home,1.09
GWP Net of IC and FREASS,Technical,False,2,False,Budget,May,CHC,0.8
GWP Net of IC and FREASS,Technical,False,2,False,Budget,Jun,Motor,4.87
GWP Net of IC and FREASS,Technical,False,2,False,Budget,Jun,Travel,1.72
GWP Net of IC and FREASS,Technical,False,2,False,Budget,Jun,Home,1.23
GWP Net of IC and FREASS,Technical,False,2,False,Budget,Jun,CHC,0.89
GWP Net of IC and FREASS,Technical,False,2,False,Budget,Q2,Motor,14.39
GWP Net of IC and FREASS,Technical,False,2,False,Budget,Q2,Travel,4.63
GWP Net of IC and FREASS,Technical,False,2,False,Budget,Q2,Home,3.48
GWP Net of IC and FREASS,Technical,False,2,False,Budget,Q2,CHC,2.4
GWP Net of IC and FREASS,Technical,False,2,False,Budget,H1,Motor,27.24
GWP Net of IC and FREASS,Technical,False,2,False,Budget,H1,Travel,9.83
GWP Net of IC and FREASS,Technical,False,2,False,Budget,H1,Home,6.88
GWP Net of IC and FREASS,Technical,False,2,False,Budget,H1,CHC,4.84
GWP Net of IC and FREASS,Technical,False,2,False,Budget,Q3,Motor,13.55
GWP Net of IC and FREASS,Technical,False,2,False,Budget,Q3,Travel,4.88
GWP Net of IC and FREASS,Technical,False,2,False,Budget,Q3,Home,3.39
GWP Net of IC and FREASS,Technical,False,2,False,Budget,Q3,CHC,2.49
GWP Net of IC and FREASS,Technical,False,2,False,Budget,Q4,Motor,13.76
GWP Net of IC and FREASS,Technical,False,2,False,Budget,Q4,Travel,4.75
GWP Net of IC and FREASS,Technical,False,2,False,Budget,Q4,Home,3.58
GWP Net of IC and FREASS,Technical,False,2,False,Budget,Q4,CHC,2.51
GWP Net of IC and FREASS,Technical,False,2,False,Budget,2026FY,Motor,52.77
GWP Net of IC and FREASS,Technical,False,2,False,Budget,2026FY,Travel,19.32
GWP Net of IC and FREASS,Technical,False,2,False,Budget,2026FY,Home,13.57
GWP Net of IC and FREASS,Technical,False,2,False,Budget,2026FY,CHC,10.07
GWP Net of IC and FREASS,Technical,False,2,False,Forecast1,Jan,Motor,4.46
GWP Net of IC and FREASS,Technical,False,2,False,Forecast1,Jan,Travel,1.58
GWP Net of IC and FREASS,Technical,False,2,False,Forecast1,Jan,Home,1.14
GWP Net of IC and FREASS,Technical,False,2,False,Forecast1,Jan,CHC,0.83
GWP Net of IC and FREASS,Technical,False,2,False,Forecast1,Feb,Motor,4.43
GWP Net of IC and FREASS,Technical,False,2,False,Forecast1,Feb,Travel,1.58
GWP Net of IC and FREASS,Technical,False,2,False,Forecast1,Feb,Home,1.12
GWP Net of IC and FREASS,Technical,False,2,False,Forecast1,Feb,CHC,0.81
GWP Net of IC and FREASS,Technical,False,2,False,Forecast1,Mar,Motor,5.27
GWP Net of IC and FREASS,Technical,False,2,False,Forecast1,Mar,Travel,1.8
GWP Net of IC and FREASS,Technical,False,2,False,Forecast1,Mar,Home,1.24
GWP Net of IC and FREASS,Technical,False,2,False,Forecast1,Mar,CHC,0.93
GWP Net of IC and FREASS,Technical,False,2,False,Forecast1,Q1,Motor,14.75
GWP Net of IC and FREASS,Technical,False,2,False,Forecast1,Q1,Travel,5.06
GWP Net of IC and FREASS,Technical,False,2,False,Forecast1,Q1,Home,3.44
GWP Net of IC and FREASS,Technical,False,2,False,Forecast1,Q1,CHC,2.53
GWP Net of IC and FREASS,Technical,False,2,False,Forecast1,Apr,Motor,4.64
GWP Net of IC and FREASS,Technical,False,2,False,Forecast1,Apr,Travel,1.56
GWP Net of IC and FREASS,Technical,False,2,False,Forecast1,Apr,Home,1.14
GWP Net of IC and FREASS,Technical,False,2,False,Forecast1,Apr,CHC,0.83
GWP Net of IC and FREASS,Technical,False,2,False,Forecast1,May,Motor,4.45
GWP Net of IC and FREASS,Technical,False,2,False,Forecast1,May,Travel,1.58
GWP Net of IC and FREASS,Technical,False,2,False,Forecast1,May,Home,1.06
GWP Net of IC and FREASS,Technical,False,2,False,Forecast1,May,CHC,0.8
GWP Net of IC and FREASS,Technical,False,2,False,Forecast1,Jun,Motor,5.07
GWP Net of IC and FREASS,Technical,False,2,False,Forecast1,Jun,Travel,1.74
GWP Net of IC and FREASS,Technical,False,2,False,Forecast1,Jun,Home,1.32
GWP Net of IC and FREASS,Technical,False,2,False,Forecast1,Jun,CHC,0.89
GWP Net of IC and FREASS,Technical,False,2,False,Forecast1,Q2,Motor,14.04
GWP Net of IC and FREASS,Technical,False,2,False,Forecast1,Q2,Travel,4.97
GWP Net of IC and FREASS,Technical,False,2,False,Forecast1,Q2,Home,3.64
GWP Net of IC and FREASS,Technical,False,2,False,Forecast1,Q2,CHC,2.48
GWP Net of IC and FREASS,Technical,False,2,False,Forecast1,H1,Motor,28.96
GWP Net of IC and FREASS,Technical,False,2,False,Forecast1,H1,Travel,9.92
GWP Net of IC and FREASS,Technical,False,2,False,Forecast1,H1,Home,6.95
GWP Net of IC and FREASS,Technical,False,2,False,Forecast1,H1,CHC,5.14
GWP Net of IC and FREASS,Technical,False,2,False,Forecast1,Q3,Motor,14.22
GWP Net of IC and FREASS,Technical,False,2,False,Forecast1,Q3,Travel,4.9
GWP Net of IC and FREASS,Technical,False,2,False,Forecast1,Q3,Home,3.55
GWP Net of IC and FREASS,Technical,False,2,False,Forecast1,Q3,CHC,2.53
GWP Net of IC and FREASS,Technical,False,2,False,Forecast1,Q4,Motor,14.19
GWP Net of IC and FREASS,Technical,False,2,False,Forecast1,Q4,Travel,5.02
GWP Net of IC and FREASS,Technical,False,2,False,Forecast1,Q4,Home,3.65
GWP Net of IC and FREASS,Technical,False,2,False,Forecast1,Q4,CHC,2.49
GWP Net of IC and FREASS,Technical,False,2,False,Forecast1,2026FY,Motor,59.0
GWP Net of IC and FREASS,Technical,False,2,False,Forecast1,2026FY,Travel,19.08
GWP Net of IC and FREASS,Technical,False,2,False,Forecast1,2026FY,Home,14.12
GWP Net of IC and FREASS,Technical,False,2,False,Forecast1,2026FY,CHC,10.31
GWP Net of IC and FREASS,Technical,False,2,False,Forecast2,Jan,Motor,4.64
GWP Net of IC and FREASS,Technical,False,2,False,Forecast2,Jan,Travel,1.6
GWP Net of IC and FREASS,Technical,False,2,False,Forecast2,Jan,Home,1.15
GWP Net of IC and FREASS,Technical,False,2,False,Forecast2,Jan,CHC,0.82
GWP Net of IC and FREASS,Technical,False,2,False,Forecast2,Feb,Motor,4.57
GWP Net of IC and FREASS,Technical,False,2,False,Forecast2,Feb,Travel,1.64
GWP Net of IC and FREASS,Technical,False,2,False,Forecast2,Feb,Home,1.16
GWP Net of IC and FREASS,Technical,False,2,False,Forecast2,Feb,CHC,0.82
GWP Net of IC and FREASS,Technical,False,2,False,Forecast2,Mar,Motor,5.29
GWP Net of IC and FREASS,Technical,False,2,False,Forecast2,Mar,Travel,1.83
GWP Net of IC and FREASS,Technical,False,2,False,Forecast2,Mar,Home,1.32
GWP Net of IC and FREASS,Technical,False,2,False,Forecast2,Mar,CHC,0.95
GWP Net of IC and FREASS,Technical,False,2,False,Forecast2,Q1,Motor,14.21
GWP Net of IC and FREASS,Technical,False,2,False,Forecast2,Q1,Travel,5.0
GWP Net of IC and FREASS,Technical,False,2,False,Forecast2,Q1,Home,3.66
GWP Net of IC and FREASS,Technical,False,2,False,Forecast2,Q1,CHC,2.63
GWP Net of IC and FREASS,Technical,False,2,False,Forecast2,Apr,Motor,4.62
GWP Net of IC and FREASS,Technical,False,2,False,Forecast2,Apr,Travel,1.62
GWP Net of IC and FREASS,Technical,False,2,False,Forecast2,Apr,Home,1.18
GWP Net of IC and FREASS,Technical,False,2,False,Forecast2,Apr,CHC,0.82
GWP Net of IC and FREASS,Technical,False,2,False,Forecast2,May,Motor,4.67
GWP Net of IC and FREASS,Technical,False,2,False,Forecast2,May,Travel,1.61
GWP Net of IC and FREASS,Technical,False,2,False,Forecast2,May,Home,1.15
GWP Net of IC and FREASS,Technical,False,2,False,Forecast2,May,CHC,0.85
GWP Net of IC and FREASS,Technical,False,2,False,Forecast2,Jun,Motor,5.28
GWP Net of IC and FREASS,Technical,False,2,False,Forecast2,Jun,Travel,1.85
GWP Net of IC and FREASS,Technical,False,2,False,Forecast2,Jun,Home,1.33
GWP Net of IC and FREASS,Technical,False,2,False,Forecast2,Jun,CHC,0.94
GWP Net of IC and FREASS,Technical,False,2,False,Forecast2,Q2,Motor,14.63
GWP Net of IC and FREASS,Technical,False,2,False,Forecast2,Q2,Travel,5.02
GWP Net of IC and FREASS,Technical,False,2,False,Forecast2,Q2,Home,3.63
GWP Net of IC and FREASS,Technical,False,2,False,Forecast2,Q2,CHC,2.59
GWP Net of IC and FREASS,Technical,False,2,False,Forecast2,H1,Motor,28.93
GWP Net of IC and FREASS,Technical,False,2,False,Forecast2,H1,Travel,10.22
GWP Net of IC and FREASS,Technical,False,2,False,Forecast2,H1,Home,7.11
GWP Net of IC and FREASS,Technical,False,2,False,Forecast2,H1,CHC,5.4
GWP Net of IC and FREASS,Technical,False,2,False,Forecast2,Q3,Motor,14.16
GWP Net of IC and FREASS,Technical,False,2,False,Forecast2,Q3,Travel,4.94
GWP Net of IC and FREASS,Technical,False,2,False,Forecast2,Q3,Home,3.69
GWP Net of IC and FREASS,Technical,False,2,False,Forecast2,Q3,CHC,2.64
GWP Net of IC and FREASS,Technical,False,2,False,Forecast2,Q4,Motor,14.61
GWP Net of IC and FREASS,Technical,False,2,False,Forecast2,Q4,Travel,5.11
GWP Net of IC and FREASS,Technical,False,2,False,Forecast2,Q4,Home,3.61
GWP Net of IC and FREASS,Technical,False,2,False,Forecast2,Q4,CHC,2.55
GWP Net of IC and FREASS,Technical,False,2,False,Forecast2,2026FY,Motor,57.83
GWP Net of IC and FREASS,Technical,False,2,False,Forecast2,2026FY,Travel,19.95
GWP Net of IC and FREASS,Technical,False,2,False,Forecast2,2026FY,Home,14.71
GWP Net of IC and FREASS,Technical,False,2,False,Forecast2,2026FY,CHC,10.37
GWP Net of IC and FREASS,Technical,False,2,False,Actuals,Jan,Motor,4.64
GWP Net of IC and FREASS,Technical,False,2,False,Actuals,Jan,Travel,1.64
GWP Net of IC and FREASS,Technical,False,2,False,Actuals,Jan,Home,1.19
GWP Net of IC and FREASS,Technical,False,2,False,Actuals,Jan,CHC,0.84
GWP Net of IC and FREASS,Technical,False,2,False,Actuals,Feb,Motor,4.64
GWP Net of IC and FREASS,Technical,False,2,False,Actuals,Feb,Travel,1.66
GWP Net of IC and FREASS,Technical,False,2,False,Actuals,Feb,Home,1.18
GWP Net of IC and FREASS,Technical,False,2,False,Actuals,Feb,CHC,0.84
GWP Net of IC and FREASS,Technical,False,2,False,Actuals,Mar,Motor,5.25
GWP Net of IC and FREASS,Technical,False,2,False,Actuals,Mar,Travel,1.86
GWP Net of IC and FREASS,Technical,False,2,False,Actuals,Mar,Home,1.29
GWP Net of IC and FREASS,Technical,False,2,False,Actuals,Mar,CHC,0.93
GWP Net of IC and FREASS,Technical,False,2,False,Actuals,Q1,Motor,14.51
GWP Net of IC and FREASS,Technical,False,2,False,Actuals,Q1,Travel,5.13
GWP Net of IC and FREASS,Technical,False,2,False,Actuals,Q1,Home,3.7
GWP Net of IC and FREASS,Technical,False,2,False,Actuals,Q1,CHC,2.72
GWP Net of IC and FREASS,Technical,False,2,False,Actuals,Apr,Motor,4.78
GWP Net of IC and FREASS,Technical,False,2,False,Actuals,Apr,Travel,1.64
GWP Net of IC and FREASS,Technical,False,2,False,Actuals,Apr,Home,1.18
GWP Net of IC and FREASS,Technical,False,2,False,Actuals,Apr,CHC,0.83
GWP Net of IC and FREASS,Technical,False,2,False,Actuals,May,Motor,4.71
GWP Net of IC and FREASS,Technical,False,2,False,Actuals,May,Travel,1.64
GWP Net of IC and FREASS,Technical,False,2,False,Actuals,May,Home,1.18
GWP Net of IC and FREASS,Technical,False,2,False,Actuals,May,CHC,0.83
GWP Net of IC and FREASS,Technical,False,2,False,Actuals,Jun,Motor,5.35
GWP Net of IC and FREASS,Technical,False,2,False,Actuals,Jun,Travel,1.91
GWP Net of IC and FREASS,Technical,False,2,False,Actuals,Jun,Home,1.32
GWP Net of IC and FREASS,Technical,False,2,False,Actuals,Jun,CHC,0.96
GWP Net of IC and FREASS,Technical,False,2,False,Actuals,Q2,Motor,14.9
GWP Net of IC and FREASS,Technical,False,2,False,Actuals,Q2,Travel,5.11
GWP Net of IC and FREASS,Technical,False,2,False,Actuals,Q2,Home,3.69
GWP Net of IC and FREASS,Technical,False,2,False,Actuals,Q2,CHC,2.65
GWP Net of IC and FREASS,Technical,False,2,False,Actuals,H1,Motor,29.48
GWP Net of IC and FREASS,Technical,False,2,False,Actuals,H1,Travel,10.15
GWP Net of IC and FREASS,Technical,False,2,False,Actuals,H1,Home,7.36
GWP Net of IC and FREASS,Technical,False,2,False,Actuals,H1,CHC,5.35
GWP Net of IC and FREASS,Technical,False,2,False,Actuals,Q3,Motor,15.11
GWP Net of IC and FREASS,Technical,False,2,False,Actuals,Q3,Travel,5.24
GWP Net of IC and FREASS,Technical,False,2,False,Actuals,Q3,Home,3.83
GWP Net of IC and FREASS,Technical,False,2,False,Actuals,Q3,CHC,2.61
GWP Net of IC and FREASS,Technical,False,2,False,Actuals,Q4,Motor,14.95
GWP Net of IC and FREASS,Technical,False,2,False,Actuals,Q4,Travel,5.17
GWP Net of IC and FREASS,Technical,False,2,False,Actuals,Q4,Home,3.83
GWP Net of IC and FREASS,Technical,False,2,False,Actuals,Q4,CHC,2.61
GWP Net of IC and FREASS,Technical,False,2,False,Actuals,2026FY,Motor,57.93
GWP Net of IC and FREASS,Technical,False,2,False,Actuals,2026FY,Travel,20.37
GWP Net of IC and FREASS,Technical,False,2,False,Actuals,2026FY,Home,14.13
GWP Net of IC and FREASS,Technical,False,2,False,Actuals,2026FY,CHC,10.49
GEP,Technical,False,3,False,Budget,Jan,Motor,11.82
GEP,Technical,False,3,False,Budget,Jan,Travel,4.21
GEP,Technical,False,3,False,Budget,Jan,Home,3.02
GEP,Technical,False,3,False,Budget,Jan,CHC,2.24
GEP,Technical,False,3,False,Budget,Feb,Motor,12.23
GEP,Technical,False,3,False,Budget,Feb,Travel,4.15
GEP,Technical,False,3,False,Budget,Feb,Home,2.95
GEP,Technical,False,3,False,Budget,Feb,CHC,2.18
GEP,Technical,False,3,False,Budget,Mar,Motor,13.14
GEP,Technical,False,3,False,Budget,Mar,Travel,4.9
GEP,Technical,False,3,False,Budget,Mar,Home,3.45
GEP,Technical,False,3,False,Budget,Mar,CHC,2.41
GEP,Technical,False,3,False,Budget,Q1,Motor,36.22
GEP,Technical,False,3,False,Budget,Q1,Travel,13.48
GEP,Technical,False,3,False,Budget,Q1,Home,9.35
GEP,Technical,False,3,False,Budget,Q1,CHC,6.92
GEP,Technical,False,3,False,Budget,Apr,Motor,11.62
GEP,Technical,False,3,False,Budget,Apr,Travel,4.15
GEP,Technical,False,3,False,Budget,Apr,Home,3.0
GEP,Technical,False,3,False,Budget,Apr,CHC,2.16
GEP,Technical,False,3,False,Budget,May,Motor,11.89
GEP,Technical,False,3,False,Budget,May,Travel,4.25
GEP,Technical,False,3,False,Budget,May,Home,2.94
GEP,Technical,False,3,False,Budget,May,CHC,2.15
GEP,Technical,False,3,False,Budget,Jun,Motor,13.53
GEP,Technical,False,3,False,Budget,Jun,Travel,4.77
GEP,Technical,False,3,False,Budget,Jun,Home,3.42
GEP,Technical,False,3,False,Budget,Jun,CHC,2.38
GEP,Technical,False,3,False,Budget,Q2,Motor,36.35
GEP,Technical,False,3,False,Budget,Q2,Travel,13.46
GEP,Technical,False,3,False,Budget,Q2,Home,9.44
GEP,Technical,False,3,False,Budget,Q2,CHC,6.65
GEP,Technical,False,3,False,Budget,H1,Motor,77.33
GEP,Technical,False,3,False,Budget,H1,Travel,26.31
GEP,Technical,False,3,False,Budget,H1,Home,19.19
GEP,Technical,False,3,False,Budget,H1,CHC,13.52
GEP,Technical,False,3,False,Budget,Q3,Motor,39.05
GEP,Technical,False,3,False,Budget,Q3,Travel,13.59
GEP,Technical,False,3,False,Budget,Q3,Home,9.33
GEP,Technical,False,3,False,Budget,Q3,CHC,6.88
GEP,Technical,False,3,False,Budget,Q4,Motor,37.98
GEP,Technical,False,3,False,Budget,Q4,Travel,13.48
GEP,Technical,False,3,False,Budget,Q4,Home,9.19
GEP,Technical,False,3,False,Budget,Q4,CHC,6.84
GEP,Technical,False,3,False,Budget,2026FY,Motor,153.18
GEP,Technical,False,3,False,Budget,2026FY,Travel,50.65
GEP,Technical,False,3,False,Budget,2026FY,Home,36.61
GEP,Technical,False,3,False,Budget,2026FY,CHC,25.9
GEP,Technical,False,3,False,Forecast1,Jan,Motor,12.3
GEP,Technical,False,3,False,Forecast1,Jan,Travel,4.39
GEP,Technical,False,3,False,Forecast1,Jan,Home,3.18
GEP,Technical,False,3,False,Forecast1,Jan,CHC,2.23
GEP,Technical,False,3,False,Forecast1,Feb,Motor,12.75
GEP,Technical,False,3,False,Forecast1,Feb,Travel,4.21
GEP,Technical,False,3,False,Forecast1,Feb,Home,2.99
GEP,Technical,False,3,False,Forecast1,Feb,CHC,2.22
GEP,Technical,False,3,False,Forecast1,Mar,Motor,14.01
GEP,Technical,False,3,False,Forecast1,Mar,Travel,4.86
GEP,Technical,False,3,False,Forecast1,Mar,Home,3.34
GEP,Technical,False,3,False,Forecast1,Mar,CHC,2.5
GEP,Technical,False,3,False,Forecast1,Q1,Motor,37.65
GEP,Technical,False,3,False,Forecast1,Q1,Travel,13.69
GEP,Technical,False,3,False,Forecast1,Q1,Home,9.72
GEP,Technical,False,3,False,Forecast1,Q1,CHC,6.83
GEP,Technical,False,3,False,Forecast1,Apr,Motor,12.24
GEP,Technical,False,3,False,Forecast1,Apr,Travel,4.24
GEP,Technical,False,3,False,Forecast1,Apr,Home,3.09
GEP,Technical,False,3,False,Forecast1,Apr,CHC,2.27
GEP,Technical,False,3,False,Forecast1,May,Motor,12.12
GEP,Technical,False,3,False,Forecast1,May,Travel,4.37
GEP,Technical,False,3,False,Forecast1,May,Home,3.06
GEP,Technical,False,3,False,Forecast1,May,CHC,2.19
GEP,Technical,False,3,False,Forecast1,Jun,Motor,13.88
GEP,Technical,False,3,False,Forecast1,Jun,Travel,4.77
GEP,Technical,False,3,False,Forecast1,Jun,Home,3.44
GEP,Technical,False,3,False,Forecast1,Jun,CHC,2.44
GEP,Technical,False,3,False,Forecast1,Q2,Motor,40.1
GEP,Technical,False,3,False,Forecast1,Q2,Travel,13.53
GEP,Technical,False,3,False,Forecast1,Q2,Home,9.53
GEP,Technical,False,3,False,Forecast1,Q2,CHC,6.98
GEP,Technical,False,3,False,Forecast1,H1,Motor,77.08
GEP,Technical,False,3,False,Forecast1,H1,Travel,26.92
GEP,Technical,False,3,False,Forecast1,H1,Home,19.54
GEP,Technical,False,3,False,Forecast1,H1,CHC,14.11
GEP,Technical,False,3,False,Forecast1,Q3,Motor,38.23
GEP,Technical,False,3,False,Forecast1,Q3,Travel,13.37
GEP,Technical,False,3,False,Forecast1,Q3,Home,9.6
GEP,Technical,False,3,False,Forecast1,Q3,CHC,6.64
GEP,Technical,False,3,False,Forecast1,Q4,Motor,37.49
GEP,Technical,False,3,False,Forecast1,Q4,Travel,13.88
GEP,Technical,False,3,False,Forecast1,Q4,Home,9.96
GEP,Technical,False,3,False,Forecast1,Q4,CHC,6.92
GEP,Technical,False,3,False,Forecast1,2026FY,Motor,156.23
GEP,Technical,False,3,False,Forecast1,2026FY,Travel,54.4
GEP,Technical,False,3,False,Forecast1,2026FY,Home,40.93
GEP,Technical,False,3,False,Forecast1,2026FY,CHC,28.41
GEP,Technical,False,3,False,Forecast2,Jan,Motor,12.57
GEP,Technical,False,3,False,Forecast2,Jan,Travel,4.33
GEP,Technical,False,3,False,Forecast2,Jan,Home,3.05
GEP,Technical,False,3,False,Forecast2,Jan,CHC,2.28
GEP,Technical,False,3,False,Forecast2,Feb,Motor,12.42
GEP,Technical,False,3,False,Forecast2,Feb,Travel,4.29
GEP,Technical,False,3,False,Forecast2,Feb,Home,3.11
GEP,Technical,False,3,False,Forecast2,Feb,CHC,2.22
GEP,Technical,False,3,False,Forecast2,Mar,Motor,14.63
GEP,Technical,False,3,False,Forecast2,Mar,Travel,5.04
GEP,Technical,False,3,False,Forecast2,Mar,Home,3.54
GEP,Technical,False,3,False,Forecast2,Mar,CHC,2.62
GEP,Technical,False,3,False,Forecast2,Q1,Motor,39.43
GEP,Technical,False,3,False,Forecast2,Q1,Travel,13.56
GEP,Technical,False,3,False,Forecast2,Q1,Home,10.13
GEP,Technical,False,3,False,Forecast2,Q1,CHC,7.16
GEP,Technical,False,3,False,Forecast2,Apr,Motor,12.35
GEP,Technical,False,3,False,Forecast2,Apr,Travel,4.39
GEP,Technical,False,3,False,Forecast2,Apr,Home,3.1
GEP,Technical,False,3,False,Forecast2,Apr,CHC,2.21
GEP,Technical,False,3,False,Forecast2,May,Motor,12.82
GEP,Technical,False,3,False,Forecast2,May,Travel,4.57
GEP,Technical,False,3,False,Forecast2,May,Home,3.07
GEP,Technical,False,3,False,Forecast2,May,CHC,2.29
GEP,Technical,False,3,False,Forecast2,Jun,Motor,14.0
GEP,Technical,False,3,False,Forecast2,Jun,Travel,4.92
GEP,Technical,False,3,False,Forecast2,Jun,Home,3.5
GEP,Technical,False,3,False,Forecast2,Jun,CHC,2.51
GEP,Technical,False,3,False,Forecast2,Q2,Motor,39.41
GEP,Technical,False,3,False,Forecast2,Q2,Travel,13.56
GEP,Technical,False,3,False,Forecast2,Q2,Home,9.89
GEP,Technical,False,3,False,Forecast2,Q2,CHC,7.08
GEP,Technical,False,3,False,Forecast2,H1,Motor,78.39
GEP,Technical,False,3,False,Forecast2,H1,Travel,27.09
GEP,Technical,False,3,False,Forecast2,H1,Home,19.47
GEP,Technical,False,3,False,Forecast2,H1,CHC,14.38
GEP,Technical,False,3,False,Forecast2,Q3,Motor,39.75
GEP,Technical,False,3,False,Forecast2,Q3,Travel,13.52
GEP,Technical,False,3,False,Forecast2,Q3,Home,9.86
GEP,Technical,False,3,False,Forecast2,Q3,CHC,7.19
GEP,Technical,False,3,False,Forecast2,Q4,Motor,38.12
GEP,Technical,False,3,False,Forecast2,Q4,Travel,13.92
GEP,Technical,False,3,False,Forecast2,Q4,Home,9.72
GEP,Technical,False,3,False,Forecast2,Q4,CHC,7.16
GEP,Technical,False,3,False,Forecast2,2026FY,Motor,155.21
GEP,Technical,False,3,False,Forecast2,2026FY,Travel,53.23
GEP,Technical,False,3,False,Forecast2,2026FY,Home,38.15
GEP,Technical,False,3,False,Forecast2,2026FY,CHC,28.38
GEP,Technical,False,3,False,Actuals,Jan,Motor,12.9
GEP,Technical,False,3,False,Actuals,Jan,Travel,4.42
GEP,Technical,False,3,False,Actuals,Jan,Home,3.25
GEP,Technical,False,3,False,Actuals,Jan,CHC,2.24
GEP,Technical,False,3,False,Actuals,Feb,Motor,12.82
GEP,Technical,False,3,False,Actuals,Feb,Travel,4.39
GEP,Technical,False,3,False,Actuals,Feb,Home,3.17
GEP,Technical,False,3,False,Actuals,Feb,CHC,2.31
GEP,Technical,False,3,False,Actuals,Mar,Motor,14.21
GEP,Technical,False,3,False,Actuals,Mar,Travel,5.02
GEP,Technical,False,3,False,Actuals,Mar,Home,3.68
GEP,Technical,False,3,False,Actuals,Mar,CHC,2.57
GEP,Technical,False,3,False,Actuals,Q1,Motor,40.75
GEP,Technical,False,3,False,Actuals,Q1,Travel,13.75
GEP,Technical,False,3,False,Actuals,Q1,Home,10.13
GEP,Technical,False,3,False,Actuals,Q1,CHC,7.42
GEP,Technical,False,3,False,Actuals,Apr,Motor,12.25
GEP,Technical,False,3,False,Actuals,Apr,Travel,4.43
GEP,Technical,False,3,False,Actuals,Apr,Home,3.24
GEP,Technical,False,3,False,Actuals,Apr,CHC,2.3
GEP,Technical,False,3,False,Actuals,May,Motor,12.93
GEP,Technical,False,3,False,Actuals,May,Travel,4.44
GEP,Technical,False,3,False,Actuals,May,Home,3.22
GEP,Technical,False,3,False,Actuals,May,CHC,2.3
GEP,Technical,False,3,False,Actuals,Jun,Motor,14.76
GEP,Technical,False,3,False,Actuals,Jun,Travel,5.08
GEP,Technical,False,3,False,Actuals,Jun,Home,3.63
GEP,Technical,False,3,False,Actuals,Jun,CHC,2.58
GEP,Technical,False,3,False,Actuals,Q2,Motor,39.76
GEP,Technical,False,3,False,Actuals,Q2,Travel,13.93
GEP,Technical,False,3,False,Actuals,Q2,Home,10.11
GEP,Technical,False,3,False,Actuals,Q2,CHC,7.17
GEP,Technical,False,3,False,Actuals,H1,Motor,80.68
GEP,Technical,False,3,False,Actuals,H1,Travel,29.18
GEP,Technical,False,3,False,Actuals,H1,Home,20.39
GEP,Technical,False,3,False,Actuals,H1,CHC,14.36
GEP,Technical,False,3,False,Actuals,Q3,Motor,41.03
GEP,Technical,False,3,False,Actuals,Q3,Travel,13.94
GEP,Technical,False,3,False,Actuals,Q3,Home,9.65
GEP,Technical,False,3,False,Actuals,Q3,CHC,7.09
GEP,Technical,False,3,False,Actuals,Q4,Motor,38.72
GEP,Technical,False,3,False,Actuals,Q4,Travel,13.95
GEP,Technical,False,3,False,Actuals,Q4,Home,10.03
GEP,Technical,False,3,False,Actuals,Q4,CHC,7.45
GEP,Technical,False,3,False,Actuals,2026FY,Motor,161.48
GEP,Technical,False,3,False,Actuals,2026FY,Travel,55.94
GEP,Technical,False,3,False,Actuals,2026FY,Home,40.75
GEP,Technical,False,3,False,Actuals,2026FY,CHC,27.7
Claims CY net,Technical,False,4,False,Budget,Jan,Motor,-2.81
Claims CY net,Technical,False,4,False,Budget,Jan,Travel,-1.0
Claims CY net,Technical,False,4,False,Budget,Jan,Home,-0.68
Claims CY net,Technical,False,4,False,Budget,Jan,CHC,-0.52
Claims CY net,Technical,False,4,False,Budget,Feb,Motor,-2.82
Claims CY net,Technical,False,4,False,Budget,Feb,Travel,-0.97
Claims CY net,Technical,False,4,False,Budget,Feb,Home,-0.71
Claims CY net,Technical,False,4,False,Budget,Feb,CHC,-0.53
Claims CY net,Technical,False,4,False,Budget,Mar,Motor,-3.16
Claims CY net,Technical,False,4,False,Budget,Mar,Travel,-1.11
Claims CY net,Technical,False,4,False,Budget,Mar,Home,-0.78
Claims CY net,Technical,False,4,False,Budget,Mar,CHC,-0.56
Claims CY net,Technical,False,4,False,Budget,Q1,Motor,-8.9
Claims CY net,Technical,False,4,False,Budget,Q1,Travel,-3.01
Claims CY net,Technical,False,4,False,Budget,Q1,Home,-2.19
Claims CY net,Technical,False,4,False,Budget,Q1,CHC,-1.56
Claims CY net,Technical,False,4,False,Budget,Apr,Motor,-2.83
Claims CY net,Technical,False,4,False,Budget,Apr,Travel,-0.99
Claims CY net,Technical,False,4,False,Budget,Apr,Home,-0.71
Claims CY net,Technical,False,4,False,Budget,Apr,CHC,-0.5
Claims CY net,Technical,False,4,False,Budget,May,Motor,-2.78
Claims CY net,Technical,False,4,False,Budget,May,Travel,-0.96
Claims CY net,Technical,False,4,False,Budget,May,Home,-0.69
Claims CY net,Technical,False,4,False,Budget,May,CHC,-0.51
Claims CY net,Technical,False,4,False,Budget,Jun,Motor,-3.2
Claims CY net,Technical,False,4,False,Budget,Jun,Travel,-1.08
Claims CY net,Technical,False,4,False,Budget,Jun,Home,-0.8
Claims CY net,Technical,False,4,False,Budget,Jun,CHC,-0.58
Claims CY net,Technical,False,4,False,Budget,Q2,Motor,-8.82
Claims CY net,Technical,False,4,False,Budget,Q2,Travel,-3.18
Claims CY net,Technical,False,4,False,Budget,Q2,Home,-2.15
Claims CY net,Technical,False,4,False,Budget,Q2,CHC,-1.54
Claims CY net,Technical,False,4,False,Budget,H1,Motor,-16.88
Claims CY net,Technical,False,4,False,Budget,H1,Travel,-6.31
Claims CY net,Technical,False,4,False,Budget,H1,Home,-4.43
Claims CY net,Technical,False,4,False,Budget,H1,CHC,-3.15
Claims CY net,Technical,False,4,False,Budget,Q3,Motor,-8.8
Claims CY net,Technical,False,4,False,Budget,Q3,Travel,-2.99
Claims CY net,Technical,False,4,False,Budget,Q3,Home,-2.29
Claims CY net,Technical,False,4,False,Budget,Q3,CHC,-1.58
Claims CY net,Technical,False,4,False,Budget,Q4,Motor,-8.77
Claims CY net,Technical,False,4,False,Budget,Q4,Travel,-3.11
Claims CY net,Technical,False,4,False,Budget,Q4,Home,-2.21
Claims CY net,Technical,False,4,False,Budget,Q4,CHC,-1.58
Claims CY net,Technical,False,4,False,Budget,2026FY,Motor,-34.45
Claims CY net,Technical,False,4,False,Budget,2026FY,Travel,-12.37
Claims CY net,Technical,False,4,False,Budget,2026FY,Home,-9.08
Claims CY net,Technical,False,4,False,Budget,2026FY,CHC,-6.47
Claims CY net,Technical,False,4,False,Forecast1,Jan,Motor,-2.97
Claims CY net,Technical,False,4,False,Forecast1,Jan,Travel,-1.0
Claims CY net,Technical,False,4,False,Forecast1,Jan,Home,-0.71
Claims CY net,Technical,False,4,False,Forecast1,Jan,CHC,-0.52
Claims CY net,Technical,False,4,False,Forecast1,Feb,Motor,-2.89
Claims CY net,Technical,False,4,False,Forecast1,Feb,Travel,-1.03
Claims CY net,Technical,False,4,False,Forecast1,Feb,Home,-0.7
Claims CY net,Technical,False,4,False,Forecast1,Feb,CHC,-0.53
Claims CY net,Technical,False,4,False,Forecast1,Mar,Motor,-3.23
Claims CY net,Technical,False,4,False,Forecast1,Mar,Travel,-1.13
Claims CY net,Technical,False,4,False,Forecast1,Mar,Home,-0.8
Claims CY net,Technical,False,4,False,Forecast1,Mar,CHC,-0.57
Claims CY net,Technical,False,4,False,Forecast1,Q1,Motor,-9.16
Claims CY net,Technical,False,4,False,Forecast1,Q1,Travel,-3.16
Claims CY net,Technical,False,4,False,Forecast1,Q1,Home,-2.2
Claims CY net,Technical,False,4,False,Forecast1,Q1,CHC,-1.58
Claims CY net,Technical,False,4,False,Forecast1,Apr,Motor,-2.87
Claims CY net,Technical,False,4,False,Forecast1,Apr,Travel,-1.04
Claims CY net,Technical,False,4,False,Forecast1,Apr,Home,-0.72
Claims CY net,Technical,False,4,False,Forecast1,Apr,CHC,-0.5
Claims CY net,Technical,False,4,False,Forecast1,May,Motor,-2.87
Claims CY net,Technical,False,4,False,Forecast1,May,Travel,-1.0
Claims CY net,Technical,False,4,False,Forecast1,May,Home,-0.68
Claims CY net,Technical,False,4,False,Forecast1,May,CHC,-0.52
Claims CY net,Technical,False,4,False,Forecast1,Jun,Motor,-3.23
Claims CY net,Technical,False,4,False,Forecast1,Jun,Travel,-1.15
Claims CY net,Technical,False,4,False,Forecast1,Jun,Home,-0.84
Claims CY net,Technical,False,4,False,Forecast1,Jun,CHC,-0.6
Claims CY net,Technical,False,4,False,Forecast1,Q2,Motor,-8.97
Claims CY net,Technical,False,4,False,Forecast1,Q2,Travel,-3.09
Claims CY net,Technical,False,4,False,Forecast1,Q2,Home,-2.37
Claims CY net,Technical,False,4,False,Forecast1,Q2,CHC,-1.62
Claims CY net,Technical,False,4,False,Forecast1,H1,Motor,-18.03
Claims CY net,Technical,False,4,False,Forecast1,H1,Travel,-6.31
Claims CY net,Technical,False,4,False,Forecast1,H1,Home,-4.52
Claims CY net,Technical,False,4,False,Forecast1,H1,CHC,-3.24
Claims CY net,Technical,False,4,False,Forecast1,Q3,Motor,-8.91
Claims CY net,Technical,False,4,False,Forecast1,Q3,Travel,-3.12
Claims CY net,Technical,False,4,False,Forecast1,Q3,Home,-2.25
Claims CY net,Technical,False,4,False,Forecast1,Q3,CHC,-1.61
Claims CY net,Technical,False,4,False,Forecast1,Q4,Motor,-8.89
Claims CY net,Technical,False,4,False,Forecast1,Q4,Travel,-3.16
Claims CY net,Technical,False,4,False,Forecast1,Q4,Home,-2.24
Claims CY net,Technical,False,4,False,Forecast1,Q4,CHC,-1.67
Claims CY net,Technical,False,4,False,Forecast1,2026FY,Motor,-34.19
Claims CY net,Technical,False,4,False,Forecast1,2026FY,Travel,-12.88
Claims CY net,Technical,False,4,False,Forecast1,2026FY,Home,-9.23
Claims CY net,Technical,False,4,False,Forecast1,2026FY,CHC,-6.23
Claims CY net,Technical,False,4,False,Forecast2,Jan,Motor,-2.92
Claims CY net,Technical,False,4,False,Forecast2,Jan,Travel,-1.02
Claims CY net,Technical,False,4,False,Forecast2,Jan,Home,-0.72
Claims CY net,Technical,False,4,False,Forecast2,Jan,CHC,-0.52
Claims CY net,Technical,False,4,False,Forecast2,Feb,Motor,-2.88
Claims CY net,Technical,False,4,False,Forecast2,Feb,Travel,-1.06
Claims CY net,Technical,False,4,False,Forecast2,Feb,Home,-0.75
Claims CY net,Technical,False,4,False,Forecast2,Feb,CHC,-0.54
Claims CY net,Technical,False,4,False,Forecast2,Mar,Motor,-3.35
Claims CY net,Technical,False,4,False,Forecast2,Mar,Travel,-1.13
Claims CY net,Technical,False,4,False,Forecast2,Mar,Home,-0.82
Claims CY net,Technical,False,4,False,Forecast2,Mar,CHC,-0.6
Claims CY net,Technical,False,4,False,Forecast2,Q1,Motor,-8.97
Claims CY net,Technical,False,4,False,Forecast2,Q1,Travel,-3.26
Claims CY net,Technical,False,4,False,Forecast2,Q1,Home,-2.29
Claims CY net,Technical,False,4,False,Forecast2,Q1,CHC,-1.64
Claims CY net,Technical,False,4,False,Forecast2,Apr,Motor,-2.98
Claims CY net,Technical,False,4,False,Forecast2,Apr,Travel,-1.04
Claims CY net,Technical,False,4,False,Forecast2,Apr,Home,-0.73
Claims CY net,Technical,False,4,False,Forecast2,Apr,CHC,-0.54
Claims CY net,Technical,False,4,False,Forecast2,May,Motor,-2.88
Claims CY net,Technical,False,4,False,Forecast2,May,Travel,-1.04
Claims CY net,Technical,False,4,False,Forecast2,May,Home,-0.74
Claims CY net,Technical,False,4,False,Forecast2,May,CHC,-0.53
Claims CY net,Technical,False,4,False,Forecast2,Jun,Motor,-3.33
Claims CY net,Technical,False,4,False,Forecast2,Jun,Travel,-1.13
Claims CY net,Technical,False,4,False,Forecast2,Jun,Home,-0.84
Claims CY net,Technical,False,4,False,Forecast2,Jun,CHC,-0.59
Claims CY net,Technical,False,4,False,Forecast2,Q2,Motor,-9.1
Claims CY net,Technical,False,4,False,Forecast2,Q2,Travel,-3.28
Claims CY net,Technical,False,4,False,Forecast2,Q2,Home,-2.27
Claims CY net,Technical,False,4,False,Forecast2,Q2,CHC,-1.61
Claims CY net,Technical,False,4,False,Forecast2,H1,Motor,-17.83
Claims CY net,Technical,False,4,False,Forecast2,H1,Travel,-6.51
Claims CY net,Technical,False,4,False,Forecast2,H1,Home,-4.48
Claims CY net,Technical,False,4,False,Forecast2,H1,CHC,-3.42
Claims CY net,Technical,False,4,False,Forecast2,Q3,Motor,-8.82
Claims CY net,Technical,False,4,False,Forecast2,Q3,Travel,-3.32
Claims CY net,Technical,False,4,False,Forecast2,Q3,Home,-2.31
Claims CY net,Technical,False,4,False,Forecast2,Q3,CHC,-1.65
Claims CY net,Technical,False,4,False,Forecast2,Q4,Motor,-9.09
Claims CY net,Technical,False,4,False,Forecast2,Q4,Travel,-3.24
Claims CY net,Technical,False,4,False,Forecast2,Q4,Home,-2.3
Claims CY net,Technical,False,4,False,Forecast2,Q4,CHC,-1.69
Claims CY net,Technical,False,4,False,Forecast2,2026FY,Motor,-36.83
Claims CY net,Technical,False,4,False,Forecast2,2026FY,Travel,-12.9
Claims CY net,Technical,False,4,False,Forecast2,2026FY,Home,-9.12
Claims CY net,Technical,False,4,False,Forecast2,2026FY,CHC,-6.61
Claims CY net,Technical,False,4,False,Actuals,Jan,Motor,-3.01
Claims CY net,Technical,False,4,False,Actuals,Jan,Travel,-1.02
Claims CY net,Technical,False,4,False,Actuals,Jan,Home,-0.73
Claims CY net,Technical,False,4,False,Actuals,Jan,CHC,-0.55
Claims CY net,Technical,False,4,False,Actuals,Feb,Motor,-3.01
Claims CY net,Technical,False,4,False,Actuals,Feb,Travel,-1.04
Claims CY net,Technical,False,4,False,Actuals,Feb,Home,-0.75
Claims CY net,Technical,False,4,False,Actuals,Feb,CHC,-0.54
Claims CY net,Technical,False,4,False,Actuals,Mar,Motor,-3.34
Claims CY net,Technical,False,4,False,Actuals,Mar,Travel,-1.16
Claims CY net,Technical,False,4,False,Actuals,Mar,Home,-0.85
Claims CY net,Technical,False,4,False,Actuals,Mar,CHC,-0.6
Claims CY net,Technical,False,4,False,Actuals,Q1,Motor,-9.43
Claims CY net,Technical,False,4,False,Actuals,Q1,Travel,-3.17
Claims CY net,Technical,False,4,False,Actuals,Q1,Home,-2.39
Claims CY net,Technical,False,4,False,Actuals,Q1,CHC,-1.7
Claims CY net,Technical,False,4,False,Actuals,Apr,Motor,-3.01
Claims CY net,Technical,False,4,False,Actuals,Apr,Travel,-1.07
Claims CY net,Technical,False,4,False,Actuals,Apr,Home,-0.77
Claims CY net,Technical,False,4,False,Actuals,Apr,CHC,-0.55
Claims CY net,Technical,False,4,False,Actuals,May,Motor,-2.89
Claims CY net,Technical,False,4,False,Actuals,May,Travel,-1.02
Claims CY net,Technical,False,4,False,Actuals,May,Home,-0.74
Claims CY net,Technical,False,4,False,Actuals,May,CHC,-0.54
Claims CY net,Technical,False,4,False,Actuals,Jun,Motor,-3.4
Claims CY net,Technical,False,4,False,Actuals,Jun,Travel,-1.16
Claims CY net,Technical,False,4,False,Actuals,Jun,Home,-0.85
Claims CY net,Technical,False,4,False,Actuals,Jun,CHC,-0.6
Claims CY net,Technical,False,4,False,Actuals,Q2,Motor,-9.26
Claims CY net,Technical,False,4,False,Actuals,Q2,Travel,-3.19
Claims CY net,Technical,False,4,False,Actuals,Q2,Home,-2.3
Claims CY net,Technical,False,4,False,Actuals,Q2,CHC,-1.64
Claims CY net,Technical,False,4,False,Actuals,H1,Motor,-18.38
Claims CY net,Technical,False,4,False,Actuals,H1,Travel,-6.68
Claims CY net,Technical,False,4,False,Actuals,H1,Home,-4.6
Claims CY net,Technical,False,4,False,Actuals,H1,CHC,-3.54
Claims CY net,Technical,False,4,False,Actuals,Q3,Motor,-9.45
Claims CY net,Technical,False,4,False,Actuals,Q3,Travel,-3.29
Claims CY net,Technical,False,4,False,Actuals,Q3,Home,-2.3
Claims CY net,Technical,False,4,False,Actuals,Q3,CHC,-1.71
Claims CY net,Technical,False,4,False,Actuals,Q4,Motor,-9.26
Claims CY net,Technical,False,4,False,Actuals,Q4,Travel,-3.28
Claims CY net,Technical,False,4,False,Actuals,Q4,Home,-2.45
Claims CY net,Technical,False,4,False,Actuals,Q4,CHC,-1.68
Claims CY net,Technical,False,4,False,Actuals,2026FY,Motor,-38.25
Claims CY net,Technical,False,4,False,Actuals,2026FY,Travel,-12.94
Claims CY net,Technical,False,4,False,Actuals,2026FY,Home,-9.36
Claims CY net,Technical,False,4,False,Actuals,2026FY,CHC,-6.96
o/w Claims CY,Technical,False,5,False,Budget,Jan,Motor,-2.73
o/w Claims CY,Technical,False,5,False,Budget,Jan,Travel,-1.0
o/w Claims CY,Technical,False,5,False,Budget,Jan,Home,-0.7
o/w Claims CY,Technical,False,5,False,Budget,Jan,CHC,-0.49
o/w Claims CY,Technical,False,5,False,Budget,Feb,Motor,-2.79
o/w Claims CY,Technical,False,5,False,Budget,Feb,Travel,-0.98
o/w Claims CY,Technical,False,5,False,Budget,Feb,Home,-0.7
o/w Claims CY,Technical,False,5,False,Budget,Feb,CHC,-0.48
o/w Claims CY,Technical,False,5,False,Budget,Mar,Motor,-3.06
o/w Claims CY,Technical,False,5,False,Budget,Mar,Travel,-1.08
o/w Claims CY,Technical,False,5,False,Budget,Mar,Home,-0.78
o/w Claims CY,Technical,False,5,False,Budget,Mar,CHC,-0.57
o/w Claims CY,Technical,False,5,False,Budget,Q1,Motor,-8.66
o/w Claims CY,Technical,False,5,False,Budget,Q1,Travel,-2.94
o/w Claims CY,Technical,False,5,False,Budget,Q1,Home,-2.17
o/w Claims CY,Technical,False,5,False,Budget,Q1,CHC,-1.57
o/w Claims CY,Technical,False,5,False,Budget,Apr,Motor,-2.79
o/w Claims CY,Technical,False,5,False,Budget,Apr,Travel,-0.99
o/w Claims CY,Technical,False,5,False,Budget,Apr,Home,-0.7
o/w Claims CY,Technical,False,5,False,Budget,Apr,CHC,-0.5
o/w Claims CY,Technical,False,5,False,Budget,May,Motor,-2.76
o/w Claims CY,Technical,False,5,False,Budget,May,Travel,-0.93
o/w Claims CY,Technical,False,5,False,Budget,May,Home,-0.7
o/w Claims CY,Technical,False,5,False,Budget,May,CHC,-0.5
o/w Claims CY,Technical,False,5,False,Budget,Jun,Motor,-3.12
o/w Claims CY,Technical,False,5,False,Budget,Jun,Travel,-1.06
o/w Claims CY,Technical,False,5,False,Budget,Jun,Home,-0.76
o/w Claims CY,Technical,False,5,False,Budget,Jun,CHC,-0.57
o/w Claims CY,Technical,False,5,False,Budget,Q2,Motor,-8.62
o/w Claims CY,Technical,False,5,False,Budget,Q2,Travel,-3.06
o/w Claims CY,Technical,False,5,False,Budget,Q2,Home,-2.16
o/w Claims CY,Technical,False,5,False,Budget,Q2,CHC,-1.55
o/w Claims CY,Technical,False,5,False,Budget,H1,Motor,-17.57
o/w Claims CY,Technical,False,5,False,Budget,H1,Travel,-5.98
o/w Claims CY,Technical,False,5,False,Budget,H1,Home,-4.32
o/w Claims CY,Technical,False,5,False,Budget,H1,CHC,-3.08
o/w Claims CY,Technical,False,5,False,Budget,Q3,Motor,-8.55
o/w Claims CY,Technical,False,5,False,Budget,Q3,Travel,-3.0
o/w Claims CY,Technical,False,5,False,Budget,Q3,Home,-2.17
o/w Claims CY,Technical,False,5,False,Budget,Q3,CHC,-1.54
o/w Claims CY,Technical,False,5,False,Budget,Q4,Motor,-8.84
o/w Claims CY,Technical,False,5,False,Budget,Q4,Travel,-2.96
o/w Claims CY,Technical,False,5,False,Budget,Q4,Home,-2.15
o/w Claims CY,Technical,False,5,False,Budget,Q4,CHC,-1.54
o/w Claims CY,Technical,False,5,False,Budget,2026FY,Motor,-35.5
o/w Claims CY,Technical,False,5,False,Budget,2026FY,Travel,-12.12
o/w Claims CY,Technical,False,5,False,Budget,2026FY,Home,-8.8
o/w Claims CY,Technical,False,5,False,Budget,2026FY,CHC,-6.03
o/w Claims CY,Technical,False,5,False,Forecast1,Jan,Motor,-2.86
o/w Claims CY,Technical,False,5,False,Forecast1,Jan,Travel,-1.01
o/w Claims CY,Technical,False,5,False,Forecast1,Jan,Home,-0.71
o/w Claims CY,Technical,False,5,False,Forecast1,Jan,CHC,-0.52
o/w Claims CY,Technical,False,5,False,Forecast1,Feb,Motor,-2.81
o/w Claims CY,Technical,False,5,False,Forecast1,Feb,Travel,-1.02
o/w Claims CY,Technical,False,5,False,Forecast1,Feb,Home,-0.74
o/w Claims CY,Technical,False,5,False,Forecast1,Feb,CHC,-0.51
o/w Claims CY,Technical,False,5,False,Forecast1,Mar,Motor,-3.17
o/w Claims CY,Technical,False,5,False,Forecast1,Mar,Travel,-1.15
o/w Claims CY,Technical,False,5,False,Forecast1,Mar,Home,-0.82
o/w Claims CY,Technical,False,5,False,Forecast1,Mar,CHC,-0.57
o/w Claims CY,Technical,False,5,False,Forecast1,Q1,Motor,-8.81
o/w Claims CY,Technical,False,5,False,Forecast1,Q1,Travel,-3.09
o/w Claims CY,Technical,False,5,False,Forecast1,Q1,Home,-2.16
o/w Claims CY,Technical,False,5,False,Forecast1,Q1,CHC,-1.57
o/w Claims CY,Technical,False,5,False,Forecast1,Apr,Motor,-2.79
o/w Claims CY,Technical,False,5,False,Forecast1,Apr,Travel,-0.98
o/w Claims CY,Technical,False,5,False,Forecast1,Apr,Home,-0.71
o/w Claims CY,Technical,False,5,False,Forecast1,Apr,CHC,-0.51
o/w Claims CY,Technical,False,5,False,Forecast1,May,Motor,-2.93
o/w Claims CY,Technical,False,5,False,Forecast1,May,Travel,-0.98
o/w Claims CY,Technical,False,5,False,Forecast1,May,Home,-0.72
o/w Claims CY,Technical,False,5,False,Forecast1,May,CHC,-0.51
o/w Claims CY,Technical,False,5,False,Forecast1,Jun,Motor,-3.2
o/w Claims CY,Technical,False,5,False,Forecast1,Jun,Travel,-1.13
o/w Claims CY,Technical,False,5,False,Forecast1,Jun,Home,-0.78
o/w Claims CY,Technical,False,5,False,Forecast1,Jun,CHC,-0.58
o/w Claims CY,Technical,False,5,False,Forecast1,Q2,Motor,-8.91
o/w Claims CY,Technical,False,5,False,Forecast1,Q2,Travel,-3.14
o/w Claims CY,Technical,False,5,False,Forecast1,Q2,Home,-2.23
o/w Claims CY,Technical,False,5,False,Forecast1,Q2,CHC,-1.68
o/w Claims CY,Technical,False,5,False,Forecast1,H1,Motor,-17.55
o/w Claims CY,Technical,False,5,False,Forecast1,H1,Travel,-6.15
o/w Claims CY,Technical,False,5,False,Forecast1,H1,Home,-4.39
o/w Claims CY,Technical,False,5,False,Forecast1,H1,CHC,-3.16
o/w Claims CY,Technical,False,5,False,Forecast1,Q3,Motor,-8.77
o/w Claims CY,Technical,False,5,False,Forecast1,Q3,Travel,-3.18
o/w Claims CY,Technical,False,5,False,Forecast1,Q3,Home,-2.28
o/w Claims CY,Technical,False,5,False,Forecast1,Q3,CHC,-1.58
o/w Claims CY,Technical,False,5,False,Forecast1,Q4,Motor,-8.74
o/w Claims CY,Technical,False,5,False,Forecast1,Q4,Travel,-3.14
o/w Claims CY,Technical,False,5,False,Forecast1,Q4,Home,-2.2
o/w Claims CY,Technical,False,5,False,Forecast1,Q4,CHC,-1.62
o/w Claims CY,Technical,False,5,False,Forecast1,2026FY,Motor,-35.68
o/w Claims CY,Technical,False,5,False,Forecast1,2026FY,Travel,-12.07
o/w Claims CY,Technical,False,5,False,Forecast1,2026FY,Home,-9.15
o/w Claims CY,Technical,False,5,False,Forecast1,2026FY,CHC,-6.62
o/w Claims CY,Technical,False,5,False,Forecast2,Jan,Motor,-2.86
o/w Claims CY,Technical,False,5,False,Forecast2,Jan,Travel,-1.01
o/w Claims CY,Technical,False,5,False,Forecast2,Jan,Home,-0.73
o/w Claims CY,Technical,False,5,False,Forecast2,Jan,CHC,-0.52
o/w Claims CY,Technical,False,5,False,Forecast2,Feb,Motor,-2.93
o/w Claims CY,Technical,False,5,False,Forecast2,Feb,Travel,-1.05
o/w Claims CY,Technical,False,5,False,Forecast2,Feb,Home,-0.72
o/w Claims CY,Technical,False,5,False,Forecast2,Feb,CHC,-0.51
o/w Claims CY,Technical,False,5,False,Forecast2,Mar,Motor,-3.17
o/w Claims CY,Technical,False,5,False,Forecast2,Mar,Travel,-1.13
o/w Claims CY,Technical,False,5,False,Forecast2,Mar,Home,-0.81
o/w Claims CY,Technical,False,5,False,Forecast2,Mar,CHC,-0.61
o/w Claims CY,Technical,False,5,False,Forecast2,Q1,Motor,-8.97
o/w Claims CY,Technical,False,5,False,Forecast2,Q1,Travel,-3.18
o/w Claims CY,Technical,False,5,False,Forecast2,Q1,Home,-2.26
o/w Claims CY,Technical,False,5,False,Forecast2,Q1,CHC,-1.67
o/w Claims CY,Technical,False,5,False,Forecast2,Apr,Motor,-3.04
o/w Claims CY,Technical,False,5,False,Forecast2,Apr,Travel,-1.0
o/w Claims CY,Technical,False,5,False,Forecast2,Apr,Home,-0.72
o/w Claims CY,Technical,False,5,False,Forecast2,Apr,CHC,-0.53
o/w Claims CY,Technical,False,5,False,Forecast2,May,Motor,-2.94
o/w Claims CY,Technical,False,5,False,Forecast2,May,Travel,-1.05
o/w Claims CY,Technical,False,5,False,Forecast2,May,Home,-0.73
o/w Claims CY,Technical,False,5,False,Forecast2,May,CHC,-0.52
o/w Claims CY,Technical,False,5,False,Forecast2,Jun,Motor,-3.3
o/w Claims CY,Technical,False,5,False,Forecast2,Jun,Travel,-1.17
o/w Claims CY,Technical,False,5,False,Forecast2,Jun,Home,-0.83
o/w Claims CY,Technical,False,5,False,Forecast2,Jun,CHC,-0.59
o/w Claims CY,Technical,False,5,False,Forecast2,Q2,Motor,-9.24
o/w Claims CY,Technical,False,5,False,Forecast2,Q2,Travel,-3.24
o/w Claims CY,Technical,False,5,False,Forecast2,Q2,Home,-2.32
o/w Claims CY,Technical,False,5,False,Forecast2,Q2,CHC,-1.65
o/w Claims CY,Technical,False,5,False,Forecast2,H1,Motor,-18.05
o/w Claims CY,Technical,False,5,False,Forecast2,H1,Travel,-6.36
o/w Claims CY,Technical,False,5,False,Forecast2,H1,Home,-4.63
o/w Claims CY,Technical,False,5,False,Forecast2,H1,CHC,-3.21
o/w Claims CY,Technical,False,5,False,Forecast2,Q3,Motor,-9.12
o/w Claims CY,Technical,False,5,False,Forecast2,Q3,Travel,-3.15
o/w Claims CY,Technical,False,5,False,Forecast2,Q3,Home,-2.27
o/w Claims CY,Technical,False,5,False,Forecast2,Q3,CHC,-1.67
o/w Claims CY,Technical,False,5,False,Forecast2,Q4,Motor,-9.09
o/w Claims CY,Technical,False,5,False,Forecast2,Q4,Travel,-3.17
o/w Claims CY,Technical,False,5,False,Forecast2,Q4,Home,-2.21
o/w Claims CY,Technical,False,5,False,Forecast2,Q4,CHC,-1.65
o/w Claims CY,Technical,False,5,False,Forecast2,2026FY,Motor,-36.67
o/w Claims CY,Technical,False,5,False,Forecast2,2026FY,Travel,-13.2
o/w Claims CY,Technical,False,5,False,Forecast2,2026FY,Home,-9.0
o/w Claims CY,Technical,False,5,False,Forecast2,2026FY,CHC,-6.55
o/w Claims CY,Technical,False,5,False,Actuals,Jan,Motor,-2.97
o/w Claims CY,Technical,False,5,False,Actuals,Jan,Travel,-1.06
o/w Claims CY,Technical,False,5,False,Actuals,Jan,Home,-0.74
o/w Claims CY,Technical,False,5,False,Actuals,Jan,CHC,-0.53
o/w Claims CY,Technical,False,5,False,Actuals,Feb,Motor,-2.99
o/w Claims CY,Technical,False,5,False,Actuals,Feb,Travel,-1.04
o/w Claims CY,Technical,False,5,False,Actuals,Feb,Home,-0.73
o/w Claims CY,Technical,False,5,False,Actuals,Feb,CHC,-0.53
o/w Claims CY,Technical,False,5,False,Actuals,Mar,Motor,-3.39
o/w Claims CY,Technical,False,5,False,Actuals,Mar,Travel,-1.14
o/w Claims CY,Technical,False,5,False,Actuals,Mar,Home,-0.83
o/w Claims CY,Technical,False,5,False,Actuals,Mar,CHC,-0.59
o/w Claims CY,Technical,False,5,False,Actuals,Q1,Motor,-9.43
o/w Claims CY,Technical,False,5,False,Actuals,Q1,Travel,-3.14
o/w Claims CY,Technical,False,5,False,Actuals,Q1,Home,-2.28
o/w Claims CY,Technical,False,5,False,Actuals,Q1,CHC,-1.67
o/w Claims CY,Technical,False,5,False,Actuals,Apr,Motor,-3.04
o/w Claims CY,Technical,False,5,False,Actuals,Apr,Travel,-1.03
o/w Claims CY,Technical,False,5,False,Actuals,Apr,Home,-0.73
o/w Claims CY,Technical,False,5,False,Actuals,Apr,CHC,-0.55
o/w Claims CY,Technical,False,5,False,Actuals,May,Motor,-2.87
o/w Claims CY,Technical,False,5,False,Actuals,May,Travel,-0.99
o/w Claims CY,Technical,False,5,False,Actuals,May,Home,-0.74
o/w Claims CY,Technical,False,5,False,Actuals,May,CHC,-0.53
o/w Claims CY,Technical,False,5,False,Actuals,Jun,Motor,-3.26
o/w Claims CY,Technical,False,5,False,Actuals,Jun,Travel,-1.18
o/w Claims CY,Technical,False,5,False,Actuals,Jun,Home,-0.83
o/w Claims CY,Technical,False,5,False,Actuals,Jun,CHC,-0.59
o/w Claims CY,Technical,False,5,False,Actuals,Q2,Motor,-9.01
o/w Claims CY,Technical,False,5,False,Actuals,Q2,Travel,-3.28
o/w Claims CY,Technical,False,5,False,Actuals,Q2,Home,-2.34
o/w Claims CY,Technical,False,5,False,Actuals,Q2,CHC,-1.66
o/w Claims CY,Technical,False,5,False,Actuals,H1,Motor,-19.09
o/w Claims CY,Technical,False,5,False,Actuals,H1,Travel,-6.33
o/w Claims CY,Technical,False,5,False,Actuals,H1,Home,-4.48
o/w Claims CY,Technical,False,5,False,Actuals,H1,CHC,-3.28
o/w Claims CY,Technical,False,5,False,Actuals,Q3,Motor,-9.22
o/w Claims CY,Technical,False,5,False,Actuals,Q3,Travel,-3.24
o/w Claims CY,Technical,False,5,False,Actuals,Q3,Home,-2.3
o/w Claims CY,Technical,False,5,False,Actuals,Q3,CHC,-1.67
o/w Claims CY,Technical,False,5,False,Actuals,Q4,Motor,-9.01
o/w Claims CY,Technical,False,5,False,Actuals,Q4,Travel,-3.32
o/w Claims CY,Technical,False,5,False,Actuals,Q4,Home,-2.3
o/w Claims CY,Technical,False,5,False,Actuals,Q4,CHC,-1.7
o/w Claims CY,Technical,False,5,False,Actuals,2026FY,Motor,-37.15
o/w Claims CY,Technical,False,5,False,Actuals,2026FY,Travel,-13.03
o/w Claims CY,Technical,False,5,False,Actuals,2026FY,Home,-9.33
o/w Claims CY,Technical,False,5,False,Actuals,2026FY,CHC,-6.7
o/w Reins. result CY,Technical,False,6,False,Budget,Jan,Motor,-0.02
o/w Reins. result CY,Technical,False,6,False,Budget,Jan,Travel,-0.01
o/w Reins. result CY,Technical,False,6,False,Budget,Jan,Home,-0.01
o/w Reins. result CY,Technical,False,6,False,Budget,Jan,CHC,-0.0
o/w Reins. result CY,Technical,False,6,False,Budget,Feb,Motor,-0.02
o/w Reins. result CY,Technical,False,6,False,Budget,Feb,Travel,-0.01
o/w Reins. result CY,Technical,False,6,False,Budget,Feb,Home,-0.01
o/w Reins. result CY,Technical,False,6,False,Budget,Feb,CHC,-0.0
o/w Reins. result CY,Technical,False,6,False,Budget,Mar,Motor,-0.03
o/w Reins. result CY,Technical,False,6,False,Budget,Mar,Travel,-0.01
o/w Reins. result CY,Technical,False,6,False,Budget,Mar,Home,-0.01
o/w Reins. result CY,Technical,False,6,False,Budget,Mar,CHC,-0.0
o/w Reins. result CY,Technical,False,6,False,Budget,Q1,Motor,-0.08
o/w Reins. result CY,Technical,False,6,False,Budget,Q1,Travel,-0.03
o/w Reins. result CY,Technical,False,6,False,Budget,Q1,Home,-0.02
o/w Reins. result CY,Technical,False,6,False,Budget,Q1,CHC,-0.01
o/w Reins. result CY,Technical,False,6,False,Budget,Apr,Motor,-0.02
o/w Reins. result CY,Technical,False,6,False,Budget,Apr,Travel,-0.01
o/w Reins. result CY,Technical,False,6,False,Budget,Apr,Home,-0.01
o/w Reins. result CY,Technical,False,6,False,Budget,Apr,CHC,-0.0
o/w Reins. result CY,Technical,False,6,False,Budget,May,Motor,-0.02
o/w Reins. result CY,Technical,False,6,False,Budget,May,Travel,-0.01
o/w Reins. result CY,Technical,False,6,False,Budget,May,Home,-0.01
o/w Reins. result CY,Technical,False,6,False,Budget,May,CHC,-0.0
o/w Reins. result CY,Technical,False,6,False,Budget,Jun,Motor,-0.03
o/w Reins. result CY,Technical,False,6,False,Budget,Jun,Travel,-0.01
o/w Reins. result CY,Technical,False,6,False,Budget,Jun,Home,-0.01
o/w Reins. result CY,Technical,False,6,False,Budget,Jun,CHC,-0.0
o/w Reins. result CY,Technical,False,6,False,Budget,Q2,Motor,-0.07
o/w Reins. result CY,Technical,False,6,False,Budget,Q2,Travel,-0.03
o/w Reins. result CY,Technical,False,6,False,Budget,Q2,Home,-0.02
o/w Reins. result CY,Technical,False,6,False,Budget,Q2,CHC,-0.01
o/w Reins. result CY,Technical,False,6,False,Budget,H1,Motor,-0.15
o/w Reins. result CY,Technical,False,6,False,Budget,H1,Travel,-0.05
o/w Reins. result CY,Technical,False,6,False,Budget,H1,Home,-0.04
o/w Reins. result CY,Technical,False,6,False,Budget,H1,CHC,-0.03
o/w Reins. result CY,Technical,False,6,False,Budget,Q3,Motor,-0.08
o/w Reins. result CY,Technical,False,6,False,Budget,Q3,Travel,-0.03
o/w Reins. result CY,Technical,False,6,False,Budget,Q3,Home,-0.02
o/w Reins. result CY,Technical,False,6,False,Budget,Q3,CHC,-0.01
o/w Reins. result CY,Technical,False,6,False,Budget,Q4,Motor,-0.08
o/w Reins. result CY,Technical,False,6,False,Budget,Q4,Travel,-0.03
o/w Reins. result CY,Technical,False,6,False,Budget,Q4,Home,-0.02
o/w Reins. result CY,Technical,False,6,False,Budget,Q4,CHC,-0.01
o/w Reins. result CY,Technical,False,6,False,Budget,2026FY,Motor,-0.3
o/w Reins. result CY,Technical,False,6,False,Budget,2026FY,Travel,-0.11
o/w Reins. result CY,Technical,False,6,False,Budget,2026FY,Home,-0.08
o/w Reins. result CY,Technical,False,6,False,Budget,2026FY,CHC,-0.05
o/w Reins. result CY,Technical,False,6,False,Forecast1,Jan,Motor,-0.03
o/w Reins. result CY,Technical,False,6,False,Forecast1,Jan,Travel,-0.01
o/w Reins. result CY,Technical,False,6,False,Forecast1,Jan,Home,-0.01
o/w Reins. result CY,Technical,False,6,False,Forecast1,Jan,CHC,-0.0
o/w Reins. result CY,Technical,False,6,False,Forecast1,Feb,Motor,-0.03
o/w Reins. result CY,Technical,False,6,False,Forecast1,Feb,Travel,-0.01
o/w Reins. result CY,Technical,False,6,False,Forecast1,Feb,Home,-0.01
o/w Reins. result CY,Technical,False,6,False,Forecast1,Feb,CHC,-0.0
o/w Reins. result CY,Technical,False,6,False,Forecast1,Mar,Motor,-0.03
o/w Reins. result CY,Technical,False,6,False,Forecast1,Mar,Travel,-0.01
o/w Reins. result CY,Technical,False,6,False,Forecast1,Mar,Home,-0.01
o/w Reins. result CY,Technical,False,6,False,Forecast1,Mar,CHC,-0.01
o/w Reins. result CY,Technical,False,6,False,Forecast1,Q1,Motor,-0.08
o/w Reins. result CY,Technical,False,6,False,Forecast1,Q1,Travel,-0.03
o/w Reins. result CY,Technical,False,6,False,Forecast1,Q1,Home,-0.02
o/w Reins. result CY,Technical,False,6,False,Forecast1,Q1,CHC,-0.01
o/w Reins. result CY,Technical,False,6,False,Forecast1,Apr,Motor,-0.03
o/w Reins. result CY,Technical,False,6,False,Forecast1,Apr,Travel,-0.01
o/w Reins. result CY,Technical,False,6,False,Forecast1,Apr,Home,-0.01
o/w Reins. result CY,Technical,False,6,False,Forecast1,Apr,CHC,-0.0
o/w Reins. result CY,Technical,False,6,False,Forecast1,May,Motor,-0.03
o/w Reins. result CY,Technical,False,6,False,Forecast1,May,Travel,-0.01
o/w Reins. result CY,Technical,False,6,False,Forecast1,May,Home,-0.01
o/w Reins. result CY,Technical,False,6,False,Forecast1,May,CHC,-0.0
o/w Reins. result CY,Technical,False,6,False,Forecast1,Jun,Motor,-0.03
o/w Reins. result CY,Technical,False,6,False,Forecast1,Jun,Travel,-0.01
o/w Reins. result CY,Technical,False,6,False,Forecast1,Jun,Home,-0.01
o/w Reins. result CY,Technical,False,6,False,Forecast1,Jun,CHC,-0.01
o/w Reins. result CY,Technical,False,6,False,Forecast1,Q2,Motor,-0.08
o/w Reins. result CY,Technical,False,6,False,Forecast1,Q2,Travel,-0.03
o/w Reins. result CY,Technical,False,6,False,Forecast1,Q2,Home,-0.02
o/w Reins. result CY,Technical,False,6,False,Forecast1,Q2,CHC,-0.01
o/w Reins. result CY,Technical,False,6,False,Forecast1,H1,Motor,-0.16
o/w Reins. result CY,Technical,False,6,False,Forecast1,H1,Travel,-0.05
o/w Reins. result CY,Technical,False,6,False,Forecast1,H1,Home,-0.04
o/w Reins. result CY,Technical,False,6,False,Forecast1,H1,CHC,-0.03
o/w Reins. result CY,Technical,False,6,False,Forecast1,Q3,Motor,-0.08
o/w Reins. result CY,Technical,False,6,False,Forecast1,Q3,Travel,-0.03
o/w Reins. result CY,Technical,False,6,False,Forecast1,Q3,Home,-0.02
o/w Reins. result CY,Technical,False,6,False,Forecast1,Q3,CHC,-0.01
o/w Reins. result CY,Technical,False,6,False,Forecast1,Q4,Motor,-0.08
o/w Reins. result CY,Technical,False,6,False,Forecast1,Q4,Travel,-0.03
o/w Reins. result CY,Technical,False,6,False,Forecast1,Q4,Home,-0.02
o/w Reins. result CY,Technical,False,6,False,Forecast1,Q4,CHC,-0.01
o/w Reins. result CY,Technical,False,6,False,Forecast1,2026FY,Motor,-0.31
o/w Reins. result CY,Technical,False,6,False,Forecast1,2026FY,Travel,-0.11
o/w Reins. result CY,Technical,False,6,False,Forecast1,2026FY,Home,-0.08
o/w Reins. result CY,Technical,False,6,False,Forecast1,2026FY,CHC,-0.05
o/w Reins. result CY,Technical,False,6,False,Forecast2,Jan,Motor,-0.03
o/w Reins. result CY,Technical,False,6,False,Forecast2,Jan,Travel,-0.01
o/w Reins. result CY,Technical,False,6,False,Forecast2,Jan,Home,-0.01
o/w Reins. result CY,Technical,False,6,False,Forecast2,Jan,CHC,-0.0
o/w Reins. result CY,Technical,False,6,False,Forecast2,Feb,Motor,-0.03
o/w Reins. result CY,Technical,False,6,False,Forecast2,Feb,Travel,-0.01
o/w Reins. result CY,Technical,False,6,False,Forecast2,Feb,Home,-0.01
o/w Reins. result CY,Technical,False,6,False,Forecast2,Feb,CHC,-0.0
o/w Reins. result CY,Technical,False,6,False,Forecast2,Mar,Motor,-0.03
o/w Reins. result CY,Technical,False,6,False,Forecast2,Mar,Travel,-0.01
o/w Reins. result CY,Technical,False,6,False,Forecast2,Mar,Home,-0.01
o/w Reins. result CY,Technical,False,6,False,Forecast2,Mar,CHC,-0.01
o/w Reins. result CY,Technical,False,6,False,Forecast2,Q1,Motor,-0.08
o/w Reins. result CY,Technical,False,6,False,Forecast2,Q1,Travel,-0.03
o/w Reins. result CY,Technical,False,6,False,Forecast2,Q1,Home,-0.02
o/w Reins. result CY,Technical,False,6,False,Forecast2,Q1,CHC,-0.01
o/w Reins. result CY,Technical,False,6,False,Forecast2,Apr,Motor,-0.03
o/w Reins. result CY,Technical,False,6,False,Forecast2,Apr,Travel,-0.01
o/w Reins. result CY,Technical,False,6,False,Forecast2,Apr,Home,-0.01
o/w Reins. result CY,Technical,False,6,False,Forecast2,Apr,CHC,-0.0
o/w Reins. result CY,Technical,False,6,False,Forecast2,May,Motor,-0.02
o/w Reins. result CY,Technical,False,6,False,Forecast2,May,Travel,-0.01
o/w Reins. result CY,Technical,False,6,False,Forecast2,May,Home,-0.01
o/w Reins. result CY,Technical,False,6,False,Forecast2,May,CHC,-0.0
o/w Reins. result CY,Technical,False,6,False,Forecast2,Jun,Motor,-0.03
o/w Reins. result CY,Technical,False,6,False,Forecast2,Jun,Travel,-0.01
o/w Reins. result CY,Technical,False,6,False,Forecast2,Jun,Home,-0.01
o/w Reins. result CY,Technical,False,6,False,Forecast2,Jun,CHC,-0.01
o/w Reins. result CY,Technical,False,6,False,Forecast2,Q2,Motor,-0.08
o/w Reins. result CY,Technical,False,6,False,Forecast2,Q2,Travel,-0.03
o/w Reins. result CY,Technical,False,6,False,Forecast2,Q2,Home,-0.02
o/w Reins. result CY,Technical,False,6,False,Forecast2,Q2,CHC,-0.01
o/w Reins. result CY,Technical,False,6,False,Forecast2,H1,Motor,-0.16
o/w Reins. result CY,Technical,False,6,False,Forecast2,H1,Travel,-0.05
o/w Reins. result CY,Technical,False,6,False,Forecast2,H1,Home,-0.04
o/w Reins. result CY,Technical,False,6,False,Forecast2,H1,CHC,-0.03
o/w Reins. result CY,Technical,False,6,False,Forecast2,Q3,Motor,-0.08
o/w Reins. result CY,Technical,False,6,False,Forecast2,Q3,Travel,-0.03
o/w Reins. result CY,Technical,False,6,False,Forecast2,Q3,Home,-0.02
o/w Reins. result CY,Technical,False,6,False,Forecast2,Q3,CHC,-0.01
o/w Reins. result CY,Technical,False,6,False,Forecast2,Q4,Motor,-0.08
o/w Reins. result CY,Technical,False,6,False,Forecast2,Q4,Travel,-0.03
o/w Reins. result CY,Technical,False,6,False,Forecast2,Q4,Home,-0.02
o/w Reins. result CY,Technical,False,6,False,Forecast2,Q4,CHC,-0.01
o/w Reins. result CY,Technical,False,6,False,Forecast2,2026FY,Motor,-0.32
o/w Reins. result CY,Technical,False,6,False,Forecast2,2026FY,Travel,-0.1
o/w Reins. result CY,Technical,False,6,False,Forecast2,2026FY,Home,-0.08
o/w Reins. result CY,Technical,False,6,False,Forecast2,2026FY,CHC,-0.06
o/w Reins. result CY,Technical,False,6,False,Actuals,Jan,Motor,-0.03
o/w Reins. result CY,Technical,False,6,False,Actuals,Jan,Travel,-0.01
o/w Reins. result CY,Technical,False,6,False,Actuals,Jan,Home,-0.01
o/w Reins. result CY,Technical,False,6,False,Actuals,Jan,CHC,-0.0
o/w Reins. result CY,Technical,False,6,False,Actuals,Feb,Motor,-0.03
o/w Reins. result CY,Technical,False,6,False,Actuals,Feb,Travel,-0.01
o/w Reins. result CY,Technical,False,6,False,Actuals,Feb,Home,-0.01
o/w Reins. result CY,Technical,False,6,False,Actuals,Feb,CHC,-0.0
o/w Reins. result CY,Technical,False,6,False,Actuals,Mar,Motor,-0.03
o/w Reins. result CY,Technical,False,6,False,Actuals,Mar,Travel,-0.01
o/w Reins. result CY,Technical,False,6,False,Actuals,Mar,Home,-0.01
o/w Reins. result CY,Technical,False,6,False,Actuals,Mar,CHC,-0.01
o/w Reins. result CY,Technical,False,6,False,Actuals,Q1,Motor,-0.08
o/w Reins. result CY,Technical,False,6,False,Actuals,Q1,Travel,-0.03
o/w Reins. result CY,Technical,False,6,False,Actuals,Q1,Home,-0.02
o/w Reins. result CY,Technical,False,6,False,Actuals,Q1,CHC,-0.01
o/w Reins. result CY,Technical,False,6,False,Actuals,Apr,Motor,-0.03
o/w Reins. result CY,Technical,False,6,False,Actuals,Apr,Travel,-0.01
o/w Reins. result CY,Technical,False,6,False,Actuals,Apr,Home,-0.01
o/w Reins. result CY,Technical,False,6,False,Actuals,Apr,CHC,-0.0
o/w Reins. result CY,Technical,False,6,False,Actuals,May,Motor,-0.03
o/w Reins. result CY,Technical,False,6,False,Actuals,May,Travel,-0.01
o/w Reins. result CY,Technical,False,6,False,Actuals,May,Home,-0.01
o/w Reins. result CY,Technical,False,6,False,Actuals,May,CHC,-0.0
o/w Reins. result CY,Technical,False,6,False,Actuals,Jun,Motor,-0.03
o/w Reins. result CY,Technical,False,6,False,Actuals,Jun,Travel,-0.01
o/w Reins. result CY,Technical,False,6,False,Actuals,Jun,Home,-0.01
o/w Reins. result CY,Technical,False,6,False,Actuals,Jun,CHC,-0.01
o/w Reins. result CY,Technical,False,6,False,Actuals,Q2,Motor,-0.08
o/w Reins. result CY,Technical,False,6,False,Actuals,Q2,Travel,-0.03
o/w Reins. result CY,Technical,False,6,False,Actuals,Q2,Home,-0.02
o/w Reins. result CY,Technical,False,6,False,Actuals,Q2,CHC,-0.01
o/w Reins. result CY,Technical,False,6,False,Actuals,H1,Motor,-0.16
o/w Reins. result CY,Technical,False,6,False,Actuals,H1,Travel,-0.05
o/w Reins. result CY,Technical,False,6,False,Actuals,H1,Home,-0.04
o/w Reins. result CY,Technical,False,6,False,Actuals,H1,CHC,-0.03
o/w Reins. result CY,Technical,False,6,False,Actuals,Q3,Motor,-0.08
o/w Reins. result CY,Technical,False,6,False,Actuals,Q3,Travel,-0.03
o/w Reins. result CY,Technical,False,6,False,Actuals,Q3,Home,-0.02
o/w Reins. result CY,Technical,False,6,False,Actuals,Q3,CHC,-0.01
o/w Reins. result CY,Technical,False,6,False,Actuals,Q4,Motor,-0.08
o/w Reins. result CY,Technical,False,6,False,Actuals,Q4,Travel,-0.03
o/w Reins. result CY,Technical,False,6,False,Actuals,Q4,Home,-0.02
o/w Reins. result CY,Technical,False,6,False,Actuals,Q4,CHC,-0.01
o/w Reins. result CY,Technical,False,6,False,Actuals,2026FY,Motor,-0.33
o/w Reins. result CY,Technical,False,6,False,Actuals,2026FY,Travel,-0.11
o/w Reins. result CY,Technical,False,6,False,Actuals,2026FY,Home,-0.08
o/w Reins. result CY,Technical,False,6,False,Actuals,2026FY,CHC,-0.06
Commissions,Technical,False,7,False,Budget,Jan,Motor,-4.98
Commissions,Technical,False,7,False,Budget,Jan,Travel,-1.72
Commissions,Technical,False,7,False,Budget,Jan,Home,-1.3
Commissions,Technical,False,7,False,Budget,Jan,CHC,-0.93
Commissions,Technical,False,7,False,Budget,Feb,Motor,-4.97
Commissions,Technical,False,7,False,Budget,Feb,Travel,-1.84
Commissions,Technical,False,7,False,Budget,Feb,Home,-1.28
Commissions,Technical,False,7,False,Budget,Feb,CHC,-0.9
Commissions,Technical,False,7,False,Budget,Mar,Motor,-5.39
Commissions,Technical,False,7,False,Budget,Mar,Travel,-2.08
Commissions,Technical,False,7,False,Budget,Mar,Home,-1.38
Commissions,Technical,False,7,False,Budget,Mar,CHC,-0.99
Commissions,Technical,False,7,False,Budget,Q1,Motor,-16.07
Commissions,Technical,False,7,False,Budget,Q1,Travel,-5.78
Commissions,Technical,False,7,False,Budget,Q1,Home,-4.05
Commissions,Technical,False,7,False,Budget,Q1,CHC,-2.87
Commissions,Technical,False,7,False,Budget,Apr,Motor,-5.1
Commissions,Technical,False,7,False,Budget,Apr,Travel,-1.79
Commissions,Technical,False,7,False,Budget,Apr,Home,-1.28
Commissions,Technical,False,7,False,Budget,Apr,CHC,-0.91
Commissions,Technical,False,7,False,Budget,May,Motor,-5.05
Commissions,Technical,False,7,False,Budget,May,Travel,-1.76
Commissions,Technical,False,7,False,Budget,May,Home,-1.24
Commissions,Technical,False,7,False,Budget,May,CHC,-0.9
Commissions,Technical,False,7,False,Budget,Jun,Motor,-5.48
Commissions,Technical,False,7,False,Budget,Jun,Travel,-1.98
Commissions,Technical,False,7,False,Budget,Jun,Home,-1.39
Commissions,Technical,False,7,False,Budget,Jun,CHC,-1.0
Commissions,Technical,False,7,False,Budget,Q2,Motor,-15.81
Commissions,Technical,False,7,False,Budget,Q2,Travel,-5.67
Commissions,Technical,False,7,False,Budget,Q2,Home,-4.01
Commissions,Technical,False,7,False,Budget,Q2,CHC,-2.75
Commissions,Technical,False,7,False,Budget,H1,Motor,-30.88
Commissions,Technical,False,7,False,Budget,H1,Travel,-11.23
Commissions,Technical,False,7,False,Budget,H1,Home,-7.72
Commissions,Technical,False,7,False,Budget,H1,CHC,-5.64
Commissions,Technical,False,7,False,Budget,Q3,Motor,-15.92
Commissions,Technical,False,7,False,Budget,Q3,Travel,-5.41
Commissions,Technical,False,7,False,Budget,Q3,Home,-3.95
Commissions,Technical,False,7,False,Budget,Q3,CHC,-2.76
Commissions,Technical,False,7,False,Budget,Q4,Motor,-15.56
Commissions,Technical,False,7,False,Budget,Q4,Travel,-5.55
Commissions,Technical,False,7,False,Budget,Q4,Home,-3.81
Commissions,Technical,False,7,False,Budget,Q4,CHC,-2.86
Commissions,Technical,False,7,False,Budget,2026FY,Motor,-62.98
Commissions,Technical,False,7,False,Budget,2026FY,Travel,-22.29
Commissions,Technical,False,7,False,Budget,2026FY,Home,-15.82
Commissions,Technical,False,7,False,Budget,2026FY,CHC,-11.65
Commissions,Technical,False,7,False,Forecast1,Jan,Motor,-5.2
Commissions,Technical,False,7,False,Forecast1,Jan,Travel,-1.8
Commissions,Technical,False,7,False,Forecast1,Jan,Home,-1.3
Commissions,Technical,False,7,False,Forecast1,Jan,CHC,-0.94
Commissions,Technical,False,7,False,Forecast1,Feb,Motor,-5.2
Commissions,Technical,False,7,False,Forecast1,Feb,Travel,-1.82
Commissions,Technical,False,7,False,Forecast1,Feb,Home,-1.28
Commissions,Technical,False,7,False,Forecast1,Feb,CHC,-0.92
Commissions,Technical,False,7,False,Forecast1,Mar,Motor,-5.68
Commissions,Technical,False,7,False,Forecast1,Mar,Travel,-2.11
Commissions,Technical,False,7,False,Forecast1,Mar,Home,-1.42
Commissions,Technical,False,7,False,Forecast1,Mar,CHC,-1.04
Commissions,Technical,False,7,False,Forecast1,Q1,Motor,-16.0
Commissions,Technical,False,7,False,Forecast1,Q1,Travel,-5.78
Commissions,Technical,False,7,False,Forecast1,Q1,Home,-4.03
Commissions,Technical,False,7,False,Forecast1,Q1,CHC,-2.99
Commissions,Technical,False,7,False,Forecast1,Apr,Motor,-5.12
Commissions,Technical,False,7,False,Forecast1,Apr,Travel,-1.83
Commissions,Technical,False,7,False,Forecast1,Apr,Home,-1.28
Commissions,Technical,False,7,False,Forecast1,Apr,CHC,-0.97
Commissions,Technical,False,7,False,Forecast1,May,Motor,-5.07
Commissions,Technical,False,7,False,Forecast1,May,Travel,-1.83
Commissions,Technical,False,7,False,Forecast1,May,Home,-1.31
Commissions,Technical,False,7,False,Forecast1,May,CHC,-0.94
Commissions,Technical,False,7,False,Forecast1,Jun,Motor,-5.82
Commissions,Technical,False,7,False,Forecast1,Jun,Travel,-2.04
Commissions,Technical,False,7,False,Forecast1,Jun,Home,-1.46
Commissions,Technical,False,7,False,Forecast1,Jun,CHC,-1.05
Commissions,Technical,False,7,False,Forecast1,Q2,Motor,-16.53
Commissions,Technical,False,7,False,Forecast1,Q2,Travel,-5.92
Commissions,Technical,False,7,False,Forecast1,Q2,Home,-4.01
Commissions,Technical,False,7,False,Forecast1,Q2,CHC,-2.84
Commissions,Technical,False,7,False,Forecast1,H1,Motor,-32.39
Commissions,Technical,False,7,False,Forecast1,H1,Travel,-11.92
Commissions,Technical,False,7,False,Forecast1,H1,Home,-7.98
Commissions,Technical,False,7,False,Forecast1,H1,CHC,-6.03
Commissions,Technical,False,7,False,Forecast1,Q3,Motor,-16.75
Commissions,Technical,False,7,False,Forecast1,Q3,Travel,-5.62
Commissions,Technical,False,7,False,Forecast1,Q3,Home,-4.1
Commissions,Technical,False,7,False,Forecast1,Q3,CHC,-3.01
Commissions,Technical,False,7,False,Forecast1,Q4,Motor,-16.1
Commissions,Technical,False,7,False,Forecast1,Q4,Travel,-5.66
Commissions,Technical,False,7,False,Forecast1,Q4,Home,-4.01
Commissions,Technical,False,7,False,Forecast1,Q4,CHC,-2.86
Commissions,Technical,False,7,False,Forecast1,2026FY,Motor,-64.07
Commissions,Technical,False,7,False,Forecast1,2026FY,Travel,-22.17
Commissions,Technical,False,7,False,Forecast1,2026FY,Home,-16.23
Commissions,Technical,False,7,False,Forecast1,2026FY,CHC,-11.51
Commissions,Technical,False,7,False,Forecast2,Jan,Motor,-5.32
Commissions,Technical,False,7,False,Forecast2,Jan,Travel,-1.8
Commissions,Technical,False,7,False,Forecast2,Jan,Home,-1.33
Commissions,Technical,False,7,False,Forecast2,Jan,CHC,-0.97
Commissions,Technical,False,7,False,Forecast2,Feb,Motor,-5.09
Commissions,Technical,False,7,False,Forecast2,Feb,Travel,-1.87
Commissions,Technical,False,7,False,Forecast2,Feb,Home,-1.35
Commissions,Technical,False,7,False,Forecast2,Feb,CHC,-0.93
Commissions,Technical,False,7,False,Forecast2,Mar,Motor,-6.14
Commissions,Technical,False,7,False,Forecast2,Mar,Travel,-2.1
Commissions,Technical,False,7,False,Forecast2,Mar,Home,-1.47
Commissions,Technical,False,7,False,Forecast2,Mar,CHC,-1.07
Commissions,Technical,False,7,False,Forecast2,Q1,Motor,-16.71
Commissions,Technical,False,7,False,Forecast2,Q1,Travel,-5.8
Commissions,Technical,False,7,False,Forecast2,Q1,Home,-4.18
Commissions,Technical,False,7,False,Forecast2,Q1,CHC,-2.92
Commissions,Technical,False,7,False,Forecast2,Apr,Motor,-5.31
Commissions,Technical,False,7,False,Forecast2,Apr,Travel,-1.8
Commissions,Technical,False,7,False,Forecast2,Apr,Home,-1.32
Commissions,Technical,False,7,False,Forecast2,Apr,CHC,-0.94
Commissions,Technical,False,7,False,Forecast2,May,Motor,-5.22
Commissions,Technical,False,7,False,Forecast2,May,Travel,-1.9
Commissions,Technical,False,7,False,Forecast2,May,Home,-1.35
Commissions,Technical,False,7,False,Forecast2,May,CHC,-0.96
Commissions,Technical,False,7,False,Forecast2,Jun,Motor,-5.83
Commissions,Technical,False,7,False,Forecast2,Jun,Travel,-2.07
Commissions,Technical,False,7,False,Forecast2,Jun,Home,-1.52
Commissions,Technical,False,7,False,Forecast2,Jun,CHC,-1.07
Commissions,Technical,False,7,False,Forecast2,Q2,Motor,-17.27
Commissions,Technical,False,7,False,Forecast2,Q2,Travel,-5.83
Commissions,Technical,False,7,False,Forecast2,Q2,Home,-4.15
Commissions,Technical,False,7,False,Forecast2,Q2,CHC,-2.96
Commissions,Technical,False,7,False,Forecast2,H1,Motor,-33.16
Commissions,Technical,False,7,False,Forecast2,H1,Travel,-11.54
Commissions,Technical,False,7,False,Forecast2,H1,Home,-8.38
Commissions,Technical,False,7,False,Forecast2,H1,CHC,-6.06
Commissions,Technical,False,7,False,Forecast2,Q3,Motor,-16.29
Commissions,Technical,False,7,False,Forecast2,Q3,Travel,-5.64
Commissions,Technical,False,7,False,Forecast2,Q3,Home,-3.99
Commissions,Technical,False,7,False,Forecast2,Q3,CHC,-3.01
Commissions,Technical,False,7,False,Forecast2,Q4,Motor,-16.19
Commissions,Technical,False,7,False,Forecast2,Q4,Travel,-5.55
Commissions,Technical,False,7,False,Forecast2,Q4,Home,-4.16
Commissions,Technical,False,7,False,Forecast2,Q4,CHC,-3.12
Commissions,Technical,False,7,False,Forecast2,2026FY,Motor,-66.14
Commissions,Technical,False,7,False,Forecast2,2026FY,Travel,-23.52
Commissions,Technical,False,7,False,Forecast2,2026FY,Home,-16.56
Commissions,Technical,False,7,False,Forecast2,2026FY,CHC,-11.88
Commissions,Technical,False,7,False,Actuals,Jan,Motor,-5.49
Commissions,Technical,False,7,False,Actuals,Jan,Travel,-1.88
Commissions,Technical,False,7,False,Actuals,Jan,Home,-1.35
Commissions,Technical,False,7,False,Actuals,Jan,CHC,-0.98
Commissions,Technical,False,7,False,Actuals,Feb,Motor,-5.33
Commissions,Technical,False,7,False,Actuals,Feb,Travel,-1.92
Commissions,Technical,False,7,False,Actuals,Feb,Home,-1.34
Commissions,Technical,False,7,False,Actuals,Feb,CHC,-0.96
Commissions,Technical,False,7,False,Actuals,Mar,Motor,-6.13
Commissions,Technical,False,7,False,Actuals,Mar,Travel,-2.09
Commissions,Technical,False,7,False,Actuals,Mar,Home,-1.52
Commissions,Technical,False,7,False,Actuals,Mar,CHC,-1.09
Commissions,Technical,False,7,False,Actuals,Q1,Motor,-17.19
Commissions,Technical,False,7,False,Actuals,Q1,Travel,-5.95
Commissions,Technical,False,7,False,Actuals,Q1,Home,-4.21
Commissions,Technical,False,7,False,Actuals,Q1,CHC,-3.08
Commissions,Technical,False,7,False,Actuals,Apr,Motor,-5.53
Commissions,Technical,False,7,False,Actuals,Apr,Travel,-1.91
Commissions,Technical,False,7,False,Actuals,Apr,Home,-1.35
Commissions,Technical,False,7,False,Actuals,Apr,CHC,-0.95
Commissions,Technical,False,7,False,Actuals,May,Motor,-5.29
Commissions,Technical,False,7,False,Actuals,May,Travel,-1.88
Commissions,Technical,False,7,False,Actuals,May,Home,-1.33
Commissions,Technical,False,7,False,Actuals,May,CHC,-0.97
Commissions,Technical,False,7,False,Actuals,Jun,Motor,-6.07
Commissions,Technical,False,7,False,Actuals,Jun,Travel,-2.14
Commissions,Technical,False,7,False,Actuals,Jun,Home,-1.51
Commissions,Technical,False,7,False,Actuals,Jun,CHC,-1.1
Commissions,Technical,False,7,False,Actuals,Q2,Motor,-16.87
Commissions,Technical,False,7,False,Actuals,Q2,Travel,-5.68
Commissions,Technical,False,7,False,Actuals,Q2,Home,-4.14
Commissions,Technical,False,7,False,Actuals,Q2,CHC,-3.03
Commissions,Technical,False,7,False,Actuals,H1,Motor,-32.94
Commissions,Technical,False,7,False,Actuals,H1,Travel,-11.93
Commissions,Technical,False,7,False,Actuals,H1,Home,-8.67
Commissions,Technical,False,7,False,Actuals,H1,CHC,-6.21
Commissions,Technical,False,7,False,Actuals,Q3,Motor,-16.79
Commissions,Technical,False,7,False,Actuals,Q3,Travel,-6.06
Commissions,Technical,False,7,False,Actuals,Q3,Home,-4.22
Commissions,Technical,False,7,False,Actuals,Q3,CHC,-3.01
Commissions,Technical,False,7,False,Actuals,Q4,Motor,-16.66
Commissions,Technical,False,7,False,Actuals,Q4,Travel,-5.87
Commissions,Technical,False,7,False,Actuals,Q4,Home,-4.18
Commissions,Technical,False,7,False,Actuals,Q4,CHC,-3.04
Commissions,Technical,False,7,False,Actuals,2026FY,Motor,-67.61
Commissions,Technical,False,7,False,Actuals,2026FY,Travel,-23.59
Commissions,Technical,False,7,False,Actuals,2026FY,Home,-16.99
Commissions,Technical,False,7,False,Actuals,2026FY,CHC,-12.4
Technical result CY,Technical,False,8,True,Budget,Jan,Motor,4.48
Technical result CY,Technical,False,8,True,Budget,Jan,Travel,1.49
Technical result CY,Technical,False,8,True,Budget,Jan,Home,1.04
Technical result CY,Technical,False,8,True,Budget,Jan,CHC,0.81
Technical result CY,Technical,False,8,True,Budget,Feb,Motor,4.28
Technical result CY,Technical,False,8,True,Budget,Feb,Travel,1.53
Technical result CY,Technical,False,8,True,Budget,Feb,Home,1.07
Technical result CY,Technical,False,8,True,Budget,Feb,CHC,0.76
Technical result CY,Technical,False,8,True,Budget,Mar,Motor,5.0
Technical result CY,Technical,False,8,True,Budget,Mar,Travel,1.76
Technical result CY,Technical,False,8,True,Budget,Mar,Home,1.22
Technical result CY,Technical,False,8,True,Budget,Mar,CHC,0.84
Technical result CY,Technical,False,8,True,Budget,Q1,Motor,13.6
Technical result CY,Technical,False,8,True,Budget,Q1,Travel,4.85
Technical result CY,Technical,False,8,True,Budget,Q1,Home,3.34
Technical result CY,Technical,False,8,True,Budget,Q1,CHC,2.48
Technical result CY,Technical,False,8,True,Budget,Apr,Motor,4.4
Technical result CY,Technical,False,8,True,Budget,Apr,Travel,1.56
Technical result CY,Technical,False,8,True,Budget,Apr,Home,1.1
Technical result CY,Technical,False,8,True,Budget,Apr,CHC,0.78
Technical result CY,Technical,False,8,True,Budget,May,Motor,4.51
Technical result CY,Technical,False,8,True,Budget,May,Travel,1.54
Technical result CY,Technical,False,8,True,Budget,May,Home,1.1
Technical result CY,Technical,False,8,True,Budget,May,CHC,0.78
Technical result CY,Technical,False,8,True,Budget,Jun,Motor,4.91
Technical result CY,Technical,False,8,True,Budget,Jun,Travel,1.7
Technical result CY,Technical,False,8,True,Budget,Jun,Home,1.23
Technical result CY,Technical,False,8,True,Budget,Jun,CHC,0.92
Technical result CY,Technical,False,8,True,Budget,Q2,Motor,13.37
Technical result CY,Technical,False,8,True,Budget,Q2,Travel,4.66
Technical result CY,Technical,False,8,True,Budget,Q2,Home,3.54
Technical result CY,Technical,False,8,True,Budget,Q2,CHC,2.46
Technical result CY,Technical,False,8,True,Budget,H1,Motor,27.13
Technical result CY,Technical,False,8,True,Budget,H1,Travel,9.83
Technical result CY,Technical,False,8,True,Budget,H1,Home,6.79
Technical result CY,Technical,False,8,True,Budget,H1,CHC,5.13
Technical result CY,Technical,False,8,True,Budget,Q3,Motor,13.94
Technical result CY,Technical,False,8,True,Budget,Q3,Travel,4.77
Technical result CY,Technical,False,8,True,Budget,Q3,Home,3.59
Technical result CY,Technical,False,8,True,Budget,Q3,CHC,2.45
Technical result CY,Technical,False,8,True,Budget,Q4,Motor,13.95
Technical result CY,Technical,False,8,True,Budget,Q4,Travel,4.84
Technical result CY,Technical,False,8,True,Budget,Q4,Home,3.53
Technical result CY,Technical,False,8,True,Budget,Q4,CHC,2.55
Technical result CY,Technical,False,8,True,Budget,2026FY,Motor,55.04
Technical result CY,Technical,False,8,True,Budget,2026FY,Travel,18.96
Technical result CY,Technical,False,8,True,Budget,2026FY,Home,13.88
Technical result CY,Technical,False,8,True,Budget,2026FY,CHC,9.77
Technical result CY,Technical,False,8,True,Forecast1,Jan,Motor,4.71
Technical result CY,Technical,False,8,True,Forecast1,Jan,Travel,1.59
Technical result CY,Technical,False,8,True,Forecast1,Jan,Home,1.12
Technical result CY,Technical,False,8,True,Forecast1,Jan,CHC,0.82
Technical result CY,Technical,False,8,True,Forecast1,Feb,Motor,4.41
Technical result CY,Technical,False,8,True,Forecast1,Feb,Travel,1.56
Technical result CY,Technical,False,8,True,Forecast1,Feb,Home,1.16
Technical result CY,Technical,False,8,True,Forecast1,Feb,CHC,0.81
Technical result CY,Technical,False,8,True,Forecast1,Mar,Motor,4.99
Technical result CY,Technical,False,8,True,Forecast1,Mar,Travel,1.8
Technical result CY,Technical,False,8,True,Forecast1,Mar,Home,1.3
Technical result CY,Technical,False,8,True,Forecast1,Mar,CHC,0.93
Technical result CY,Technical,False,8,True,Forecast1,Q1,Motor,14.44
Technical result CY,Technical,False,8,True,Forecast1,Q1,Travel,4.88
Technical result CY,Technical,False,8,True,Forecast1,Q1,Home,3.44
Technical result CY,Technical,False,8,True,Forecast1,Q1,CHC,2.62
Technical result CY,Technical,False,8,True,Forecast1,Apr,Motor,4.5
Technical result CY,Technical,False,8,True,Forecast1,Apr,Travel,1.58
Technical result CY,Technical,False,8,True,Forecast1,Apr,Home,1.16
Technical result CY,Technical,False,8,True,Forecast1,Apr,CHC,0.82
Technical result CY,Technical,False,8,True,Forecast1,May,Motor,4.57
Technical result CY,Technical,False,8,True,Forecast1,May,Travel,1.65
Technical result CY,Technical,False,8,True,Forecast1,May,Home,1.12
Technical result CY,Technical,False,8,True,Forecast1,May,CHC,0.83
Technical result CY,Technical,False,8,True,Forecast1,Jun,Motor,5.1
Technical result CY,Technical,False,8,True,Forecast1,Jun,Travel,1.79
Technical result CY,Technical,False,8,True,Forecast1,Jun,Home,1.31
Technical result CY,Technical,False,8,True,Forecast1,Jun,CHC,0.93
Technical result CY,Technical,False,8,True,Forecast1,Q2,Motor,14.31
Technical result CY,Technical,False,8,True,Forecast1,Q2,Travel,5.06
Technical result CY,Technical,False,8,True,Forecast1,Q2,Home,3.52
Technical result CY,Technical,False,8,True,Forecast1,Q2,CHC,2.51
Technical result CY,Technical,False,8,True,Forecast1,H1,Motor,27.75
Technical result CY,Technical,False,8,True,Forecast1,H1,Travel,9.54
Technical result CY,Technical,False,8,True,Forecast1,H1,Home,7.36
Technical result CY,Technical,False,8,True,Forecast1,H1,CHC,4.99
Technical result CY,Technical,False,8,True,Forecast1,Q3,Motor,14.1
Technical result CY,Technical,False,8,True,Forecast1,Q3,Travel,4.93
Technical result CY,Technical,False,8,True,Forecast1,Q3,Home,3.56
Technical result CY,Technical,False,8,True,Forecast1,Q3,CHC,2.59
Technical result CY,Technical,False,8,True,Forecast1,Q4,Motor,14.4
Technical result CY,Technical,False,8,True,Forecast1,Q4,Travel,4.9
Technical result CY,Technical,False,8,True,Forecast1,Q4,Home,3.53
Technical result CY,Technical,False,8,True,Forecast1,Q4,CHC,2.56
Technical result CY,Technical,False,8,True,Forecast1,2026FY,Motor,56.38
Technical result CY,Technical,False,8,True,Forecast1,2026FY,Travel,20.45
Technical result CY,Technical,False,8,True,Forecast1,2026FY,Home,14.3
Technical result CY,Technical,False,8,True,Forecast1,2026FY,CHC,10.34
Technical result CY,Technical,False,8,True,Forecast2,Jan,Motor,4.68
Technical result CY,Technical,False,8,True,Forecast2,Jan,Travel,1.65
Technical result CY,Technical,False,8,True,Forecast2,Jan,Home,1.16
Technical result CY,Technical,False,8,True,Forecast2,Jan,CHC,0.81
Technical result CY,Technical,False,8,True,Forecast2,Feb,Motor,4.66
Technical result CY,Technical,False,8,True,Forecast2,Feb,Travel,1.6
Technical result CY,Technical,False,8,True,Forecast2,Feb,Home,1.14
Technical result CY,Technical,False,8,True,Forecast2,Feb,CHC,0.84
Technical result CY,Technical,False,8,True,Forecast2,Mar,Motor,5.32
Technical result CY,Technical,False,8,True,Forecast2,Mar,Travel,1.82
Technical result CY,Technical,False,8,True,Forecast2,Mar,Home,1.31
Technical result CY,Technical,False,8,True,Forecast2,Mar,CHC,0.97
Technical result CY,Technical,False,8,True,Forecast2,Q1,Motor,14.5
Technical result CY,Technical,False,8,True,Forecast2,Q1,Travel,5.3
Technical result CY,Technical,False,8,True,Forecast2,Q1,Home,3.65
Technical result CY,Technical,False,8,True,Forecast2,Q1,CHC,2.51
Technical result CY,Technical,False,8,True,Forecast2,Apr,Motor,4.69
Technical result CY,Technical,False,8,True,Forecast2,Apr,Travel,1.63
Technical result CY,Technical,False,8,True,Forecast2,Apr,Home,1.18
Technical result CY,Technical,False,8,True,Forecast2,Apr,CHC,0.84
Technical result CY,Technical,False,8,True,Forecast2,May,Motor,4.61
Technical result CY,Technical,False,8,True,Forecast2,May,Travel,1.58
Technical result CY,Technical,False,8,True,Forecast2,May,Home,1.15
Technical result CY,Technical,False,8,True,Forecast2,May,CHC,0.82
Technical result CY,Technical,False,8,True,Forecast2,Jun,Motor,5.14
Technical result CY,Technical,False,8,True,Forecast2,Jun,Travel,1.84
Technical result CY,Technical,False,8,True,Forecast2,Jun,Home,1.34
Technical result CY,Technical,False,8,True,Forecast2,Jun,CHC,0.94
Technical result CY,Technical,False,8,True,Forecast2,Q2,Motor,14.11
Technical result CY,Technical,False,8,True,Forecast2,Q2,Travel,5.1
Technical result CY,Technical,False,8,True,Forecast2,Q2,Home,3.69
Technical result CY,Technical,False,8,True,Forecast2,Q2,CHC,2.57
Technical result CY,Technical,False,8,True,Forecast2,H1,Motor,28.8
Technical result CY,Technical,False,8,True,Forecast2,H1,Travel,10.11
Technical result CY,Technical,False,8,True,Forecast2,H1,Home,7.11
Technical result CY,Technical,False,8,True,Forecast2,H1,CHC,5.26
Technical result CY,Technical,False,8,True,Forecast2,Q3,Motor,14.4
Technical result CY,Technical,False,8,True,Forecast2,Q3,Travel,5.09
Technical result CY,Technical,False,8,True,Forecast2,Q3,Home,3.55
Technical result CY,Technical,False,8,True,Forecast2,Q3,CHC,2.58
Technical result CY,Technical,False,8,True,Forecast2,Q4,Motor,14.64
Technical result CY,Technical,False,8,True,Forecast2,Q4,Travel,5.02
Technical result CY,Technical,False,8,True,Forecast2,Q4,Home,3.73
Technical result CY,Technical,False,8,True,Forecast2,Q4,CHC,2.58
Technical result CY,Technical,False,8,True,Forecast2,2026FY,Motor,58.0
Technical result CY,Technical,False,8,True,Forecast2,2026FY,Travel,20.57
Technical result CY,Technical,False,8,True,Forecast2,2026FY,Home,14.05
Technical result CY,Technical,False,8,True,Forecast2,2026FY,CHC,10.05
Technical result CY,Technical,False,8,True,Actuals,Jan,Motor,4.57
Technical result CY,Technical,False,8,True,Actuals,Jan,Travel,1.69
Technical result CY,Technical,False,8,True,Actuals,Jan,Home,1.16
Technical result CY,Technical,False,8,True,Actuals,Jan,CHC,0.89
Technical result CY,Technical,False,8,True,Actuals,Feb,Motor,4.66
Technical result CY,Technical,False,8,True,Actuals,Feb,Travel,1.65
Technical result CY,Technical,False,8,True,Actuals,Feb,Home,1.21
Technical result CY,Technical,False,8,True,Actuals,Feb,CHC,0.88
Technical result CY,Technical,False,8,True,Actuals,Mar,Motor,5.5
Technical result CY,Technical,False,8,True,Actuals,Mar,Travel,1.9
Technical result CY,Technical,False,8,True,Actuals,Mar,Home,1.35
Technical result CY,Technical,False,8,True,Actuals,Mar,CHC,0.96
Technical result CY,Technical,False,8,True,Actuals,Q1,Motor,14.93
Technical result CY,Technical,False,8,True,Actuals,Q1,Travel,5.1
Technical result CY,Technical,False,8,True,Actuals,Q1,Home,3.62
Technical result CY,Technical,False,8,True,Actuals,Q1,CHC,2.65
Technical result CY,Technical,False,8,True,Actuals,Apr,Motor,4.69
Technical result CY,Technical,False,8,True,Actuals,Apr,Travel,1.63
Technical result CY,Technical,False,8,True,Actuals,Apr,Home,1.19
Technical result CY,Technical,False,8,True,Actuals,Apr,CHC,0.86
Technical result CY,Technical,False,8,True,Actuals,May,Motor,4.72
Technical result CY,Technical,False,8,True,Actuals,May,Travel,1.69
Technical result CY,Technical,False,8,True,Actuals,May,Home,1.15
Technical result CY,Technical,False,8,True,Actuals,May,CHC,0.84
Technical result CY,Technical,False,8,True,Actuals,Jun,Motor,5.23
Technical result CY,Technical,False,8,True,Actuals,Jun,Travel,1.79
Technical result CY,Technical,False,8,True,Actuals,Jun,Home,1.32
Technical result CY,Technical,False,8,True,Actuals,Jun,CHC,0.95
Technical result CY,Technical,False,8,True,Actuals,Q2,Motor,15.13
Technical result CY,Technical,False,8,True,Actuals,Q2,Travel,5.21
Technical result CY,Technical,False,8,True,Actuals,Q2,Home,3.61
Technical result CY,Technical,False,8,True,Actuals,Q2,CHC,2.74
Technical result CY,Technical,False,8,True,Actuals,H1,Motor,30.1
Technical result CY,Technical,False,8,True,Actuals,H1,Travel,10.41
Technical result CY,Technical,False,8,True,Actuals,H1,Home,7.33
Technical result CY,Technical,False,8,True,Actuals,H1,CHC,5.2
Technical result CY,Technical,False,8,True,Actuals,Q3,Motor,14.61
Technical result CY,Technical,False,8,True,Actuals,Q3,Travel,5.25
Technical result CY,Technical,False,8,True,Actuals,Q3,Home,3.81
Technical result CY,Technical,False,8,True,Actuals,Q3,CHC,2.72
Technical result CY,Technical,False,8,True,Actuals,Q4,Motor,14.58
Technical result CY,Technical,False,8,True,Actuals,Q4,Travel,5.04
Technical result CY,Technical,False,8,True,Actuals,Q4,Home,3.69
Technical result CY,Technical,False,8,True,Actuals,Q4,CHC,2.56
Technical result CY,Technical,False,8,True,Actuals,2026FY,Motor,59.21
Technical result CY,Technical,False,8,True,Actuals,2026FY,Travel,20.54
Technical result CY,Technical,False,8,True,Actuals,2026FY,Home,14.58
Technical result CY,Technical,False,8,True,Actuals,2026FY,CHC,10.28
PY impact on claims,Technical,False,9,False,Budget,Jan,Motor,0.04
PY impact on claims,Technical,False,9,False,Budget,Jan,Travel,0.01
PY impact on claims,Technical,False,9,False,Budget,Jan,Home,0.01
PY impact on claims,Technical,False,9,False,Budget,Jan,CHC,0.01
PY impact on claims,Technical,False,9,False,Budget,Feb,Motor,0.04
PY impact on claims,Technical,False,9,False,Budget,Feb,Travel,0.01
PY impact on claims,Technical,False,9,False,Budget,Feb,Home,0.01
PY impact on claims,Technical,False,9,False,Budget,Feb,CHC,0.01
PY impact on claims,Technical,False,9,False,Budget,Mar,Motor,0.04
PY impact on claims,Technical,False,9,False,Budget,Mar,Travel,0.02
PY impact on claims,Technical,False,9,False,Budget,Mar,Home,0.01
PY impact on claims,Technical,False,9,False,Budget,Mar,CHC,0.01
PY impact on claims,Technical,False,9,False,Budget,Q1,Motor,0.13
PY impact on claims,Technical,False,9,False,Budget,Q1,Travel,0.04
PY impact on claims,Technical,False,9,False,Budget,Q1,Home,0.03
PY impact on claims,Technical,False,9,False,Budget,Q1,CHC,0.02
PY impact on claims,Technical,False,9,False,Budget,Apr,Motor,0.04
PY impact on claims,Technical,False,9,False,Budget,Apr,Travel,0.01
PY impact on claims,Technical,False,9,False,Budget,Apr,Home,0.01
PY impact on claims,Technical,False,9,False,Budget,Apr,CHC,0.01
PY impact on claims,Technical,False,9,False,Budget,May,Motor,0.04
PY impact on claims,Technical,False,9,False,Budget,May,Travel,0.01
PY impact on claims,Technical,False,9,False,Budget,May,Home,0.01
PY impact on claims,Technical,False,9,False,Budget,May,CHC,0.01
PY impact on claims,Technical,False,9,False,Budget,Jun,Motor,0.04
PY impact on claims,Technical,False,9,False,Budget,Jun,Travel,0.02
PY impact on claims,Technical,False,9,False,Budget,Jun,Home,0.01
PY impact on claims,Technical,False,9,False,Budget,Jun,CHC,0.01
PY impact on claims,Technical,False,9,False,Budget,Q2,Motor,0.13
PY impact on claims,Technical,False,9,False,Budget,Q2,Travel,0.04
PY impact on claims,Technical,False,9,False,Budget,Q2,Home,0.03
PY impact on claims,Technical,False,9,False,Budget,Q2,CHC,0.02
PY impact on claims,Technical,False,9,False,Budget,H1,Motor,0.24
PY impact on claims,Technical,False,9,False,Budget,H1,Travel,0.09
PY impact on claims,Technical,False,9,False,Budget,H1,Home,0.06
PY impact on claims,Technical,False,9,False,Budget,H1,CHC,0.04
PY impact on claims,Technical,False,9,False,Budget,Q3,Motor,0.13
PY impact on claims,Technical,False,9,False,Budget,Q3,Travel,0.04
PY impact on claims,Technical,False,9,False,Budget,Q3,Home,0.03
PY impact on claims,Technical,False,9,False,Budget,Q3,CHC,0.02
PY impact on claims,Technical,False,9,False,Budget,Q4,Motor,0.12
PY impact on claims,Technical,False,9,False,Budget,Q4,Travel,0.04
PY impact on claims,Technical,False,9,False,Budget,Q4,Home,0.03
PY impact on claims,Technical,False,9,False,Budget,Q4,CHC,0.02
PY impact on claims,Technical,False,9,False,Budget,2026FY,Motor,0.5
PY impact on claims,Technical,False,9,False,Budget,2026FY,Travel,0.18
PY impact on claims,Technical,False,9,False,Budget,2026FY,Home,0.12
PY impact on claims,Technical,False,9,False,Budget,2026FY,CHC,0.09
PY impact on claims,Technical,False,9,False,Forecast1,Jan,Motor,0.04
PY impact on claims,Technical,False,9,False,Forecast1,Jan,Travel,0.01
PY impact on claims,Technical,False,9,False,Forecast1,Jan,Home,0.01
PY impact on claims,Technical,False,9,False,Forecast1,Jan,CHC,0.01
PY impact on claims,Technical,False,9,False,Forecast1,Feb,Motor,0.04
PY impact on claims,Technical,False,9,False,Forecast1,Feb,Travel,0.01
PY impact on claims,Technical,False,9,False,Forecast1,Feb,Home,0.01
PY impact on claims,Technical,False,9,False,Forecast1,Feb,CHC,0.01
PY impact on claims,Technical,False,9,False,Forecast1,Mar,Motor,0.05
PY impact on claims,Technical,False,9,False,Forecast1,Mar,Travel,0.02
PY impact on claims,Technical,False,9,False,Forecast1,Mar,Home,0.01
PY impact on claims,Technical,False,9,False,Forecast1,Mar,CHC,0.01
PY impact on claims,Technical,False,9,False,Forecast1,Q1,Motor,0.13
PY impact on claims,Technical,False,9,False,Forecast1,Q1,Travel,0.05
PY impact on claims,Technical,False,9,False,Forecast1,Q1,Home,0.03
PY impact on claims,Technical,False,9,False,Forecast1,Q1,CHC,0.02
PY impact on claims,Technical,False,9,False,Forecast1,Apr,Motor,0.04
PY impact on claims,Technical,False,9,False,Forecast1,Apr,Travel,0.01
PY impact on claims,Technical,False,9,False,Forecast1,Apr,Home,0.01
PY impact on claims,Technical,False,9,False,Forecast1,Apr,CHC,0.01
PY impact on claims,Technical,False,9,False,Forecast1,May,Motor,0.04
PY impact on claims,Technical,False,9,False,Forecast1,May,Travel,0.01
PY impact on claims,Technical,False,9,False,Forecast1,May,Home,0.01
PY impact on claims,Technical,False,9,False,Forecast1,May,CHC,0.01
PY impact on claims,Technical,False,9,False,Forecast1,Jun,Motor,0.05
PY impact on claims,Technical,False,9,False,Forecast1,Jun,Travel,0.02
PY impact on claims,Technical,False,9,False,Forecast1,Jun,Home,0.01
PY impact on claims,Technical,False,9,False,Forecast1,Jun,CHC,0.01
PY impact on claims,Technical,False,9,False,Forecast1,Q2,Motor,0.13
PY impact on claims,Technical,False,9,False,Forecast1,Q2,Travel,0.04
PY impact on claims,Technical,False,9,False,Forecast1,Q2,Home,0.03
PY impact on claims,Technical,False,9,False,Forecast1,Q2,CHC,0.02
PY impact on claims,Technical,False,9,False,Forecast1,H1,Motor,0.26
PY impact on claims,Technical,False,9,False,Forecast1,H1,Travel,0.09
PY impact on claims,Technical,False,9,False,Forecast1,H1,Home,0.06
PY impact on claims,Technical,False,9,False,Forecast1,H1,CHC,0.05
PY impact on claims,Technical,False,9,False,Forecast1,Q3,Motor,0.13
PY impact on claims,Technical,False,9,False,Forecast1,Q3,Travel,0.04
PY impact on claims,Technical,False,9,False,Forecast1,Q3,Home,0.03
PY impact on claims,Technical,False,9,False,Forecast1,Q3,CHC,0.02
PY impact on claims,Technical,False,9,False,Forecast1,Q4,Motor,0.13
PY impact on claims,Technical,False,9,False,Forecast1,Q4,Travel,0.05
PY impact on claims,Technical,False,9,False,Forecast1,Q4,Home,0.03
PY impact on claims,Technical,False,9,False,Forecast1,Q4,CHC,0.02
PY impact on claims,Technical,False,9,False,Forecast1,2026FY,Motor,0.52
PY impact on claims,Technical,False,9,False,Forecast1,2026FY,Travel,0.18
PY impact on claims,Technical,False,9,False,Forecast1,2026FY,Home,0.13
PY impact on claims,Technical,False,9,False,Forecast1,2026FY,CHC,0.09
PY impact on claims,Technical,False,9,False,Forecast2,Jan,Motor,0.04
PY impact on claims,Technical,False,9,False,Forecast2,Jan,Travel,0.01
PY impact on claims,Technical,False,9,False,Forecast2,Jan,Home,0.01
PY impact on claims,Technical,False,9,False,Forecast2,Jan,CHC,0.01
PY impact on claims,Technical,False,9,False,Forecast2,Feb,Motor,0.04
PY impact on claims,Technical,False,9,False,Forecast2,Feb,Travel,0.01
PY impact on claims,Technical,False,9,False,Forecast2,Feb,Home,0.01
PY impact on claims,Technical,False,9,False,Forecast2,Feb,CHC,0.01
PY impact on claims,Technical,False,9,False,Forecast2,Mar,Motor,0.05
PY impact on claims,Technical,False,9,False,Forecast2,Mar,Travel,0.02
PY impact on claims,Technical,False,9,False,Forecast2,Mar,Home,0.01
PY impact on claims,Technical,False,9,False,Forecast2,Mar,CHC,0.01
PY impact on claims,Technical,False,9,False,Forecast2,Q1,Motor,0.13
PY impact on claims,Technical,False,9,False,Forecast2,Q1,Travel,0.05
PY impact on claims,Technical,False,9,False,Forecast2,Q1,Home,0.03
PY impact on claims,Technical,False,9,False,Forecast2,Q1,CHC,0.02
PY impact on claims,Technical,False,9,False,Forecast2,Apr,Motor,0.04
PY impact on claims,Technical,False,9,False,Forecast2,Apr,Travel,0.02
PY impact on claims,Technical,False,9,False,Forecast2,Apr,Home,0.01
PY impact on claims,Technical,False,9,False,Forecast2,Apr,CHC,0.01
PY impact on claims,Technical,False,9,False,Forecast2,May,Motor,0.04
PY impact on claims,Technical,False,9,False,Forecast2,May,Travel,0.01
PY impact on claims,Technical,False,9,False,Forecast2,May,Home,0.01
PY impact on claims,Technical,False,9,False,Forecast2,May,CHC,0.01
PY impact on claims,Technical,False,9,False,Forecast2,Jun,Motor,0.05
PY impact on claims,Technical,False,9,False,Forecast2,Jun,Travel,0.02
PY impact on claims,Technical,False,9,False,Forecast2,Jun,Home,0.01
PY impact on claims,Technical,False,9,False,Forecast2,Jun,CHC,0.01
PY impact on claims,Technical,False,9,False,Forecast2,Q2,Motor,0.13
PY impact on claims,Technical,False,9,False,Forecast2,Q2,Travel,0.05
PY impact on claims,Technical,False,9,False,Forecast2,Q2,Home,0.03
PY impact on claims,Technical,False,9,False,Forecast2,Q2,CHC,0.02
PY impact on claims,Technical,False,9,False,Forecast2,H1,Motor,0.27
PY impact on claims,Technical,False,9,False,Forecast2,H1,Travel,0.09
PY impact on claims,Technical,False,9,False,Forecast2,H1,Home,0.06
PY impact on claims,Technical,False,9,False,Forecast2,H1,CHC,0.05
PY impact on claims,Technical,False,9,False,Forecast2,Q3,Motor,0.13
PY impact on claims,Technical,False,9,False,Forecast2,Q3,Travel,0.05
PY impact on claims,Technical,False,9,False,Forecast2,Q3,Home,0.03
PY impact on claims,Technical,False,9,False,Forecast2,Q3,CHC,0.02
PY impact on claims,Technical,False,9,False,Forecast2,Q4,Motor,0.13
PY impact on claims,Technical,False,9,False,Forecast2,Q4,Travel,0.05
PY impact on claims,Technical,False,9,False,Forecast2,Q4,Home,0.03
PY impact on claims,Technical,False,9,False,Forecast2,Q4,CHC,0.02
PY impact on claims,Technical,False,9,False,Forecast2,2026FY,Motor,0.54
PY impact on claims,Technical,False,9,False,Forecast2,2026FY,Travel,0.19
PY impact on claims,Technical,False,9,False,Forecast2,2026FY,Home,0.13
PY impact on claims,Technical,False,9,False,Forecast2,2026FY,CHC,0.09
PY impact on claims,Technical,False,9,False,Actuals,Jan,Motor,0.04
PY impact on claims,Technical,False,9,False,Actuals,Jan,Travel,0.01
PY impact on claims,Technical,False,9,False,Actuals,Jan,Home,0.01
PY impact on claims,Technical,False,9,False,Actuals,Jan,CHC,0.01
PY impact on claims,Technical,False,9,False,Actuals,Feb,Motor,0.04
PY impact on claims,Technical,False,9,False,Actuals,Feb,Travel,0.02
PY impact on claims,Technical,False,9,False,Actuals,Feb,Home,0.01
PY impact on claims,Technical,False,9,False,Actuals,Feb,CHC,0.01
PY impact on claims,Technical,False,9,False,Actuals,Mar,Motor,0.05
PY impact on claims,Technical,False,9,False,Actuals,Mar,Travel,0.02
PY impact on claims,Technical,False,9,False,Actuals,Mar,Home,0.01
PY impact on claims,Technical,False,9,False,Actuals,Mar,CHC,0.01
PY impact on claims,Technical,False,9,False,Actuals,Q1,Motor,0.14
PY impact on claims,Technical,False,9,False,Actuals,Q1,Travel,0.05
PY impact on claims,Technical,False,9,False,Actuals,Q1,Home,0.03
PY impact on claims,Technical,False,9,False,Actuals,Q1,CHC,0.02
PY impact on claims,Technical,False,9,False,Actuals,Apr,Motor,0.04
PY impact on claims,Technical,False,9,False,Actuals,Apr,Travel,0.01
PY impact on claims,Technical,False,9,False,Actuals,Apr,Home,0.01
PY impact on claims,Technical,False,9,False,Actuals,Apr,CHC,0.01
PY impact on claims,Technical,False,9,False,Actuals,May,Motor,0.04
PY impact on claims,Technical,False,9,False,Actuals,May,Travel,0.02
PY impact on claims,Technical,False,9,False,Actuals,May,Home,0.01
PY impact on claims,Technical,False,9,False,Actuals,May,CHC,0.01
PY impact on claims,Technical,False,9,False,Actuals,Jun,Motor,0.05
PY impact on claims,Technical,False,9,False,Actuals,Jun,Travel,0.02
PY impact on claims,Technical,False,9,False,Actuals,Jun,Home,0.01
PY impact on claims,Technical,False,9,False,Actuals,Jun,CHC,0.01
PY impact on claims,Technical,False,9,False,Actuals,Q2,Motor,0.13
PY impact on claims,Technical,False,9,False,Actuals,Q2,Travel,0.05
PY impact on claims,Technical,False,9,False,Actuals,Q2,Home,0.03
PY impact on claims,Technical,False,9,False,Actuals,Q2,CHC,0.02
PY impact on claims,Technical,False,9,False,Actuals,H1,Motor,0.26
PY impact on claims,Technical,False,9,False,Actuals,H1,Travel,0.1
PY impact on claims,Technical,False,9,False,Actuals,H1,Home,0.07
PY impact on claims,Technical,False,9,False,Actuals,H1,CHC,0.05
PY impact on claims,Technical,False,9,False,Actuals,Q3,Motor,0.13
PY impact on claims,Technical,False,9,False,Actuals,Q3,Travel,0.05
PY impact on claims,Technical,False,9,False,Actuals,Q3,Home,0.03
PY impact on claims,Technical,False,9,False,Actuals,Q3,CHC,0.02
PY impact on claims,Technical,False,9,False,Actuals,Q4,Motor,0.14
PY impact on claims,Technical,False,9,False,Actuals,Q4,Travel,0.05
PY impact on claims,Technical,False,9,False,Actuals,Q4,Home,0.03
PY impact on claims,Technical,False,9,False,Actuals,Q4,CHC,0.02
PY impact on claims,Technical,False,9,False,Actuals,2026FY,Motor,0.53
PY impact on claims,Technical,False,9,False,Actuals,2026FY,Travel,0.19
PY impact on claims,Technical,False,9,False,Actuals,2026FY,Home,0.13
PY impact on claims,Technical,False,9,False,Actuals,2026FY,CHC,0.1
Technical Result AY,Technical,False,10,True,Budget,Jan,Motor,4.47
Technical Result AY,Technical,False,10,True,Budget,Jan,Travel,1.61
Technical Result AY,Technical,False,10,True,Budget,Jan,Home,1.11
Technical Result AY,Technical,False,10,True,Budget,Jan,CHC,0.79
Technical Result AY,Technical,False,10,True,Budget,Feb,Motor,4.44
Technical Result AY,Technical,False,10,True,Budget,Feb,Travel,1.54
Technical Result AY,Technical,False,10,True,Budget,Feb,Home,1.13
Technical Result AY,Technical,False,10,True,Budget,Feb,CHC,0.77
Technical Result AY,Technical,False,10,True,Budget,Mar,Motor,4.89
Technical Result AY,Technical,False,10,True,Budget,Mar,Travel,1.71
Technical Result AY,Technical,False,10,True,Budget,Mar,Home,1.27
Technical Result AY,Technical,False,10,True,Budget,Mar,CHC,0.93
Technical Result AY,Technical,False,10,True,Budget,Q1,Motor,13.85
Technical Result AY,Technical,False,10,True,Budget,Q1,Travel,4.84
Technical Result AY,Technical,False,10,True,Budget,Q1,Home,3.47
Technical Result AY,Technical,False,10,True,Budget,Q1,CHC,2.56
Technical Result AY,Technical,False,10,True,Budget,Apr,Motor,4.36
Technical Result AY,Technical,False,10,True,Budget,Apr,Travel,1.56
Technical Result AY,Technical,False,10,True,Budget,Apr,Home,1.13
Technical Result AY,Technical,False,10,True,Budget,Apr,CHC,0.81
Technical Result AY,Technical,False,10,True,Budget,May,Motor,4.46
Technical Result AY,Technical,False,10,True,Budget,May,Travel,1.59
Technical Result AY,Technical,False,10,True,Budget,May,Home,1.05
Technical Result AY,Technical,False,10,True,Budget,May,CHC,0.81
Technical Result AY,Technical,False,10,True,Budget,Jun,Motor,4.93
Technical Result AY,Technical,False,10,True,Budget,Jun,Travel,1.68
Technical Result AY,Technical,False,10,True,Budget,Jun,Home,1.26
Technical Result AY,Technical,False,10,True,Budget,Jun,CHC,0.92
Technical Result AY,Technical,False,10,True,Budget,Q2,Motor,13.84
Technical Result AY,Technical,False,10,True,Budget,Q2,Travel,4.95
Technical Result AY,Technical,False,10,True,Budget,Q2,Home,3.58
Technical Result AY,Technical,False,10,True,Budget,Q2,CHC,2.56
Technical Result AY,Technical,False,10,True,Budget,H1,Motor,28.66
Technical Result AY,Technical,False,10,True,Budget,H1,Travel,9.86
Technical Result AY,Technical,False,10,True,Budget,H1,Home,6.95
Technical Result AY,Technical,False,10,True,Budget,H1,CHC,4.83
Technical Result AY,Technical,False,10,True,Budget,Q3,Motor,13.81
Technical Result AY,Technical,False,10,True,Budget,Q3,Travel,4.77
Technical Result AY,Technical,False,10,True,Budget,Q3,Home,3.62
Technical Result AY,Technical,False,10,True,Budget,Q3,CHC,2.49
Technical Result AY,Technical,False,10,True,Budget,Q4,Motor,13.91
Technical Result AY,Technical,False,10,True,Budget,Q4,Travel,4.91
Technical Result AY,Technical,False,10,True,Budget,Q4,Home,3.47
Technical Result AY,Technical,False,10,True,Budget,Q4,CHC,2.58
Technical Result AY,Technical,False,10,True,Budget,2026FY,Motor,54.81
Technical Result AY,Technical,False,10,True,Budget,2026FY,Travel,19.5
Technical Result AY,Technical,False,10,True,Budget,2026FY,Home,13.67
Technical Result AY,Technical,False,10,True,Budget,2026FY,CHC,9.73
Technical Result AY,Technical,False,10,True,Forecast1,Jan,Motor,4.52
Technical Result AY,Technical,False,10,True,Forecast1,Jan,Travel,1.6
Technical Result AY,Technical,False,10,True,Forecast1,Jan,Home,1.13
Technical Result AY,Technical,False,10,True,Forecast1,Jan,CHC,0.81
Technical Result AY,Technical,False,10,True,Forecast1,Feb,Motor,4.45
Technical Result AY,Technical,False,10,True,Forecast1,Feb,Travel,1.6
Technical Result AY,Technical,False,10,True,Forecast1,Feb,Home,1.11
Technical Result AY,Technical,False,10,True,Forecast1,Feb,CHC,0.84
Technical Result AY,Technical,False,10,True,Forecast1,Mar,Motor,5.15
Technical Result AY,Technical,False,10,True,Forecast1,Mar,Travel,1.75
Technical Result AY,Technical,False,10,True,Forecast1,Mar,Home,1.28
Technical Result AY,Technical,False,10,True,Forecast1,Mar,CHC,0.91
Technical Result AY,Technical,False,10,True,Forecast1,Q1,Motor,14.38
Technical Result AY,Technical,False,10,True,Forecast1,Q1,Travel,5.13
Technical Result AY,Technical,False,10,True,Forecast1,Q1,Home,3.44
Technical Result AY,Technical,False,10,True,Forecast1,Q1,CHC,2.58
Technical Result AY,Technical,False,10,True,Forecast1,Apr,Motor,4.56
Technical Result AY,Technical,False,10,True,Forecast1,Apr,Travel,1.62
Technical Result AY,Technical,False,10,True,Forecast1,Apr,Home,1.15
Technical Result AY,Technical,False,10,True,Forecast1,Apr,CHC,0.81
Technical Result AY,Technical,False,10,True,Forecast1,May,Motor,4.54
Technical Result AY,Technical,False,10,True,Forecast1,May,Travel,1.58
Technical Result AY,Technical,False,10,True,Forecast1,May,Home,1.17
Technical Result AY,Technical,False,10,True,Forecast1,May,CHC,0.82
Technical Result AY,Technical,False,10,True,Forecast1,Jun,Motor,5.33
Technical Result AY,Technical,False,10,True,Forecast1,Jun,Travel,1.8
Technical Result AY,Technical,False,10,True,Forecast1,Jun,Home,1.27
Technical Result AY,Technical,False,10,True,Forecast1,Jun,CHC,0.9
Technical Result AY,Technical,False,10,True,Forecast1,Q2,Motor,13.79
Technical Result AY,Technical,False,10,True,Forecast1,Q2,Travel,4.85
Technical Result AY,Technical,False,10,True,Forecast1,Q2,Home,3.59
Technical Result AY,Technical,False,10,True,Forecast1,Q2,CHC,2.6
Technical Result AY,Technical,False,10,True,Forecast1,H1,Motor,27.7
Technical Result AY,Technical,False,10,True,Forecast1,H1,Travel,10.18
Technical Result AY,Technical,False,10,True,Forecast1,H1,Home,7.08
Technical Result AY,Technical,False,10,True,Forecast1,H1,CHC,5.16
Technical Result AY,Technical,False,10,True,Forecast1,Q3,Motor,14.74
Technical Result AY,Technical,False,10,True,Forecast1,Q3,Travel,5.09
Technical Result AY,Technical,False,10,True,Forecast1,Q3,Home,3.55
Technical Result AY,Technical,False,10,True,Forecast1,Q3,CHC,2.53
Technical Result AY,Technical,False,10,True,Forecast1,Q4,Motor,13.69
Technical Result AY,Technical,False,10,True,Forecast1,Q4,Travel,4.93
Technical Result AY,Technical,False,10,True,Forecast1,Q4,Home,3.56
Technical Result AY,Technical,False,10,True,Forecast1,Q4,CHC,2.52
Technical Result AY,Technical,False,10,True,Forecast1,2026FY,Motor,57.02
Technical Result AY,Technical,False,10,True,Forecast1,2026FY,Travel,20.04
Technical Result AY,Technical,False,10,True,Forecast1,2026FY,Home,14.23
Technical Result AY,Technical,False,10,True,Forecast1,2026FY,CHC,10.16
Technical Result AY,Technical,False,10,True,Forecast2,Jan,Motor,4.68
Technical Result AY,Technical,False,10,True,Forecast2,Jan,Travel,1.65
Technical Result AY,Technical,False,10,True,Forecast2,Jan,Home,1.14
Technical Result AY,Technical,False,10,True,Forecast2,Jan,CHC,0.86
Technical Result AY,Technical,False,10,True,Forecast2,Feb,Motor,4.65
Technical Result AY,Technical,False,10,True,Forecast2,Feb,Travel,1.63
Technical Result AY,Technical,False,10,True,Forecast2,Feb,Home,1.18
Technical Result AY,Technical,False,10,True,Forecast2,Feb,CHC,0.84
Technical Result AY,Technical,False,10,True,Forecast2,Mar,Motor,5.34
Technical Result AY,Technical,False,10,True,Forecast2,Mar,Travel,1.85
Technical Result AY,Technical,False,10,True,Forecast2,Mar,Home,1.3
Technical Result AY,Technical,False,10,True,Forecast2,Mar,CHC,0.95
Technical Result AY,Technical,False,10,True,Forecast2,Q1,Motor,14.25
Technical Result AY,Technical,False,10,True,Forecast2,Q1,Travel,5.11
Technical Result AY,Technical,False,10,True,Forecast2,Q1,Home,3.64
Technical Result AY,Technical,False,10,True,Forecast2,Q1,CHC,2.61
Technical Result AY,Technical,False,10,True,Forecast2,Apr,Motor,4.65
Technical Result AY,Technical,False,10,True,Forecast2,Apr,Travel,1.57
Technical Result AY,Technical,False,10,True,Forecast2,Apr,Home,1.15
Technical Result AY,Technical,False,10,True,Forecast2,Apr,CHC,0.84
Technical Result AY,Technical,False,10,True,Forecast2,May,Motor,4.68
Technical Result AY,Technical,False,10,True,Forecast2,May,Travel,1.6
Technical Result AY,Technical,False,10,True,Forecast2,May,Home,1.19
Technical Result AY,Technical,False,10,True,Forecast2,May,CHC,0.83
Technical Result AY,Technical,False,10,True,Forecast2,Jun,Motor,5.34
Technical Result AY,Technical,False,10,True,Forecast2,Jun,Travel,1.85
Technical Result AY,Technical,False,10,True,Forecast2,Jun,Home,1.3
Technical Result AY,Technical,False,10,True,Forecast2,Jun,CHC,0.98
Technical Result AY,Technical,False,10,True,Forecast2,Q2,Motor,14.24
Technical Result AY,Technical,False,10,True,Forecast2,Q2,Travel,5.19
Technical Result AY,Technical,False,10,True,Forecast2,Q2,Home,3.71
Technical Result AY,Technical,False,10,True,Forecast2,Q2,CHC,2.59
Technical Result AY,Technical,False,10,True,Forecast2,H1,Motor,29.91
Technical Result AY,Technical,False,10,True,Forecast2,H1,Travel,10.15
Technical Result AY,Technical,False,10,True,Forecast2,H1,Home,7.32
Technical Result AY,Technical,False,10,True,Forecast2,H1,CHC,5.27
Technical Result AY,Technical,False,10,True,Forecast2,Q3,Motor,14.53
Technical Result AY,Technical,False,10,True,Forecast2,Q3,Travel,5.18
Technical Result AY,Technical,False,10,True,Forecast2,Q3,Home,3.7
Technical Result AY,Technical,False,10,True,Forecast2,Q3,CHC,2.54
Technical Result AY,Technical,False,10,True,Forecast2,Q4,Motor,14.93
Technical Result AY,Technical,False,10,True,Forecast2,Q4,Travel,4.94
Technical Result AY,Technical,False,10,True,Forecast2,Q4,Home,3.71
Technical Result AY,Technical,False,10,True,Forecast2,Q4,CHC,2.68
Technical Result AY,Technical,False,10,True,Forecast2,2026FY,Motor,57.06
Technical Result AY,Technical,False,10,True,Forecast2,2026FY,Travel,20.24
Technical Result AY,Technical,False,10,True,Forecast2,2026FY,Home,14.26
Technical Result AY,Technical,False,10,True,Forecast2,2026FY,CHC,10.45
Technical Result AY,Technical,False,10,True,Actuals,Jan,Motor,4.72
Technical Result AY,Technical,False,10,True,Actuals,Jan,Travel,1.69
Technical Result AY,Technical,False,10,True,Actuals,Jan,Home,1.22
Technical Result AY,Technical,False,10,True,Actuals,Jan,CHC,0.88
Technical Result AY,Technical,False,10,True,Actuals,Feb,Motor,4.7
Technical Result AY,Technical,False,10,True,Actuals,Feb,Travel,1.66
Technical Result AY,Technical,False,10,True,Actuals,Feb,Home,1.15
Technical Result AY,Technical,False,10,True,Actuals,Feb,CHC,0.84
Technical Result AY,Technical,False,10,True,Actuals,Mar,Motor,5.44
Technical Result AY,Technical,False,10,True,Actuals,Mar,Travel,1.93
Technical Result AY,Technical,False,10,True,Actuals,Mar,Home,1.31
Technical Result AY,Technical,False,10,True,Actuals,Mar,CHC,0.95
Technical Result AY,Technical,False,10,True,Actuals,Q1,Motor,14.84
Technical Result AY,Technical,False,10,True,Actuals,Q1,Travel,5.22
Technical Result AY,Technical,False,10,True,Actuals,Q1,Home,3.66
Technical Result AY,Technical,False,10,True,Actuals,Q1,CHC,2.69
Technical Result AY,Technical,False,10,True,Actuals,Apr,Motor,4.71
Technical Result AY,Technical,False,10,True,Actuals,Apr,Travel,1.66
Technical Result AY,Technical,False,10,True,Actuals,Apr,Home,1.2
Technical Result AY,Technical,False,10,True,Actuals,Apr,CHC,0.86
Technical Result AY,Technical,False,10,True,Actuals,May,Motor,4.71
Technical Result AY,Technical,False,10,True,Actuals,May,Travel,1.66
Technical Result AY,Technical,False,10,True,Actuals,May,Home,1.19
Technical Result AY,Technical,False,10,True,Actuals,May,CHC,0.85
Technical Result AY,Technical,False,10,True,Actuals,Jun,Motor,5.32
Technical Result AY,Technical,False,10,True,Actuals,Jun,Travel,1.93
Technical Result AY,Technical,False,10,True,Actuals,Jun,Home,1.35
Technical Result AY,Technical,False,10,True,Actuals,Jun,CHC,0.96
Technical Result AY,Technical,False,10,True,Actuals,Q2,Motor,15.04
Technical Result AY,Technical,False,10,True,Actuals,Q2,Travel,5.16
Technical Result AY,Technical,False,10,True,Actuals,Q2,Home,3.79
Technical Result AY,Technical,False,10,True,Actuals,Q2,CHC,2.69
Technical Result AY,Technical,False,10,True,Actuals,H1,Motor,29.63
Technical Result AY,Technical,False,10,True,Actuals,H1,Travel,10.48
Technical Result AY,Technical,False,10,True,Actuals,H1,Home,7.21
Technical Result AY,Technical,False,10,True,Actuals,H1,CHC,5.23
Technical Result AY,Technical,False,10,True,Actuals,Q3,Motor,14.51
Technical Result AY,Technical,False,10,True,Actuals,Q3,Travel,5.21
Technical Result AY,Technical,False,10,True,Actuals,Q3,Home,3.83
Technical Result AY,Technical,False,10,True,Actuals,Q3,CHC,2.78
Technical Result AY,Technical,False,10,True,Actuals,Q4,Motor,15.02
Technical Result AY,Technical,False,10,True,Actuals,Q4,Travel,5.24
Technical Result AY,Technical,False,10,True,Actuals,Q4,Home,3.59
Technical Result AY,Technical,False,10,True,Actuals,Q4,CHC,2.65
Technical Result AY,Technical,False,10,True,Actuals,2026FY,Motor,58.51
Technical Result AY,Technical,False,10,True,Actuals,2026FY,Travel,20.54
Technical Result AY,Technical,False,10,True,Actuals,2026FY,Home,14.8
Technical Result AY,Technical,False,10,True,Actuals,2026FY,CHC,10.59
Claims Handling costs,Overheads,False,11,False,Budget,Jan,Motor,-1.54
Claims Handling costs,Overheads,False,11,False,Budget,Jan,Travel,-0.57
Claims Handling costs,Overheads,False,11,False,Budget,Jan,Home,-0.39
Claims Handling costs,Overheads,False,11,False,Budget,Jan,CHC,-0.29
Claims Handling costs,Overheads,False,11,False,Budget,Feb,Motor,-1.67
Claims Handling costs,Overheads,False,11,False,Budget,Feb,Travel,-0.55
Claims Handling costs,Overheads,False,11,False,Budget,Feb,Home,-0.38
Claims Handling costs,Overheads,False,11,False,Budget,Feb,CHC,-0.29
Claims Handling costs,Overheads,False,11,False,Budget,Mar,Motor,-1.84
Claims Handling costs,Overheads,False,11,False,Budget,Mar,Travel,-0.65
Claims Handling costs,Overheads,False,11,False,Budget,Mar,Home,-0.44
Claims Handling costs,Overheads,False,11,False,Budget,Mar,CHC,-0.33
Claims Handling costs,Overheads,False,11,False,Budget,Q1,Motor,-4.95
Claims Handling costs,Overheads,False,11,False,Budget,Q1,Travel,-1.75
Claims Handling costs,Overheads,False,11,False,Budget,Q1,Home,-1.32
Claims Handling costs,Overheads,False,11,False,Budget,Q1,CHC,-0.87
Claims Handling costs,Overheads,False,11,False,Budget,Apr,Motor,-1.61
Claims Handling costs,Overheads,False,11,False,Budget,Apr,Travel,-0.57
Claims Handling costs,Overheads,False,11,False,Budget,Apr,Home,-0.41
Claims Handling costs,Overheads,False,11,False,Budget,Apr,CHC,-0.29
Claims Handling costs,Overheads,False,11,False,Budget,May,Motor,-1.61
Claims Handling costs,Overheads,False,11,False,Budget,May,Travel,-0.56
Claims Handling costs,Overheads,False,11,False,Budget,May,Home,-0.4
Claims Handling costs,Overheads,False,11,False,Budget,May,CHC,-0.29
Claims Handling costs,Overheads,False,11,False,Budget,Jun,Motor,-1.82
Claims Handling costs,Overheads,False,11,False,Budget,Jun,Travel,-0.63
Claims Handling costs,Overheads,False,11,False,Budget,Jun,Home,-0.45
Claims Handling costs,Overheads,False,11,False,Budget,Jun,CHC,-0.32
Claims Handling costs,Overheads,False,11,False,Budget,Q2,Motor,-5.11
Claims Handling costs,Overheads,False,11,False,Budget,Q2,Travel,-1.75
Claims Handling costs,Overheads,False,11,False,Budget,Q2,Home,-1.21
Claims Handling costs,Overheads,False,11,False,Budget,Q2,CHC,-0.92
Claims Handling costs,Overheads,False,11,False,Budget,H1,Motor,-9.82
Claims Handling costs,Overheads,False,11,False,Budget,H1,Travel,-3.45
Claims Handling costs,Overheads,False,11,False,Budget,H1,Home,-2.47
Claims Handling costs,Overheads,False,11,False,Budget,H1,CHC,-1.85
Claims Handling costs,Overheads,False,11,False,Budget,Q3,Motor,-4.79
Claims Handling costs,Overheads,False,11,False,Budget,Q3,Travel,-1.86
Claims Handling costs,Overheads,False,11,False,Budget,Q3,Home,-1.28
Claims Handling costs,Overheads,False,11,False,Budget,Q3,CHC,-0.9
Claims Handling costs,Overheads,False,11,False,Budget,Q4,Motor,-4.99
Claims Handling costs,Overheads,False,11,False,Budget,Q4,Travel,-1.76
Claims Handling costs,Overheads,False,11,False,Budget,Q4,Home,-1.26
Claims Handling costs,Overheads,False,11,False,Budget,Q4,CHC,-0.91
Claims Handling costs,Overheads,False,11,False,Budget,2026FY,Motor,-20.22
Claims Handling costs,Overheads,False,11,False,Budget,2026FY,Travel,-7.01
Claims Handling costs,Overheads,False,11,False,Budget,2026FY,Home,-4.98
Claims Handling costs,Overheads,False,11,False,Budget,2026FY,CHC,-3.59
Claims Handling costs,Overheads,False,11,False,Forecast1,Jan,Motor,-1.64
Claims Handling costs,Overheads,False,11,False,Forecast1,Jan,Travel,-0.59
Claims Handling costs,Overheads,False,11,False,Forecast1,Jan,Home,-0.42
Claims Handling costs,Overheads,False,11,False,Forecast1,Jan,CHC,-0.28
Claims Handling costs,Overheads,False,11,False,Forecast1,Feb,Motor,-1.67
Claims Handling costs,Overheads,False,11,False,Forecast1,Feb,Travel,-0.58
Claims Handling costs,Overheads,False,11,False,Forecast1,Feb,Home,-0.41
Claims Handling costs,Overheads,False,11,False,Forecast1,Feb,CHC,-0.29
Claims Handling costs,Overheads,False,11,False,Forecast1,Mar,Motor,-1.89
Claims Handling costs,Overheads,False,11,False,Forecast1,Mar,Travel,-0.66
Claims Handling costs,Overheads,False,11,False,Forecast1,Mar,Home,-0.46
Claims Handling costs,Overheads,False,11,False,Forecast1,Mar,CHC,-0.34
Claims Handling costs,Overheads,False,11,False,Forecast1,Q1,Motor,-5.05
Claims Handling costs,Overheads,False,11,False,Forecast1,Q1,Travel,-1.75
Claims Handling costs,Overheads,False,11,False,Forecast1,Q1,Home,-1.27
Claims Handling costs,Overheads,False,11,False,Forecast1,Q1,CHC,-0.94
Claims Handling costs,Overheads,False,11,False,Forecast1,Apr,Motor,-1.68
Claims Handling costs,Overheads,False,11,False,Forecast1,Apr,Travel,-0.58
Claims Handling costs,Overheads,False,11,False,Forecast1,Apr,Home,-0.42
Claims Handling costs,Overheads,False,11,False,Forecast1,Apr,CHC,-0.3
Claims Handling costs,Overheads,False,11,False,Forecast1,May,Motor,-1.63
Claims Handling costs,Overheads,False,11,False,Forecast1,May,Travel,-0.58
Claims Handling costs,Overheads,False,11,False,Forecast1,May,Home,-0.42
Claims Handling costs,Overheads,False,11,False,Forecast1,May,CHC,-0.3
Claims Handling costs,Overheads,False,11,False,Forecast1,Jun,Motor,-1.9
Claims Handling costs,Overheads,False,11,False,Forecast1,Jun,Travel,-0.66
Claims Handling costs,Overheads,False,11,False,Forecast1,Jun,Home,-0.47
Claims Handling costs,Overheads,False,11,False,Forecast1,Jun,CHC,-0.34
Claims Handling costs,Overheads,False,11,False,Forecast1,Q2,Motor,-5.15
Claims Handling costs,Overheads,False,11,False,Forecast1,Q2,Travel,-1.77
Claims Handling costs,Overheads,False,11,False,Forecast1,Q2,Home,-1.28
Claims Handling costs,Overheads,False,11,False,Forecast1,Q2,CHC,-0.91
Claims Handling costs,Overheads,False,11,False,Forecast1,H1,Motor,-10.16
Claims Handling costs,Overheads,False,11,False,Forecast1,H1,Travel,-3.59
Claims Handling costs,Overheads,False,11,False,Forecast1,H1,Home,-2.54
Claims Handling costs,Overheads,False,11,False,Forecast1,H1,CHC,-1.84
Claims Handling costs,Overheads,False,11,False,Forecast1,Q3,Motor,-4.96
Claims Handling costs,Overheads,False,11,False,Forecast1,Q3,Travel,-1.81
Claims Handling costs,Overheads,False,11,False,Forecast1,Q3,Home,-1.29
Claims Handling costs,Overheads,False,11,False,Forecast1,Q3,CHC,-0.91
Claims Handling costs,Overheads,False,11,False,Forecast1,Q4,Motor,-5.22
Claims Handling costs,Overheads,False,11,False,Forecast1,Q4,Travel,-1.84
Claims Handling costs,Overheads,False,11,False,Forecast1,Q4,Home,-1.25
Claims Handling costs,Overheads,False,11,False,Forecast1,Q4,CHC,-0.91
Claims Handling costs,Overheads,False,11,False,Forecast1,2026FY,Motor,-20.29
Claims Handling costs,Overheads,False,11,False,Forecast1,2026FY,Travel,-7.08
Claims Handling costs,Overheads,False,11,False,Forecast1,2026FY,Home,-5.23
Claims Handling costs,Overheads,False,11,False,Forecast1,2026FY,CHC,-3.69
Claims Handling costs,Overheads,False,11,False,Forecast2,Jan,Motor,-1.67
Claims Handling costs,Overheads,False,11,False,Forecast2,Jan,Travel,-0.57
Claims Handling costs,Overheads,False,11,False,Forecast2,Jan,Home,-0.43
Claims Handling costs,Overheads,False,11,False,Forecast2,Jan,CHC,-0.3
Claims Handling costs,Overheads,False,11,False,Forecast2,Feb,Motor,-1.68
Claims Handling costs,Overheads,False,11,False,Forecast2,Feb,Travel,-0.59
Claims Handling costs,Overheads,False,11,False,Forecast2,Feb,Home,-0.43
Claims Handling costs,Overheads,False,11,False,Forecast2,Feb,CHC,-0.29
Claims Handling costs,Overheads,False,11,False,Forecast2,Mar,Motor,-1.78
Claims Handling costs,Overheads,False,11,False,Forecast2,Mar,Travel,-0.66
Claims Handling costs,Overheads,False,11,False,Forecast2,Mar,Home,-0.49
Claims Handling costs,Overheads,False,11,False,Forecast2,Mar,CHC,-0.35
Claims Handling costs,Overheads,False,11,False,Forecast2,Q1,Motor,-5.27
Claims Handling costs,Overheads,False,11,False,Forecast2,Q1,Travel,-1.82
Claims Handling costs,Overheads,False,11,False,Forecast2,Q1,Home,-1.33
Claims Handling costs,Overheads,False,11,False,Forecast2,Q1,CHC,-0.93
Claims Handling costs,Overheads,False,11,False,Forecast2,Apr,Motor,-1.7
Claims Handling costs,Overheads,False,11,False,Forecast2,Apr,Travel,-0.59
Claims Handling costs,Overheads,False,11,False,Forecast2,Apr,Home,-0.43
Claims Handling costs,Overheads,False,11,False,Forecast2,Apr,CHC,-0.32
Claims Handling costs,Overheads,False,11,False,Forecast2,May,Motor,-1.69
Claims Handling costs,Overheads,False,11,False,Forecast2,May,Travel,-0.58
Claims Handling costs,Overheads,False,11,False,Forecast2,May,Home,-0.42
Claims Handling costs,Overheads,False,11,False,Forecast2,May,CHC,-0.29
Claims Handling costs,Overheads,False,11,False,Forecast2,Jun,Motor,-1.86
Claims Handling costs,Overheads,False,11,False,Forecast2,Jun,Travel,-0.66
Claims Handling costs,Overheads,False,11,False,Forecast2,Jun,Home,-0.47
Claims Handling costs,Overheads,False,11,False,Forecast2,Jun,CHC,-0.34
Claims Handling costs,Overheads,False,11,False,Forecast2,Q2,Motor,-5.17
Claims Handling costs,Overheads,False,11,False,Forecast2,Q2,Travel,-1.88
Claims Handling costs,Overheads,False,11,False,Forecast2,Q2,Home,-1.31
Claims Handling costs,Overheads,False,11,False,Forecast2,Q2,CHC,-0.94
Claims Handling costs,Overheads,False,11,False,Forecast2,H1,Motor,-10.43
Claims Handling costs,Overheads,False,11,False,Forecast2,H1,Travel,-3.69
Claims Handling costs,Overheads,False,11,False,Forecast2,H1,Home,-2.67
Claims Handling costs,Overheads,False,11,False,Forecast2,H1,CHC,-1.86
Claims Handling costs,Overheads,False,11,False,Forecast2,Q3,Motor,-5.18
Claims Handling costs,Overheads,False,11,False,Forecast2,Q3,Travel,-1.83
Claims Handling costs,Overheads,False,11,False,Forecast2,Q3,Home,-1.28
Claims Handling costs,Overheads,False,11,False,Forecast2,Q3,CHC,-0.93
Claims Handling costs,Overheads,False,11,False,Forecast2,Q4,Motor,-5.2
Claims Handling costs,Overheads,False,11,False,Forecast2,Q4,Travel,-1.87
Claims Handling costs,Overheads,False,11,False,Forecast2,Q4,Home,-1.32
Claims Handling costs,Overheads,False,11,False,Forecast2,Q4,CHC,-0.95
Claims Handling costs,Overheads,False,11,False,Forecast2,2026FY,Motor,-21.34
Claims Handling costs,Overheads,False,11,False,Forecast2,2026FY,Travel,-7.33
Claims Handling costs,Overheads,False,11,False,Forecast2,2026FY,Home,-5.29
Claims Handling costs,Overheads,False,11,False,Forecast2,2026FY,CHC,-3.77
Claims Handling costs,Overheads,False,11,False,Actuals,Jan,Motor,-1.72
Claims Handling costs,Overheads,False,11,False,Actuals,Jan,Travel,-0.59
Claims Handling costs,Overheads,False,11,False,Actuals,Jan,Home,-0.41
Claims Handling costs,Overheads,False,11,False,Actuals,Jan,CHC,-0.31
Claims Handling costs,Overheads,False,11,False,Actuals,Feb,Motor,-1.76
Claims Handling costs,Overheads,False,11,False,Actuals,Feb,Travel,-0.61
Claims Handling costs,Overheads,False,11,False,Actuals,Feb,Home,-0.44
Claims Handling costs,Overheads,False,11,False,Actuals,Feb,CHC,-0.32
Claims Handling costs,Overheads,False,11,False,Actuals,Mar,Motor,-1.93
Claims Handling costs,Overheads,False,11,False,Actuals,Mar,Travel,-0.68
Claims Handling costs,Overheads,False,11,False,Actuals,Mar,Home,-0.48
Claims Handling costs,Overheads,False,11,False,Actuals,Mar,CHC,-0.34
Claims Handling costs,Overheads,False,11,False,Actuals,Q1,Motor,-5.41
Claims Handling costs,Overheads,False,11,False,Actuals,Q1,Travel,-1.91
Claims Handling costs,Overheads,False,11,False,Actuals,Q1,Home,-1.33
Claims Handling costs,Overheads,False,11,False,Actuals,Q1,CHC,-0.95
Claims Handling costs,Overheads,False,11,False,Actuals,Apr,Motor,-1.71
Claims Handling costs,Overheads,False,11,False,Actuals,Apr,Travel,-0.61
Claims Handling costs,Overheads,False,11,False,Actuals,Apr,Home,-0.42
Claims Handling costs,Overheads,False,11,False,Actuals,Apr,CHC,-0.29
Claims Handling costs,Overheads,False,11,False,Actuals,May,Motor,-1.69
Claims Handling costs,Overheads,False,11,False,Actuals,May,Travel,-0.59
Claims Handling costs,Overheads,False,11,False,Actuals,May,Home,-0.42
Claims Handling costs,Overheads,False,11,False,Actuals,May,CHC,-0.31
Claims Handling costs,Overheads,False,11,False,Actuals,Jun,Motor,-1.91
Claims Handling costs,Overheads,False,11,False,Actuals,Jun,Travel,-0.69
Claims Handling costs,Overheads,False,11,False,Actuals,Jun,Home,-0.48
Claims Handling costs,Overheads,False,11,False,Actuals,Jun,CHC,-0.35
Claims Handling costs,Overheads,False,11,False,Actuals,Q2,Motor,-5.41
Claims Handling costs,Overheads,False,11,False,Actuals,Q2,Travel,-1.83
Claims Handling costs,Overheads,False,11,False,Actuals,Q2,Home,-1.36
Claims Handling costs,Overheads,False,11,False,Actuals,Q2,CHC,-0.96
Claims Handling costs,Overheads,False,11,False,Actuals,H1,Motor,-10.83
Claims Handling costs,Overheads,False,11,False,Actuals,H1,Travel,-3.67
Claims Handling costs,Overheads,False,11,False,Actuals,H1,Home,-2.6
Claims Handling costs,Overheads,False,11,False,Actuals,H1,CHC,-1.96
Claims Handling costs,Overheads,False,11,False,Actuals,Q3,Motor,-5.39
Claims Handling costs,Overheads,False,11,False,Actuals,Q3,Travel,-1.84
Claims Handling costs,Overheads,False,11,False,Actuals,Q3,Home,-1.32
Claims Handling costs,Overheads,False,11,False,Actuals,Q3,CHC,-0.98
Claims Handling costs,Overheads,False,11,False,Actuals,Q4,Motor,-5.23
Claims Handling costs,Overheads,False,11,False,Actuals,Q4,Travel,-1.93
Claims Handling costs,Overheads,False,11,False,Actuals,Q4,Home,-1.31
Claims Handling costs,Overheads,False,11,False,Actuals,Q4,CHC,-0.97
Claims Handling costs,Overheads,False,11,False,Actuals,2026FY,Motor,-21.27
Claims Handling costs,Overheads,False,11,False,Actuals,2026FY,Travel,-7.57
Claims Handling costs,Overheads,False,11,False,Actuals,2026FY,Home,-5.3
Claims Handling costs,Overheads,False,11,False,Actuals,2026FY,CHC,-3.84
o/w Labour cost,Overheads,False,12,False,Budget,Jan,Motor,-0.64
o/w Labour cost,Overheads,False,12,False,Budget,Jan,Travel,-0.22
o/w Labour cost,Overheads,False,12,False,Budget,Jan,Home,-0.16
o/w Labour cost,Overheads,False,12,False,Budget,Jan,CHC,-0.11
o/w Labour cost,Overheads,False,12,False,Budget,Feb,Motor,-0.64
o/w Labour cost,Overheads,False,12,False,Budget,Feb,Travel,-0.22
o/w Labour cost,Overheads,False,12,False,Budget,Feb,Home,-0.15
o/w Labour cost,Overheads,False,12,False,Budget,Feb,CHC,-0.11
o/w Labour cost,Overheads,False,12,False,Budget,Mar,Motor,-0.75
o/w Labour cost,Overheads,False,12,False,Budget,Mar,Travel,-0.26
o/w Labour cost,Overheads,False,12,False,Budget,Mar,Home,-0.18
o/w Labour cost,Overheads,False,12,False,Budget,Mar,CHC,-0.13
o/w Labour cost,Overheads,False,12,False,Budget,Q1,Motor,-2.0
o/w Labour cost,Overheads,False,12,False,Budget,Q1,Travel,-0.71
o/w Labour cost,Overheads,False,12,False,Budget,Q1,Home,-0.49
o/w Labour cost,Overheads,False,12,False,Budget,Q1,CHC,-0.37
o/w Labour cost,Overheads,False,12,False,Budget,Apr,Motor,-0.65
o/w Labour cost,Overheads,False,12,False,Budget,Apr,Travel,-0.23
o/w Labour cost,Overheads,False,12,False,Budget,Apr,Home,-0.16
o/w Labour cost,Overheads,False,12,False,Budget,Apr,CHC,-0.12
o/w Labour cost,Overheads,False,12,False,Budget,May,Motor,-0.65
o/w Labour cost,Overheads,False,12,False,Budget,May,Travel,-0.23
o/w Labour cost,Overheads,False,12,False,Budget,May,Home,-0.16
o/w Labour cost,Overheads,False,12,False,Budget,May,CHC,-0.11
o/w Labour cost,Overheads,False,12,False,Budget,Jun,Motor,-0.72
o/w Labour cost,Overheads,False,12,False,Budget,Jun,Travel,-0.26
o/w Labour cost,Overheads,False,12,False,Budget,Jun,Home,-0.18
o/w Labour cost,Overheads,False,12,False,Budget,Jun,CHC,-0.13
o/w Labour cost,Overheads,False,12,False,Budget,Q2,Motor,-2.01
o/w Labour cost,Overheads,False,12,False,Budget,Q2,Travel,-0.7
o/w Labour cost,Overheads,False,12,False,Budget,Q2,Home,-0.5
o/w Labour cost,Overheads,False,12,False,Budget,Q2,CHC,-0.36
o/w Labour cost,Overheads,False,12,False,Budget,H1,Motor,-3.98
o/w Labour cost,Overheads,False,12,False,Budget,H1,Travel,-1.44
o/w Labour cost,Overheads,False,12,False,Budget,H1,Home,-0.97
o/w Labour cost,Overheads,False,12,False,Budget,H1,CHC,-0.71
o/w Labour cost,Overheads,False,12,False,Budget,Q3,Motor,-2.0
o/w Labour cost,Overheads,False,12,False,Budget,Q3,Travel,-0.68
o/w Labour cost,Overheads,False,12,False,Budget,Q3,Home,-0.5
o/w Labour cost,Overheads,False,12,False,Budget,Q3,CHC,-0.37
o/w Labour cost,Overheads,False,12,False,Budget,Q4,Motor,-2.0
o/w Labour cost,Overheads,False,12,False,Budget,Q4,Travel,-0.7
o/w Labour cost,Overheads,False,12,False,Budget,Q4,Home,-0.49
o/w Labour cost,Overheads,False,12,False,Budget,Q4,CHC,-0.36
o/w Labour cost,Overheads,False,12,False,Budget,2026FY,Motor,-7.94
o/w Labour cost,Overheads,False,12,False,Budget,2026FY,Travel,-2.78
o/w Labour cost,Overheads,False,12,False,Budget,2026FY,Home,-2.05
o/w Labour cost,Overheads,False,12,False,Budget,2026FY,CHC,-1.46
o/w Labour cost,Overheads,False,12,False,Forecast1,Jan,Motor,-0.64
o/w Labour cost,Overheads,False,12,False,Forecast1,Jan,Travel,-0.23
o/w Labour cost,Overheads,False,12,False,Forecast1,Jan,Home,-0.17
o/w Labour cost,Overheads,False,12,False,Forecast1,Jan,CHC,-0.12
o/w Labour cost,Overheads,False,12,False,Forecast1,Feb,Motor,-0.68
o/w Labour cost,Overheads,False,12,False,Forecast1,Feb,Travel,-0.23
o/w Labour cost,Overheads,False,12,False,Forecast1,Feb,Home,-0.16
o/w Labour cost,Overheads,False,12,False,Forecast1,Feb,CHC,-0.12
o/w Labour cost,Overheads,False,12,False,Forecast1,Mar,Motor,-0.74
o/w Labour cost,Overheads,False,12,False,Forecast1,Mar,Travel,-0.26
o/w Labour cost,Overheads,False,12,False,Forecast1,Mar,Home,-0.19
o/w Labour cost,Overheads,False,12,False,Forecast1,Mar,CHC,-0.13
o/w Labour cost,Overheads,False,12,False,Forecast1,Q1,Motor,-2.05
o/w Labour cost,Overheads,False,12,False,Forecast1,Q1,Travel,-0.72
o/w Labour cost,Overheads,False,12,False,Forecast1,Q1,Home,-0.51
o/w Labour cost,Overheads,False,12,False,Forecast1,Q1,CHC,-0.39
o/w Labour cost,Overheads,False,12,False,Forecast1,Apr,Motor,-0.64
o/w Labour cost,Overheads,False,12,False,Forecast1,Apr,Travel,-0.23
o/w Labour cost,Overheads,False,12,False,Forecast1,Apr,Home,-0.17
o/w Labour cost,Overheads,False,12,False,Forecast1,Apr,CHC,-0.12
o/w Labour cost,Overheads,False,12,False,Forecast1,May,Motor,-0.66
o/w Labour cost,Overheads,False,12,False,Forecast1,May,Travel,-0.23
o/w Labour cost,Overheads,False,12,False,Forecast1,May,Home,-0.16
o/w Labour cost,Overheads,False,12,False,Forecast1,May,CHC,-0.12
o/w Labour cost,Overheads,False,12,False,Forecast1,Jun,Motor,-0.71
o/w Labour cost,Overheads,False,12,False,Forecast1,Jun,Travel,-0.27
o/w Labour cost,Overheads,False,12,False,Forecast1,Jun,Home,-0.18
o/w Labour cost,Overheads,False,12,False,Forecast1,Jun,CHC,-0.13
o/w Labour cost,Overheads,False,12,False,Forecast1,Q2,Motor,-2.04
o/w Labour cost,Overheads,False,12,False,Forecast1,Q2,Travel,-0.73
o/w Labour cost,Overheads,False,12,False,Forecast1,Q2,Home,-0.5
o/w Labour cost,Overheads,False,12,False,Forecast1,Q2,CHC,-0.37
o/w Labour cost,Overheads,False,12,False,Forecast1,H1,Motor,-4.28
o/w Labour cost,Overheads,False,12,False,Forecast1,H1,Travel,-1.4
o/w Labour cost,Overheads,False,12,False,Forecast1,H1,Home,-1.03
o/w Labour cost,Overheads,False,12,False,Forecast1,H1,CHC,-0.73
o/w Labour cost,Overheads,False,12,False,Forecast1,Q3,Motor,-2.08
o/w Labour cost,Overheads,False,12,False,Forecast1,Q3,Travel,-0.72
o/w Labour cost,Overheads,False,12,False,Forecast1,Q3,Home,-0.51
o/w Labour cost,Overheads,False,12,False,Forecast1,Q3,CHC,-0.37
o/w Labour cost,Overheads,False,12,False,Forecast1,Q4,Motor,-2.13
o/w Labour cost,Overheads,False,12,False,Forecast1,Q4,Travel,-0.72
o/w Labour cost,Overheads,False,12,False,Forecast1,Q4,Home,-0.52
o/w Labour cost,Overheads,False,12,False,Forecast1,Q4,CHC,-0.36
o/w Labour cost,Overheads,False,12,False,Forecast1,2026FY,Motor,-8.09
o/w Labour cost,Overheads,False,12,False,Forecast1,2026FY,Travel,-2.91
o/w Labour cost,Overheads,False,12,False,Forecast1,2026FY,Home,-2.12
o/w Labour cost,Overheads,False,12,False,Forecast1,2026FY,CHC,-1.49
o/w Labour cost,Overheads,False,12,False,Forecast2,Jan,Motor,-0.67
o/w Labour cost,Overheads,False,12,False,Forecast2,Jan,Travel,-0.24
o/w Labour cost,Overheads,False,12,False,Forecast2,Jan,Home,-0.16
o/w Labour cost,Overheads,False,12,False,Forecast2,Jan,CHC,-0.12
o/w Labour cost,Overheads,False,12,False,Forecast2,Feb,Motor,-0.68
o/w Labour cost,Overheads,False,12,False,Forecast2,Feb,Travel,-0.23
o/w Labour cost,Overheads,False,12,False,Forecast2,Feb,Home,-0.17
o/w Labour cost,Overheads,False,12,False,Forecast2,Feb,CHC,-0.12
o/w Labour cost,Overheads,False,12,False,Forecast2,Mar,Motor,-0.75
o/w Labour cost,Overheads,False,12,False,Forecast2,Mar,Travel,-0.26
o/w Labour cost,Overheads,False,12,False,Forecast2,Mar,Home,-0.2
o/w Labour cost,Overheads,False,12,False,Forecast2,Mar,CHC,-0.14
o/w Labour cost,Overheads,False,12,False,Forecast2,Q1,Motor,-2.09
o/w Labour cost,Overheads,False,12,False,Forecast2,Q1,Travel,-0.73
o/w Labour cost,Overheads,False,12,False,Forecast2,Q1,Home,-0.53
o/w Labour cost,Overheads,False,12,False,Forecast2,Q1,CHC,-0.38
o/w Labour cost,Overheads,False,12,False,Forecast2,Apr,Motor,-0.66
o/w Labour cost,Overheads,False,12,False,Forecast2,Apr,Travel,-0.24
o/w Labour cost,Overheads,False,12,False,Forecast2,Apr,Home,-0.17
o/w Labour cost,Overheads,False,12,False,Forecast2,Apr,CHC,-0.12
o/w Labour cost,Overheads,False,12,False,Forecast2,May,Motor,-0.65
o/w Labour cost,Overheads,False,12,False,Forecast2,May,Travel,-0.24
o/w Labour cost,Overheads,False,12,False,Forecast2,May,Home,-0.17
o/w Labour cost,Overheads,False,12,False,Forecast2,May,CHC,-0.12
o/w Labour cost,Overheads,False,12,False,Forecast2,Jun,Motor,-0.73
o/w Labour cost,Overheads,False,12,False,Forecast2,Jun,Travel,-0.27
o/w Labour cost,Overheads,False,12,False,Forecast2,Jun,Home,-0.18
o/w Labour cost,Overheads,False,12,False,Forecast2,Jun,CHC,-0.14
o/w Labour cost,Overheads,False,12,False,Forecast2,Q2,Motor,-2.1
o/w Labour cost,Overheads,False,12,False,Forecast2,Q2,Travel,-0.72
o/w Labour cost,Overheads,False,12,False,Forecast2,Q2,Home,-0.52
o/w Labour cost,Overheads,False,12,False,Forecast2,Q2,CHC,-0.38
o/w Labour cost,Overheads,False,12,False,Forecast2,H1,Motor,-4.21
o/w Labour cost,Overheads,False,12,False,Forecast2,H1,Travel,-1.49
o/w Labour cost,Overheads,False,12,False,Forecast2,H1,Home,-1.09
o/w Labour cost,Overheads,False,12,False,Forecast2,H1,CHC,-0.73
o/w Labour cost,Overheads,False,12,False,Forecast2,Q3,Motor,-2.16
o/w Labour cost,Overheads,False,12,False,Forecast2,Q3,Travel,-0.74
o/w Labour cost,Overheads,False,12,False,Forecast2,Q3,Home,-0.52
o/w Labour cost,Overheads,False,12,False,Forecast2,Q3,CHC,-0.37
o/w Labour cost,Overheads,False,12,False,Forecast2,Q4,Motor,-2.09
o/w Labour cost,Overheads,False,12,False,Forecast2,Q4,Travel,-0.75
o/w Labour cost,Overheads,False,12,False,Forecast2,Q4,Home,-0.52
o/w Labour cost,Overheads,False,12,False,Forecast2,Q4,CHC,-0.39
o/w Labour cost,Overheads,False,12,False,Forecast2,2026FY,Motor,-8.17
o/w Labour cost,Overheads,False,12,False,Forecast2,2026FY,Travel,-2.94
o/w Labour cost,Overheads,False,12,False,Forecast2,2026FY,Home,-2.05
o/w Labour cost,Overheads,False,12,False,Forecast2,2026FY,CHC,-1.52
o/w Labour cost,Overheads,False,12,False,Actuals,Jan,Motor,-0.7
o/w Labour cost,Overheads,False,12,False,Actuals,Jan,Travel,-0.24
o/w Labour cost,Overheads,False,12,False,Actuals,Jan,Home,-0.16
o/w Labour cost,Overheads,False,12,False,Actuals,Jan,CHC,-0.12
o/w Labour cost,Overheads,False,12,False,Actuals,Feb,Motor,-0.69
o/w Labour cost,Overheads,False,12,False,Actuals,Feb,Travel,-0.24
o/w Labour cost,Overheads,False,12,False,Actuals,Feb,Home,-0.18
o/w Labour cost,Overheads,False,12,False,Actuals,Feb,CHC,-0.12
o/w Labour cost,Overheads,False,12,False,Actuals,Mar,Motor,-0.78
o/w Labour cost,Overheads,False,12,False,Actuals,Mar,Travel,-0.28
o/w Labour cost,Overheads,False,12,False,Actuals,Mar,Home,-0.19
o/w Labour cost,Overheads,False,12,False,Actuals,Mar,CHC,-0.14
o/w Labour cost,Overheads,False,12,False,Actuals,Q1,Motor,-2.12
o/w Labour cost,Overheads,False,12,False,Actuals,Q1,Travel,-0.75
o/w Labour cost,Overheads,False,12,False,Actuals,Q1,Home,-0.54
o/w Labour cost,Overheads,False,12,False,Actuals,Q1,CHC,-0.38
o/w Labour cost,Overheads,False,12,False,Actuals,Apr,Motor,-0.68
o/w Labour cost,Overheads,False,12,False,Actuals,Apr,Travel,-0.24
o/w Labour cost,Overheads,False,12,False,Actuals,Apr,Home,-0.17
o/w Labour cost,Overheads,False,12,False,Actuals,Apr,CHC,-0.12
o/w Labour cost,Overheads,False,12,False,Actuals,May,Motor,-0.69
o/w Labour cost,Overheads,False,12,False,Actuals,May,Travel,-0.23
o/w Labour cost,Overheads,False,12,False,Actuals,May,Home,-0.17
o/w Labour cost,Overheads,False,12,False,Actuals,May,CHC,-0.12
o/w Labour cost,Overheads,False,12,False,Actuals,Jun,Motor,-0.75
o/w Labour cost,Overheads,False,12,False,Actuals,Jun,Travel,-0.27
o/w Labour cost,Overheads,False,12,False,Actuals,Jun,Home,-0.2
o/w Labour cost,Overheads,False,12,False,Actuals,Jun,CHC,-0.14
o/w Labour cost,Overheads,False,12,False,Actuals,Q2,Motor,-2.12
o/w Labour cost,Overheads,False,12,False,Actuals,Q2,Travel,-0.76
o/w Labour cost,Overheads,False,12,False,Actuals,Q2,Home,-0.54
o/w Labour cost,Overheads,False,12,False,Actuals,Q2,CHC,-0.38
o/w Labour cost,Overheads,False,12,False,Actuals,H1,Motor,-4.23
o/w Labour cost,Overheads,False,12,False,Actuals,H1,Travel,-1.54
o/w Labour cost,Overheads,False,12,False,Actuals,H1,Home,-1.1
o/w Labour cost,Overheads,False,12,False,Actuals,H1,CHC,-0.78
o/w Labour cost,Overheads,False,12,False,Actuals,Q3,Motor,-2.14
o/w Labour cost,Overheads,False,12,False,Actuals,Q3,Travel,-0.74
o/w Labour cost,Overheads,False,12,False,Actuals,Q3,Home,-0.53
o/w Labour cost,Overheads,False,12,False,Actuals,Q3,CHC,-0.39
o/w Labour cost,Overheads,False,12,False,Actuals,Q4,Motor,-2.16
o/w Labour cost,Overheads,False,12,False,Actuals,Q4,Travel,-0.77
o/w Labour cost,Overheads,False,12,False,Actuals,Q4,Home,-0.54
o/w Labour cost,Overheads,False,12,False,Actuals,Q4,CHC,-0.37
o/w Labour cost,Overheads,False,12,False,Actuals,2026FY,Motor,-8.73
o/w Labour cost,Overheads,False,12,False,Actuals,2026FY,Travel,-2.94
o/w Labour cost,Overheads,False,12,False,Actuals,2026FY,Home,-2.12
o/w Labour cost,Overheads,False,12,False,Actuals,2026FY,CHC,-1.55
Non-Commission expenses,Overheads,False,13,False,Budget,Jan,Motor,-1.0
Non-Commission expenses,Overheads,False,13,False,Budget,Jan,Travel,-0.36
Non-Commission expenses,Overheads,False,13,False,Budget,Jan,Home,-0.24
Non-Commission expenses,Overheads,False,13,False,Budget,Jan,CHC,-0.17
Non-Commission expenses,Overheads,False,13,False,Budget,Feb,Motor,-0.97
Non-Commission expenses,Overheads,False,13,False,Budget,Feb,Travel,-0.34
Non-Commission expenses,Overheads,False,13,False,Budget,Feb,Home,-0.24
Non-Commission expenses,Overheads,False,13,False,Budget,Feb,CHC,-0.18
Non-Commission expenses,Overheads,False,13,False,Budget,Mar,Motor,-1.08
Non-Commission expenses,Overheads,False,13,False,Budget,Mar,Travel,-0.38
Non-Commission expenses,Overheads,False,13,False,Budget,Mar,Home,-0.27
Non-Commission expenses,Overheads,False,13,False,Budget,Mar,CHC,-0.2
Non-Commission expenses,Overheads,False,13,False,Budget,Q1,Motor,-3.05
Non-Commission expenses,Overheads,False,13,False,Budget,Q1,Travel,-1.04
Non-Commission expenses,Overheads,False,13,False,Budget,Q1,Home,-0.74
Non-Commission expenses,Overheads,False,13,False,Budget,Q1,CHC,-0.53
Non-Commission expenses,Overheads,False,13,False,Budget,Apr,Motor,-0.97
Non-Commission expenses,Overheads,False,13,False,Budget,Apr,Travel,-0.34
Non-Commission expenses,Overheads,False,13,False,Budget,Apr,Home,-0.24
Non-Commission expenses,Overheads,False,13,False,Budget,Apr,CHC,-0.18
Non-Commission expenses,Overheads,False,13,False,Budget,May,Motor,-0.96
Non-Commission expenses,Overheads,False,13,False,Budget,May,Travel,-0.34
Non-Commission expenses,Overheads,False,13,False,Budget,May,Home,-0.23
Non-Commission expenses,Overheads,False,13,False,Budget,May,CHC,-0.17
Non-Commission expenses,Overheads,False,13,False,Budget,Jun,Motor,-1.1
Non-Commission expenses,Overheads,False,13,False,Budget,Jun,Travel,-0.38
Non-Commission expenses,Overheads,False,13,False,Budget,Jun,Home,-0.27
Non-Commission expenses,Overheads,False,13,False,Budget,Jun,CHC,-0.19
Non-Commission expenses,Overheads,False,13,False,Budget,Q2,Motor,-2.91
Non-Commission expenses,Overheads,False,13,False,Budget,Q2,Travel,-1.04
Non-Commission expenses,Overheads,False,13,False,Budget,Q2,Home,-0.76
Non-Commission expenses,Overheads,False,13,False,Budget,Q2,CHC,-0.55
Non-Commission expenses,Overheads,False,13,False,Budget,H1,Motor,-6.06
Non-Commission expenses,Overheads,False,13,False,Budget,H1,Travel,-2.1
Non-Commission expenses,Overheads,False,13,False,Budget,H1,Home,-1.5
Non-Commission expenses,Overheads,False,13,False,Budget,H1,CHC,-1.07
Non-Commission expenses,Overheads,False,13,False,Budget,Q3,Motor,-3.04
Non-Commission expenses,Overheads,False,13,False,Budget,Q3,Travel,-1.06
Non-Commission expenses,Overheads,False,13,False,Budget,Q3,Home,-0.76
Non-Commission expenses,Overheads,False,13,False,Budget,Q3,CHC,-0.53
Non-Commission expenses,Overheads,False,13,False,Budget,Q4,Motor,-2.87
Non-Commission expenses,Overheads,False,13,False,Budget,Q4,Travel,-1.07
Non-Commission expenses,Overheads,False,13,False,Budget,Q4,Home,-0.74
Non-Commission expenses,Overheads,False,13,False,Budget,Q4,CHC,-0.53
Non-Commission expenses,Overheads,False,13,False,Budget,2026FY,Motor,-12.17
Non-Commission expenses,Overheads,False,13,False,Budget,2026FY,Travel,-4.17
Non-Commission expenses,Overheads,False,13,False,Budget,2026FY,Home,-3.06
Non-Commission expenses,Overheads,False,13,False,Budget,2026FY,CHC,-2.19
Non-Commission expenses,Overheads,False,13,False,Forecast1,Jan,Motor,-1.0
Non-Commission expenses,Overheads,False,13,False,Forecast1,Jan,Travel,-0.34
Non-Commission expenses,Overheads,False,13,False,Forecast1,Jan,Home,-0.25
Non-Commission expenses,Overheads,False,13,False,Forecast1,Jan,CHC,-0.18
Non-Commission expenses,Overheads,False,13,False,Forecast1,Feb,Motor,-0.98
Non-Commission expenses,Overheads,False,13,False,Forecast1,Feb,Travel,-0.35
Non-Commission expenses,Overheads,False,13,False,Forecast1,Feb,Home,-0.24
Non-Commission expenses,Overheads,False,13,False,Forecast1,Feb,CHC,-0.18
Non-Commission expenses,Overheads,False,13,False,Forecast1,Mar,Motor,-1.09
Non-Commission expenses,Overheads,False,13,False,Forecast1,Mar,Travel,-0.38
Non-Commission expenses,Overheads,False,13,False,Forecast1,Mar,Home,-0.27
Non-Commission expenses,Overheads,False,13,False,Forecast1,Mar,CHC,-0.2
Non-Commission expenses,Overheads,False,13,False,Forecast1,Q1,Motor,-3.05
Non-Commission expenses,Overheads,False,13,False,Forecast1,Q1,Travel,-1.11
Non-Commission expenses,Overheads,False,13,False,Forecast1,Q1,Home,-0.76
Non-Commission expenses,Overheads,False,13,False,Forecast1,Q1,CHC,-0.54
Non-Commission expenses,Overheads,False,13,False,Forecast1,Apr,Motor,-0.97
Non-Commission expenses,Overheads,False,13,False,Forecast1,Apr,Travel,-0.35
Non-Commission expenses,Overheads,False,13,False,Forecast1,Apr,Home,-0.25
Non-Commission expenses,Overheads,False,13,False,Forecast1,Apr,CHC,-0.18
Non-Commission expenses,Overheads,False,13,False,Forecast1,May,Motor,-0.99
Non-Commission expenses,Overheads,False,13,False,Forecast1,May,Travel,-0.35
Non-Commission expenses,Overheads,False,13,False,Forecast1,May,Home,-0.25
Non-Commission expenses,Overheads,False,13,False,Forecast1,May,CHC,-0.18
Non-Commission expenses,Overheads,False,13,False,Forecast1,Jun,Motor,-1.1
Non-Commission expenses,Overheads,False,13,False,Forecast1,Jun,Travel,-0.38
Non-Commission expenses,Overheads,False,13,False,Forecast1,Jun,Home,-0.28
Non-Commission expenses,Overheads,False,13,False,Forecast1,Jun,CHC,-0.2
Non-Commission expenses,Overheads,False,13,False,Forecast1,Q2,Motor,-3.03
Non-Commission expenses,Overheads,False,13,False,Forecast1,Q2,Travel,-1.06
Non-Commission expenses,Overheads,False,13,False,Forecast1,Q2,Home,-0.78
Non-Commission expenses,Overheads,False,13,False,Forecast1,Q2,CHC,-0.56
Non-Commission expenses,Overheads,False,13,False,Forecast1,H1,Motor,-6.18
Non-Commission expenses,Overheads,False,13,False,Forecast1,H1,Travel,-2.13
Non-Commission expenses,Overheads,False,13,False,Forecast1,H1,Home,-1.54
Non-Commission expenses,Overheads,False,13,False,Forecast1,H1,CHC,-1.09
Non-Commission expenses,Overheads,False,13,False,Forecast1,Q3,Motor,-3.14
Non-Commission expenses,Overheads,False,13,False,Forecast1,Q3,Travel,-1.1
Non-Commission expenses,Overheads,False,13,False,Forecast1,Q3,Home,-0.74
Non-Commission expenses,Overheads,False,13,False,Forecast1,Q3,CHC,-0.55
Non-Commission expenses,Overheads,False,13,False,Forecast1,Q4,Motor,-3.0
Non-Commission expenses,Overheads,False,13,False,Forecast1,Q4,Travel,-1.07
Non-Commission expenses,Overheads,False,13,False,Forecast1,Q4,Home,-0.77
Non-Commission expenses,Overheads,False,13,False,Forecast1,Q4,CHC,-0.54
Non-Commission expenses,Overheads,False,13,False,Forecast1,2026FY,Motor,-12.14
Non-Commission expenses,Overheads,False,13,False,Forecast1,2026FY,Travel,-4.24
Non-Commission expenses,Overheads,False,13,False,Forecast1,2026FY,Home,-3.1
Non-Commission expenses,Overheads,False,13,False,Forecast1,2026FY,CHC,-2.23
Non-Commission expenses,Overheads,False,13,False,Forecast2,Jan,Motor,-0.99
Non-Commission expenses,Overheads,False,13,False,Forecast2,Jan,Travel,-0.35
Non-Commission expenses,Overheads,False,13,False,Forecast2,Jan,Home,-0.25
Non-Commission expenses,Overheads,False,13,False,Forecast2,Jan,CHC,-0.18
Non-Commission expenses,Overheads,False,13,False,Forecast2,Feb,Motor,-1.04
Non-Commission expenses,Overheads,False,13,False,Forecast2,Feb,Travel,-0.36
Non-Commission expenses,Overheads,False,13,False,Forecast2,Feb,Home,-0.25
Non-Commission expenses,Overheads,False,13,False,Forecast2,Feb,CHC,-0.18
Non-Commission expenses,Overheads,False,13,False,Forecast2,Mar,Motor,-1.15
Non-Commission expenses,Overheads,False,13,False,Forecast2,Mar,Travel,-0.39
Non-Commission expenses,Overheads,False,13,False,Forecast2,Mar,Home,-0.29
Non-Commission expenses,Overheads,False,13,False,Forecast2,Mar,CHC,-0.21
Non-Commission expenses,Overheads,False,13,False,Forecast2,Q1,Motor,-3.08
Non-Commission expenses,Overheads,False,13,False,Forecast2,Q1,Travel,-1.08
Non-Commission expenses,Overheads,False,13,False,Forecast2,Q1,Home,-0.8
Non-Commission expenses,Overheads,False,13,False,Forecast2,Q1,CHC,-0.57
Non-Commission expenses,Overheads,False,13,False,Forecast2,Apr,Motor,-1.02
Non-Commission expenses,Overheads,False,13,False,Forecast2,Apr,Travel,-0.36
Non-Commission expenses,Overheads,False,13,False,Forecast2,Apr,Home,-0.25
Non-Commission expenses,Overheads,False,13,False,Forecast2,Apr,CHC,-0.18
Non-Commission expenses,Overheads,False,13,False,Forecast2,May,Motor,-1.03
Non-Commission expenses,Overheads,False,13,False,Forecast2,May,Travel,-0.36
Non-Commission expenses,Overheads,False,13,False,Forecast2,May,Home,-0.25
Non-Commission expenses,Overheads,False,13,False,Forecast2,May,CHC,-0.18
Non-Commission expenses,Overheads,False,13,False,Forecast2,Jun,Motor,-1.1
Non-Commission expenses,Overheads,False,13,False,Forecast2,Jun,Travel,-0.4
Non-Commission expenses,Overheads,False,13,False,Forecast2,Jun,Home,-0.29
Non-Commission expenses,Overheads,False,13,False,Forecast2,Jun,CHC,-0.2
Non-Commission expenses,Overheads,False,13,False,Forecast2,Q2,Motor,-3.22
Non-Commission expenses,Overheads,False,13,False,Forecast2,Q2,Travel,-1.1
Non-Commission expenses,Overheads,False,13,False,Forecast2,Q2,Home,-0.8
Non-Commission expenses,Overheads,False,13,False,Forecast2,Q2,CHC,-0.56
Non-Commission expenses,Overheads,False,13,False,Forecast2,H1,Motor,-6.3
Non-Commission expenses,Overheads,False,13,False,Forecast2,H1,Travel,-2.2
Non-Commission expenses,Overheads,False,13,False,Forecast2,H1,Home,-1.58
Non-Commission expenses,Overheads,False,13,False,Forecast2,H1,CHC,-1.13
Non-Commission expenses,Overheads,False,13,False,Forecast2,Q3,Motor,-3.14
Non-Commission expenses,Overheads,False,13,False,Forecast2,Q3,Travel,-1.12
Non-Commission expenses,Overheads,False,13,False,Forecast2,Q3,Home,-0.78
Non-Commission expenses,Overheads,False,13,False,Forecast2,Q3,CHC,-0.55
Non-Commission expenses,Overheads,False,13,False,Forecast2,Q4,Motor,-3.25
Non-Commission expenses,Overheads,False,13,False,Forecast2,Q4,Travel,-1.13
Non-Commission expenses,Overheads,False,13,False,Forecast2,Q4,Home,-0.77
Non-Commission expenses,Overheads,False,13,False,Forecast2,Q4,CHC,-0.57
Non-Commission expenses,Overheads,False,13,False,Forecast2,2026FY,Motor,-12.48
Non-Commission expenses,Overheads,False,13,False,Forecast2,2026FY,Travel,-4.43
Non-Commission expenses,Overheads,False,13,False,Forecast2,2026FY,Home,-3.17
Non-Commission expenses,Overheads,False,13,False,Forecast2,2026FY,CHC,-2.26
Non-Commission expenses,Overheads,False,13,False,Actuals,Jan,Motor,-1.01
Non-Commission expenses,Overheads,False,13,False,Actuals,Jan,Travel,-0.35
Non-Commission expenses,Overheads,False,13,False,Actuals,Jan,Home,-0.25
Non-Commission expenses,Overheads,False,13,False,Actuals,Jan,CHC,-0.18
Non-Commission expenses,Overheads,False,13,False,Actuals,Feb,Motor,-1.03
Non-Commission expenses,Overheads,False,13,False,Actuals,Feb,Travel,-0.35
Non-Commission expenses,Overheads,False,13,False,Actuals,Feb,Home,-0.26
Non-Commission expenses,Overheads,False,13,False,Actuals,Feb,CHC,-0.19
Non-Commission expenses,Overheads,False,13,False,Actuals,Mar,Motor,-1.14
Non-Commission expenses,Overheads,False,13,False,Actuals,Mar,Travel,-0.41
Non-Commission expenses,Overheads,False,13,False,Actuals,Mar,Home,-0.29
Non-Commission expenses,Overheads,False,13,False,Actuals,Mar,CHC,-0.21
Non-Commission expenses,Overheads,False,13,False,Actuals,Q1,Motor,-3.21
Non-Commission expenses,Overheads,False,13,False,Actuals,Q1,Travel,-1.14
Non-Commission expenses,Overheads,False,13,False,Actuals,Q1,Home,-0.81
Non-Commission expenses,Overheads,False,13,False,Actuals,Q1,CHC,-0.56
Non-Commission expenses,Overheads,False,13,False,Actuals,Apr,Motor,-1.04
Non-Commission expenses,Overheads,False,13,False,Actuals,Apr,Travel,-0.37
Non-Commission expenses,Overheads,False,13,False,Actuals,Apr,Home,-0.25
Non-Commission expenses,Overheads,False,13,False,Actuals,Apr,CHC,-0.19
Non-Commission expenses,Overheads,False,13,False,Actuals,May,Motor,-1.04
Non-Commission expenses,Overheads,False,13,False,Actuals,May,Travel,-0.36
Non-Commission expenses,Overheads,False,13,False,Actuals,May,Home,-0.26
Non-Commission expenses,Overheads,False,13,False,Actuals,May,CHC,-0.19
Non-Commission expenses,Overheads,False,13,False,Actuals,Jun,Motor,-1.14
Non-Commission expenses,Overheads,False,13,False,Actuals,Jun,Travel,-0.39
Non-Commission expenses,Overheads,False,13,False,Actuals,Jun,Home,-0.29
Non-Commission expenses,Overheads,False,13,False,Actuals,Jun,CHC,-0.21
Non-Commission expenses,Overheads,False,13,False,Actuals,Q2,Motor,-3.2
Non-Commission expenses,Overheads,False,13,False,Actuals,Q2,Travel,-1.15
Non-Commission expenses,Overheads,False,13,False,Actuals,Q2,Home,-0.78
Non-Commission expenses,Overheads,False,13,False,Actuals,Q2,CHC,-0.59
Non-Commission expenses,Overheads,False,13,False,Actuals,H1,Motor,-6.35
Non-Commission expenses,Overheads,False,13,False,Actuals,H1,Travel,-2.32
Non-Commission expenses,Overheads,False,13,False,Actuals,H1,Home,-1.66
Non-Commission expenses,Overheads,False,13,False,Actuals,H1,CHC,-1.14
Non-Commission expenses,Overheads,False,13,False,Actuals,Q3,Motor,-3.18
Non-Commission expenses,Overheads,False,13,False,Actuals,Q3,Travel,-1.14
Non-Commission expenses,Overheads,False,13,False,Actuals,Q3,Home,-0.8
Non-Commission expenses,Overheads,False,13,False,Actuals,Q3,CHC,-0.58
Non-Commission expenses,Overheads,False,13,False,Actuals,Q4,Motor,-3.21
Non-Commission expenses,Overheads,False,13,False,Actuals,Q4,Travel,-1.08
Non-Commission expenses,Overheads,False,13,False,Actuals,Q4,Home,-0.8
Non-Commission expenses,Overheads,False,13,False,Actuals,Q4,CHC,-0.57
Non-Commission expenses,Overheads,False,13,False,Actuals,2026FY,Motor,-12.72
Non-Commission expenses,Overheads,False,13,False,Actuals,2026FY,Travel,-4.62
Non-Commission expenses,Overheads,False,13,False,Actuals,2026FY,Home,-3.13
Non-Commission expenses,Overheads,False,13,False,Actuals,2026FY,CHC,-2.35
Acquisition costs,Overheads,False,14,False,Budget,Jan,Motor,-0.44
Acquisition costs,Overheads,False,14,False,Budget,Jan,Travel,-0.15
Acquisition costs,Overheads,False,14,False,Budget,Jan,Home,-0.11
Acquisition costs,Overheads,False,14,False,Budget,Jan,CHC,-0.08
Acquisition costs,Overheads,False,14,False,Budget,Feb,Motor,-0.45
Acquisition costs,Overheads,False,14,False,Budget,Feb,Travel,-0.16
Acquisition costs,Overheads,False,14,False,Budget,Feb,Home,-0.11
Acquisition costs,Overheads,False,14,False,Budget,Feb,CHC,-0.08
Acquisition costs,Overheads,False,14,False,Budget,Mar,Motor,-0.48
Acquisition costs,Overheads,False,14,False,Budget,Mar,Travel,-0.17
Acquisition costs,Overheads,False,14,False,Budget,Mar,Home,-0.13
Acquisition costs,Overheads,False,14,False,Budget,Mar,CHC,-0.09
Acquisition costs,Overheads,False,14,False,Budget,Q1,Motor,-1.34
Acquisition costs,Overheads,False,14,False,Budget,Q1,Travel,-0.47
Acquisition costs,Overheads,False,14,False,Budget,Q1,Home,-0.35
Acquisition costs,Overheads,False,14,False,Budget,Q1,CHC,-0.25
Acquisition costs,Overheads,False,14,False,Budget,Apr,Motor,-0.44
Acquisition costs,Overheads,False,14,False,Budget,Apr,Travel,-0.15
Acquisition costs,Overheads,False,14,False,Budget,Apr,Home,-0.11
Acquisition costs,Overheads,False,14,False,Budget,Apr,CHC,-0.08
Acquisition costs,Overheads,False,14,False,Budget,May,Motor,-0.44
Acquisition costs,Overheads,False,14,False,Budget,May,Travel,-0.15
Acquisition costs,Overheads,False,14,False,Budget,May,Home,-0.11
Acquisition costs,Overheads,False,14,False,Budget,May,CHC,-0.08
Acquisition costs,Overheads,False,14,False,Budget,Jun,Motor,-0.5
Acquisition costs,Overheads,False,14,False,Budget,Jun,Travel,-0.18
Acquisition costs,Overheads,False,14,False,Budget,Jun,Home,-0.12
Acquisition costs,Overheads,False,14,False,Budget,Jun,CHC,-0.09
Acquisition costs,Overheads,False,14,False,Budget,Q2,Motor,-1.4
Acquisition costs,Overheads,False,14,False,Budget,Q2,Travel,-0.49
Acquisition costs,Overheads,False,14,False,Budget,Q2,Home,-0.35
Acquisition costs,Overheads,False,14,False,Budget,Q2,CHC,-0.25
Acquisition costs,Overheads,False,14,False,Budget,H1,Motor,-2.86
Acquisition costs,Overheads,False,14,False,Budget,H1,Travel,-0.94
Acquisition costs,Overheads,False,14,False,Budget,H1,Home,-0.69
Acquisition costs,Overheads,False,14,False,Budget,H1,CHC,-0.49
Acquisition costs,Overheads,False,14,False,Budget,Q3,Motor,-1.39
Acquisition costs,Overheads,False,14,False,Budget,Q3,Travel,-0.47
Acquisition costs,Overheads,False,14,False,Budget,Q3,Home,-0.34
Acquisition costs,Overheads,False,14,False,Budget,Q3,CHC,-0.25
Acquisition costs,Overheads,False,14,False,Budget,Q4,Motor,-1.4
Acquisition costs,Overheads,False,14,False,Budget,Q4,Travel,-0.49
Acquisition costs,Overheads,False,14,False,Budget,Q4,Home,-0.34
Acquisition costs,Overheads,False,14,False,Budget,Q4,CHC,-0.25
Acquisition costs,Overheads,False,14,False,Budget,2026FY,Motor,-5.42
Acquisition costs,Overheads,False,14,False,Budget,2026FY,Travel,-1.88
Acquisition costs,Overheads,False,14,False,Budget,2026FY,Home,-1.37
Acquisition costs,Overheads,False,14,False,Budget,2026FY,CHC,-0.98
Acquisition costs,Overheads,False,14,False,Forecast1,Jan,Motor,-0.47
Acquisition costs,Overheads,False,14,False,Forecast1,Jan,Travel,-0.16
Acquisition costs,Overheads,False,14,False,Forecast1,Jan,Home,-0.11
Acquisition costs,Overheads,False,14,False,Forecast1,Jan,CHC,-0.08
Acquisition costs,Overheads,False,14,False,Forecast1,Feb,Motor,-0.46
Acquisition costs,Overheads,False,14,False,Forecast1,Feb,Travel,-0.17
Acquisition costs,Overheads,False,14,False,Forecast1,Feb,Home,-0.11
Acquisition costs,Overheads,False,14,False,Forecast1,Feb,CHC,-0.08
Acquisition costs,Overheads,False,14,False,Forecast1,Mar,Motor,-0.53
Acquisition costs,Overheads,False,14,False,Forecast1,Mar,Travel,-0.18
Acquisition costs,Overheads,False,14,False,Forecast1,Mar,Home,-0.13
Acquisition costs,Overheads,False,14,False,Forecast1,Mar,CHC,-0.09
Acquisition costs,Overheads,False,14,False,Forecast1,Q1,Motor,-1.34
Acquisition costs,Overheads,False,14,False,Forecast1,Q1,Travel,-0.5
Acquisition costs,Overheads,False,14,False,Forecast1,Q1,Home,-0.36
Acquisition costs,Overheads,False,14,False,Forecast1,Q1,CHC,-0.26
Acquisition costs,Overheads,False,14,False,Forecast1,Apr,Motor,-0.44
Acquisition costs,Overheads,False,14,False,Forecast1,Apr,Travel,-0.16
Acquisition costs,Overheads,False,14,False,Forecast1,Apr,Home,-0.11
Acquisition costs,Overheads,False,14,False,Forecast1,Apr,CHC,-0.08
Acquisition costs,Overheads,False,14,False,Forecast1,May,Motor,-0.45
Acquisition costs,Overheads,False,14,False,Forecast1,May,Travel,-0.16
Acquisition costs,Overheads,False,14,False,Forecast1,May,Home,-0.11
Acquisition costs,Overheads,False,14,False,Forecast1,May,CHC,-0.08
Acquisition costs,Overheads,False,14,False,Forecast1,Jun,Motor,-0.52
Acquisition costs,Overheads,False,14,False,Forecast1,Jun,Travel,-0.18
Acquisition costs,Overheads,False,14,False,Forecast1,Jun,Home,-0.13
Acquisition costs,Overheads,False,14,False,Forecast1,Jun,CHC,-0.09
Acquisition costs,Overheads,False,14,False,Forecast1,Q2,Motor,-1.41
Acquisition costs,Overheads,False,14,False,Forecast1,Q2,Travel,-0.5
Acquisition costs,Overheads,False,14,False,Forecast1,Q2,Home,-0.37
Acquisition costs,Overheads,False,14,False,Forecast1,Q2,CHC,-0.25
Acquisition costs,Overheads,False,14,False,Forecast1,H1,Motor,-2.91
Acquisition costs,Overheads,False,14,False,Forecast1,H1,Travel,-1.01
Acquisition costs,Overheads,False,14,False,Forecast1,H1,Home,-0.71
Acquisition costs,Overheads,False,14,False,Forecast1,H1,CHC,-0.53
Acquisition costs,Overheads,False,14,False,Forecast1,Q3,Motor,-1.43
Acquisition costs,Overheads,False,14,False,Forecast1,Q3,Travel,-0.5
Acquisition costs,Overheads,False,14,False,Forecast1,Q3,Home,-0.35
Acquisition costs,Overheads,False,14,False,Forecast1,Q3,CHC,-0.26
Acquisition costs,Overheads,False,14,False,Forecast1,Q4,Motor,-1.45
Acquisition costs,Overheads,False,14,False,Forecast1,Q4,Travel,-0.49
Acquisition costs,Overheads,False,14,False,Forecast1,Q4,Home,-0.34
Acquisition costs,Overheads,False,14,False,Forecast1,Q4,CHC,-0.25
Acquisition costs,Overheads,False,14,False,Forecast1,2026FY,Motor,-5.58
Acquisition costs,Overheads,False,14,False,Forecast1,2026FY,Travel,-1.98
Acquisition costs,Overheads,False,14,False,Forecast1,2026FY,Home,-1.45
Acquisition costs,Overheads,False,14,False,Forecast1,2026FY,CHC,-1.01
Acquisition costs,Overheads,False,14,False,Forecast2,Jan,Motor,-0.46
Acquisition costs,Overheads,False,14,False,Forecast2,Jan,Travel,-0.16
Acquisition costs,Overheads,False,14,False,Forecast2,Jan,Home,-0.12
Acquisition costs,Overheads,False,14,False,Forecast2,Jan,CHC,-0.08
Acquisition costs,Overheads,False,14,False,Forecast2,Feb,Motor,-0.46
Acquisition costs,Overheads,False,14,False,Forecast2,Feb,Travel,-0.16
Acquisition costs,Overheads,False,14,False,Forecast2,Feb,Home,-0.12
Acquisition costs,Overheads,False,14,False,Forecast2,Feb,CHC,-0.08
Acquisition costs,Overheads,False,14,False,Forecast2,Mar,Motor,-0.5
Acquisition costs,Overheads,False,14,False,Forecast2,Mar,Travel,-0.18
Acquisition costs,Overheads,False,14,False,Forecast2,Mar,Home,-0.13
Acquisition costs,Overheads,False,14,False,Forecast2,Mar,CHC,-0.09
Acquisition costs,Overheads,False,14,False,Forecast2,Q1,Motor,-1.43
Acquisition costs,Overheads,False,14,False,Forecast2,Q1,Travel,-0.5
Acquisition costs,Overheads,False,14,False,Forecast2,Q1,Home,-0.36
Acquisition costs,Overheads,False,14,False,Forecast2,Q1,CHC,-0.25
Acquisition costs,Overheads,False,14,False,Forecast2,Apr,Motor,-0.47
Acquisition costs,Overheads,False,14,False,Forecast2,Apr,Travel,-0.17
Acquisition costs,Overheads,False,14,False,Forecast2,Apr,Home,-0.12
Acquisition costs,Overheads,False,14,False,Forecast2,Apr,CHC,-0.08
Acquisition costs,Overheads,False,14,False,Forecast2,May,Motor,-0.46
Acquisition costs,Overheads,False,14,False,Forecast2,May,Travel,-0.16
Acquisition costs,Overheads,False,14,False,Forecast2,May,Home,-0.12
Acquisition costs,Overheads,False,14,False,Forecast2,May,CHC,-0.08
Acquisition costs,Overheads,False,14,False,Forecast2,Jun,Motor,-0.51
Acquisition costs,Overheads,False,14,False,Forecast2,Jun,Travel,-0.18
Acquisition costs,Overheads,False,14,False,Forecast2,Jun,Home,-0.13
Acquisition costs,Overheads,False,14,False,Forecast2,Jun,CHC,-0.1
Acquisition costs,Overheads,False,14,False,Forecast2,Q2,Motor,-1.46
Acquisition costs,Overheads,False,14,False,Forecast2,Q2,Travel,-0.51
Acquisition costs,Overheads,False,14,False,Forecast2,Q2,Home,-0.36
Acquisition costs,Overheads,False,14,False,Forecast2,Q2,CHC,-0.27
Acquisition costs,Overheads,False,14,False,Forecast2,H1,Motor,-2.91
Acquisition costs,Overheads,False,14,False,Forecast2,H1,Travel,-0.99
Acquisition costs,Overheads,False,14,False,Forecast2,H1,Home,-0.74
Acquisition costs,Overheads,False,14,False,Forecast2,H1,CHC,-0.53
Acquisition costs,Overheads,False,14,False,Forecast2,Q3,Motor,-1.43
Acquisition costs,Overheads,False,14,False,Forecast2,Q3,Travel,-0.5
Acquisition costs,Overheads,False,14,False,Forecast2,Q3,Home,-0.36
Acquisition costs,Overheads,False,14,False,Forecast2,Q3,CHC,-0.26
Acquisition costs,Overheads,False,14,False,Forecast2,Q4,Motor,-1.45
Acquisition costs,Overheads,False,14,False,Forecast2,Q4,Travel,-0.51
Acquisition costs,Overheads,False,14,False,Forecast2,Q4,Home,-0.37
Acquisition costs,Overheads,False,14,False,Forecast2,Q4,CHC,-0.27
Acquisition costs,Overheads,False,14,False,Forecast2,2026FY,Motor,-5.8
Acquisition costs,Overheads,False,14,False,Forecast2,2026FY,Travel,-2.06
Acquisition costs,Overheads,False,14,False,Forecast2,2026FY,Home,-1.42
Acquisition costs,Overheads,False,14,False,Forecast2,2026FY,CHC,-1.05
Acquisition costs,Overheads,False,14,False,Actuals,Jan,Motor,-0.49
Acquisition costs,Overheads,False,14,False,Actuals,Jan,Travel,-0.16
Acquisition costs,Overheads,False,14,False,Actuals,Jan,Home,-0.12
Acquisition costs,Overheads,False,14,False,Actuals,Jan,CHC,-0.08
Acquisition costs,Overheads,False,14,False,Actuals,Feb,Motor,-0.46
Acquisition costs,Overheads,False,14,False,Actuals,Feb,Travel,-0.16
Acquisition costs,Overheads,False,14,False,Actuals,Feb,Home,-0.12
Acquisition costs,Overheads,False,14,False,Actuals,Feb,CHC,-0.08
Acquisition costs,Overheads,False,14,False,Actuals,Mar,Motor,-0.53
Acquisition costs,Overheads,False,14,False,Actuals,Mar,Travel,-0.19
Acquisition costs,Overheads,False,14,False,Actuals,Mar,Home,-0.13
Acquisition costs,Overheads,False,14,False,Actuals,Mar,CHC,-0.1
Acquisition costs,Overheads,False,14,False,Actuals,Q1,Motor,-1.49
Acquisition costs,Overheads,False,14,False,Actuals,Q1,Travel,-0.52
Acquisition costs,Overheads,False,14,False,Actuals,Q1,Home,-0.36
Acquisition costs,Overheads,False,14,False,Actuals,Q1,CHC,-0.27
Acquisition costs,Overheads,False,14,False,Actuals,Apr,Motor,-0.46
Acquisition costs,Overheads,False,14,False,Actuals,Apr,Travel,-0.17
Acquisition costs,Overheads,False,14,False,Actuals,Apr,Home,-0.12
Acquisition costs,Overheads,False,14,False,Actuals,Apr,CHC,-0.09
Acquisition costs,Overheads,False,14,False,Actuals,May,Motor,-0.46
Acquisition costs,Overheads,False,14,False,Actuals,May,Travel,-0.16
Acquisition costs,Overheads,False,14,False,Actuals,May,Home,-0.12
Acquisition costs,Overheads,False,14,False,Actuals,May,CHC,-0.08
Acquisition costs,Overheads,False,14,False,Actuals,Jun,Motor,-0.53
Acquisition costs,Overheads,False,14,False,Actuals,Jun,Travel,-0.18
Acquisition costs,Overheads,False,14,False,Actuals,Jun,Home,-0.13
Acquisition costs,Overheads,False,14,False,Actuals,Jun,CHC,-0.09
Acquisition costs,Overheads,False,14,False,Actuals,Q2,Motor,-1.49
Acquisition costs,Overheads,False,14,False,Actuals,Q2,Travel,-0.52
Acquisition costs,Overheads,False,14,False,Actuals,Q2,Home,-0.36
Acquisition costs,Overheads,False,14,False,Actuals,Q2,CHC,-0.27
Acquisition costs,Overheads,False,14,False,Actuals,H1,Motor,-2.96
Acquisition costs,Overheads,False,14,False,Actuals,H1,Travel,-1.02
Acquisition costs,Overheads,False,14,False,Actuals,H1,Home,-0.72
Acquisition costs,Overheads,False,14,False,Actuals,H1,CHC,-0.51
Acquisition costs,Overheads,False,14,False,Actuals,Q3,Motor,-1.48
Acquisition costs,Overheads,False,14,False,Actuals,Q3,Travel,-0.5
Acquisition costs,Overheads,False,14,False,Actuals,Q3,Home,-0.37
Acquisition costs,Overheads,False,14,False,Actuals,Q3,CHC,-0.26
Acquisition costs,Overheads,False,14,False,Actuals,Q4,Motor,-1.49
Acquisition costs,Overheads,False,14,False,Actuals,Q4,Travel,-0.51
Acquisition costs,Overheads,False,14,False,Actuals,Q4,Home,-0.37
Acquisition costs,Overheads,False,14,False,Actuals,Q4,CHC,-0.27
Acquisition costs,Overheads,False,14,False,Actuals,2026FY,Motor,-5.92
Acquisition costs,Overheads,False,14,False,Actuals,2026FY,Travel,-2.07
Acquisition costs,Overheads,False,14,False,Actuals,2026FY,Home,-1.48
Acquisition costs,Overheads,False,14,False,Actuals,2026FY,CHC,-1.03
Administrative costs,Overheads,False,15,False,Budget,Jan,Motor,-0.57
Administrative costs,Overheads,False,15,False,Budget,Jan,Travel,-0.2
Administrative costs,Overheads,False,15,False,Budget,Jan,Home,-0.14
Administrative costs,Overheads,False,15,False,Budget,Jan,CHC,-0.1
Administrative costs,Overheads,False,15,False,Budget,Feb,Motor,-0.56
Administrative costs,Overheads,False,15,False,Budget,Feb,Travel,-0.2
Administrative costs,Overheads,False,15,False,Budget,Feb,Home,-0.14
Administrative costs,Overheads,False,15,False,Budget,Feb,CHC,-0.1
Administrative costs,Overheads,False,15,False,Budget,Mar,Motor,-0.64
Administrative costs,Overheads,False,15,False,Budget,Mar,Travel,-0.21
Administrative costs,Overheads,False,15,False,Budget,Mar,Home,-0.16
Administrative costs,Overheads,False,15,False,Budget,Mar,CHC,-0.12
Administrative costs,Overheads,False,15,False,Budget,Q1,Motor,-1.76
Administrative costs,Overheads,False,15,False,Budget,Q1,Travel,-0.63
Administrative costs,Overheads,False,15,False,Budget,Q1,Home,-0.46
Administrative costs,Overheads,False,15,False,Budget,Q1,CHC,-0.32
Administrative costs,Overheads,False,15,False,Budget,Apr,Motor,-0.56
Administrative costs,Overheads,False,15,False,Budget,Apr,Travel,-0.2
Administrative costs,Overheads,False,15,False,Budget,Apr,Home,-0.14
Administrative costs,Overheads,False,15,False,Budget,Apr,CHC,-0.1
Administrative costs,Overheads,False,15,False,Budget,May,Motor,-0.56
Administrative costs,Overheads,False,15,False,Budget,May,Travel,-0.2
Administrative costs,Overheads,False,15,False,Budget,May,Home,-0.14
Administrative costs,Overheads,False,15,False,Budget,May,CHC,-0.1
Administrative costs,Overheads,False,15,False,Budget,Jun,Motor,-0.64
Administrative costs,Overheads,False,15,False,Budget,Jun,Travel,-0.21
Administrative costs,Overheads,False,15,False,Budget,Jun,Home,-0.16
Administrative costs,Overheads,False,15,False,Budget,Jun,CHC,-0.11
Administrative costs,Overheads,False,15,False,Budget,Q2,Motor,-1.77
Administrative costs,Overheads,False,15,False,Budget,Q2,Travel,-0.62
Administrative costs,Overheads,False,15,False,Budget,Q2,Home,-0.43
Administrative costs,Overheads,False,15,False,Budget,Q2,CHC,-0.32
Administrative costs,Overheads,False,15,False,Budget,H1,Motor,-3.64
Administrative costs,Overheads,False,15,False,Budget,H1,Travel,-1.21
Administrative costs,Overheads,False,15,False,Budget,H1,Home,-0.86
Administrative costs,Overheads,False,15,False,Budget,H1,CHC,-0.65
Administrative costs,Overheads,False,15,False,Budget,Q3,Motor,-1.82
Administrative costs,Overheads,False,15,False,Budget,Q3,Travel,-0.61
Administrative costs,Overheads,False,15,False,Budget,Q3,Home,-0.45
Administrative costs,Overheads,False,15,False,Budget,Q3,CHC,-0.32
Administrative costs,Overheads,False,15,False,Budget,Q4,Motor,-1.72
Administrative costs,Overheads,False,15,False,Budget,Q4,Travel,-0.61
Administrative costs,Overheads,False,15,False,Budget,Q4,Home,-0.45
Administrative costs,Overheads,False,15,False,Budget,Q4,CHC,-0.33
Administrative costs,Overheads,False,15,False,Budget,2026FY,Motor,-7.08
Administrative costs,Overheads,False,15,False,Budget,2026FY,Travel,-2.41
Administrative costs,Overheads,False,15,False,Budget,2026FY,Home,-1.82
Administrative costs,Overheads,False,15,False,Budget,2026FY,CHC,-1.25
Administrative costs,Overheads,False,15,False,Forecast1,Jan,Motor,-0.57
Administrative costs,Overheads,False,15,False,Forecast1,Jan,Travel,-0.2
Administrative costs,Overheads,False,15,False,Forecast1,Jan,Home,-0.15
Administrative costs,Overheads,False,15,False,Forecast1,Jan,CHC,-0.11
Administrative costs,Overheads,False,15,False,Forecast1,Feb,Motor,-0.58
Administrative costs,Overheads,False,15,False,Forecast1,Feb,Travel,-0.2
Administrative costs,Overheads,False,15,False,Forecast1,Feb,Home,-0.14
Administrative costs,Overheads,False,15,False,Forecast1,Feb,CHC,-0.1
Administrative costs,Overheads,False,15,False,Forecast1,Mar,Motor,-0.62
Administrative costs,Overheads,False,15,False,Forecast1,Mar,Travel,-0.23
Administrative costs,Overheads,False,15,False,Forecast1,Mar,Home,-0.16
Administrative costs,Overheads,False,15,False,Forecast1,Mar,CHC,-0.11
Administrative costs,Overheads,False,15,False,Forecast1,Q1,Motor,-1.82
Administrative costs,Overheads,False,15,False,Forecast1,Q1,Travel,-0.63
Administrative costs,Overheads,False,15,False,Forecast1,Q1,Home,-0.47
Administrative costs,Overheads,False,15,False,Forecast1,Q1,CHC,-0.33
Administrative costs,Overheads,False,15,False,Forecast1,Apr,Motor,-0.57
Administrative costs,Overheads,False,15,False,Forecast1,Apr,Travel,-0.2
Administrative costs,Overheads,False,15,False,Forecast1,Apr,Home,-0.14
Administrative costs,Overheads,False,15,False,Forecast1,Apr,CHC,-0.1
Administrative costs,Overheads,False,15,False,Forecast1,May,Motor,-0.58
Administrative costs,Overheads,False,15,False,Forecast1,May,Travel,-0.2
Administrative costs,Overheads,False,15,False,Forecast1,May,Home,-0.14
Administrative costs,Overheads,False,15,False,Forecast1,May,CHC,-0.11
Administrative costs,Overheads,False,15,False,Forecast1,Jun,Motor,-0.66
Administrative costs,Overheads,False,15,False,Forecast1,Jun,Travel,-0.22
Administrative costs,Overheads,False,15,False,Forecast1,Jun,Home,-0.17
Administrative costs,Overheads,False,15,False,Forecast1,Jun,CHC,-0.12
Administrative costs,Overheads,False,15,False,Forecast1,Q2,Motor,-1.81
Administrative costs,Overheads,False,15,False,Forecast1,Q2,Travel,-0.64
Administrative costs,Overheads,False,15,False,Forecast1,Q2,Home,-0.45
Administrative costs,Overheads,False,15,False,Forecast1,Q2,CHC,-0.33
Administrative costs,Overheads,False,15,False,Forecast1,H1,Motor,-3.57
Administrative costs,Overheads,False,15,False,Forecast1,H1,Travel,-1.26
Administrative costs,Overheads,False,15,False,Forecast1,H1,Home,-0.9
Administrative costs,Overheads,False,15,False,Forecast1,H1,CHC,-0.64
Administrative costs,Overheads,False,15,False,Forecast1,Q3,Motor,-1.8
Administrative costs,Overheads,False,15,False,Forecast1,Q3,Travel,-0.61
Administrative costs,Overheads,False,15,False,Forecast1,Q3,Home,-0.45
Administrative costs,Overheads,False,15,False,Forecast1,Q3,CHC,-0.32
Administrative costs,Overheads,False,15,False,Forecast1,Q4,Motor,-1.79
Administrative costs,Overheads,False,15,False,Forecast1,Q4,Travel,-0.63
Administrative costs,Overheads,False,15,False,Forecast1,Q4,Home,-0.45
Administrative costs,Overheads,False,15,False,Forecast1,Q4,CHC,-0.33
Administrative costs,Overheads,False,15,False,Forecast1,2026FY,Motor,-7.33
Administrative costs,Overheads,False,15,False,Forecast1,2026FY,Travel,-2.49
Administrative costs,Overheads,False,15,False,Forecast1,2026FY,Home,-1.76
Administrative costs,Overheads,False,15,False,Forecast1,2026FY,CHC,-1.27
Administrative costs,Overheads,False,15,False,Forecast2,Jan,Motor,-0.58
Administrative costs,Overheads,False,15,False,Forecast2,Jan,Travel,-0.2
Administrative costs,Overheads,False,15,False,Forecast2,Jan,Home,-0.14
Administrative costs,Overheads,False,15,False,Forecast2,Jan,CHC,-0.1
Administrative costs,Overheads,False,15,False,Forecast2,Feb,Motor,-0.58
Administrative costs,Overheads,False,15,False,Forecast2,Feb,Travel,-0.21
Administrative costs,Overheads,False,15,False,Forecast2,Feb,Home,-0.15
Administrative costs,Overheads,False,15,False,Forecast2,Feb,CHC,-0.1
Administrative costs,Overheads,False,15,False,Forecast2,Mar,Motor,-0.66
Administrative costs,Overheads,False,15,False,Forecast2,Mar,Travel,-0.23
Administrative costs,Overheads,False,15,False,Forecast2,Mar,Home,-0.17
Administrative costs,Overheads,False,15,False,Forecast2,Mar,CHC,-0.12
Administrative costs,Overheads,False,15,False,Forecast2,Q1,Motor,-1.86
Administrative costs,Overheads,False,15,False,Forecast2,Q1,Travel,-0.62
Administrative costs,Overheads,False,15,False,Forecast2,Q1,Home,-0.46
Administrative costs,Overheads,False,15,False,Forecast2,Q1,CHC,-0.33
Administrative costs,Overheads,False,15,False,Forecast2,Apr,Motor,-0.59
Administrative costs,Overheads,False,15,False,Forecast2,Apr,Travel,-0.22
Administrative costs,Overheads,False,15,False,Forecast2,Apr,Home,-0.15
Administrative costs,Overheads,False,15,False,Forecast2,Apr,CHC,-0.1
Administrative costs,Overheads,False,15,False,Forecast2,May,Motor,-0.59
Administrative costs,Overheads,False,15,False,Forecast2,May,Travel,-0.2
Administrative costs,Overheads,False,15,False,Forecast2,May,Home,-0.15
Administrative costs,Overheads,False,15,False,Forecast2,May,CHC,-0.1
Administrative costs,Overheads,False,15,False,Forecast2,Jun,Motor,-0.67
Administrative costs,Overheads,False,15,False,Forecast2,Jun,Travel,-0.23
Administrative costs,Overheads,False,15,False,Forecast2,Jun,Home,-0.17
Administrative costs,Overheads,False,15,False,Forecast2,Jun,CHC,-0.12
Administrative costs,Overheads,False,15,False,Forecast2,Q2,Motor,-1.9
Administrative costs,Overheads,False,15,False,Forecast2,Q2,Travel,-0.64
Administrative costs,Overheads,False,15,False,Forecast2,Q2,Home,-0.48
Administrative costs,Overheads,False,15,False,Forecast2,Q2,CHC,-0.34
Administrative costs,Overheads,False,15,False,Forecast2,H1,Motor,-3.71
Administrative costs,Overheads,False,15,False,Forecast2,H1,Travel,-1.3
Administrative costs,Overheads,False,15,False,Forecast2,H1,Home,-0.93
Administrative costs,Overheads,False,15,False,Forecast2,H1,CHC,-0.64
Administrative costs,Overheads,False,15,False,Forecast2,Q3,Motor,-1.83
Administrative costs,Overheads,False,15,False,Forecast2,Q3,Travel,-0.65
Administrative costs,Overheads,False,15,False,Forecast2,Q3,Home,-0.46
Administrative costs,Overheads,False,15,False,Forecast2,Q3,CHC,-0.32
Administrative costs,Overheads,False,15,False,Forecast2,Q4,Motor,-1.84
Administrative costs,Overheads,False,15,False,Forecast2,Q4,Travel,-0.66
Administrative costs,Overheads,False,15,False,Forecast2,Q4,Home,-0.47
Administrative costs,Overheads,False,15,False,Forecast2,Q4,CHC,-0.33
Administrative costs,Overheads,False,15,False,Forecast2,2026FY,Motor,-7.48
Administrative costs,Overheads,False,15,False,Forecast2,2026FY,Travel,-2.55
Administrative costs,Overheads,False,15,False,Forecast2,2026FY,Home,-1.78
Administrative costs,Overheads,False,15,False,Forecast2,2026FY,CHC,-1.3
Administrative costs,Overheads,False,15,False,Actuals,Jan,Motor,-0.62
Administrative costs,Overheads,False,15,False,Actuals,Jan,Travel,-0.21
Administrative costs,Overheads,False,15,False,Actuals,Jan,Home,-0.15
Administrative costs,Overheads,False,15,False,Actuals,Jan,CHC,-0.11
Administrative costs,Overheads,False,15,False,Actuals,Feb,Motor,-0.62
Administrative costs,Overheads,False,15,False,Actuals,Feb,Travel,-0.22
Administrative costs,Overheads,False,15,False,Actuals,Feb,Home,-0.16
Administrative costs,Overheads,False,15,False,Actuals,Feb,CHC,-0.11
Administrative costs,Overheads,False,15,False,Actuals,Mar,Motor,-0.68
Administrative costs,Overheads,False,15,False,Actuals,Mar,Travel,-0.23
Administrative costs,Overheads,False,15,False,Actuals,Mar,Home,-0.17
Administrative costs,Overheads,False,15,False,Actuals,Mar,CHC,-0.12
Administrative costs,Overheads,False,15,False,Actuals,Q1,Motor,-1.88
Administrative costs,Overheads,False,15,False,Actuals,Q1,Travel,-0.64
Administrative costs,Overheads,False,15,False,Actuals,Q1,Home,-0.46
Administrative costs,Overheads,False,15,False,Actuals,Q1,CHC,-0.33
Administrative costs,Overheads,False,15,False,Actuals,Apr,Motor,-0.59
Administrative costs,Overheads,False,15,False,Actuals,Apr,Travel,-0.21
Administrative costs,Overheads,False,15,False,Actuals,Apr,Home,-0.15
Administrative costs,Overheads,False,15,False,Actuals,Apr,CHC,-0.11
Administrative costs,Overheads,False,15,False,Actuals,May,Motor,-0.59
Administrative costs,Overheads,False,15,False,Actuals,May,Travel,-0.21
Administrative costs,Overheads,False,15,False,Actuals,May,Home,-0.15
Administrative costs,Overheads,False,15,False,Actuals,May,CHC,-0.11
Administrative costs,Overheads,False,15,False,Actuals,Jun,Motor,-0.67
Administrative costs,Overheads,False,15,False,Actuals,Jun,Travel,-0.23
Administrative costs,Overheads,False,15,False,Actuals,Jun,Home,-0.17
Administrative costs,Overheads,False,15,False,Actuals,Jun,CHC,-0.12
Administrative costs,Overheads,False,15,False,Actuals,Q2,Motor,-1.85
Administrative costs,Overheads,False,15,False,Actuals,Q2,Travel,-0.66
Administrative costs,Overheads,False,15,False,Actuals,Q2,Home,-0.46
Administrative costs,Overheads,False,15,False,Actuals,Q2,CHC,-0.34
Administrative costs,Overheads,False,15,False,Actuals,H1,Motor,-3.77
Administrative costs,Overheads,False,15,False,Actuals,H1,Travel,-1.3
Administrative costs,Overheads,False,15,False,Actuals,H1,Home,-0.92
Administrative costs,Overheads,False,15,False,Actuals,H1,CHC,-0.66
Administrative costs,Overheads,False,15,False,Actuals,Q3,Motor,-1.89
Administrative costs,Overheads,False,15,False,Actuals,Q3,Travel,-0.67
Administrative costs,Overheads,False,15,False,Actuals,Q3,Home,-0.46
Administrative costs,Overheads,False,15,False,Actuals,Q3,CHC,-0.34
Administrative costs,Overheads,False,15,False,Actuals,Q4,Motor,-1.8
Administrative costs,Overheads,False,15,False,Actuals,Q4,Travel,-0.65
Administrative costs,Overheads,False,15,False,Actuals,Q4,Home,-0.47
Administrative costs,Overheads,False,15,False,Actuals,Q4,CHC,-0.33
Administrative costs,Overheads,False,15,False,Actuals,2026FY,Motor,-7.36
Administrative costs,Overheads,False,15,False,Actuals,2026FY,Travel,-2.59
Administrative costs,Overheads,False,15,False,Actuals,2026FY,Home,-1.88
Administrative costs,Overheads,False,15,False,Actuals,2026FY,CHC,-1.34
Total Overheads excl MFR ITR TPA,Overheads,False,16,True,Budget,Jan,Motor,-2.9
Total Overheads excl MFR ITR TPA,Overheads,False,16,True,Budget,Jan,Travel,-1.02
Total Overheads excl MFR ITR TPA,Overheads,False,16,True,Budget,Jan,Home,-0.75
Total Overheads excl MFR ITR TPA,Overheads,False,16,True,Budget,Jan,CHC,-0.55
Total Overheads excl MFR ITR TPA,Overheads,False,16,True,Budget,Feb,Motor,-2.87
Total Overheads excl MFR ITR TPA,Overheads,False,16,True,Budget,Feb,Travel,-1.05
Total Overheads excl MFR ITR TPA,Overheads,False,16,True,Budget,Feb,Home,-0.75
Total Overheads excl MFR ITR TPA,Overheads,False,16,True,Budget,Feb,CHC,-0.56
Total Overheads excl MFR ITR TPA,Overheads,False,16,True,Budget,Mar,Motor,-3.39
Total Overheads excl MFR ITR TPA,Overheads,False,16,True,Budget,Mar,Travel,-1.21
Total Overheads excl MFR ITR TPA,Overheads,False,16,True,Budget,Mar,Home,-0.86
Total Overheads excl MFR ITR TPA,Overheads,False,16,True,Budget,Mar,CHC,-0.59
Total Overheads excl MFR ITR TPA,Overheads,False,16,True,Budget,Q1,Motor,-9.65
Total Overheads excl MFR ITR TPA,Overheads,False,16,True,Budget,Q1,Travel,-3.34
Total Overheads excl MFR ITR TPA,Overheads,False,16,True,Budget,Q1,Home,-2.4
Total Overheads excl MFR ITR TPA,Overheads,False,16,True,Budget,Q1,CHC,-1.84
Total Overheads excl MFR ITR TPA,Overheads,False,16,True,Budget,Apr,Motor,-2.91
Total Overheads excl MFR ITR TPA,Overheads,False,16,True,Budget,Apr,Travel,-1.1
Total Overheads excl MFR ITR TPA,Overheads,False,16,True,Budget,Apr,Home,-0.76
Total Overheads excl MFR ITR TPA,Overheads,False,16,True,Budget,Apr,CHC,-0.55
Total Overheads excl MFR ITR TPA,Overheads,False,16,True,Budget,May,Motor,-3.04
Total Overheads excl MFR ITR TPA,Overheads,False,16,True,Budget,May,Travel,-1.05
Total Overheads excl MFR ITR TPA,Overheads,False,16,True,Budget,May,Home,-0.75
Total Overheads excl MFR ITR TPA,Overheads,False,16,True,Budget,May,CHC,-0.55
Total Overheads excl MFR ITR TPA,Overheads,False,16,True,Budget,Jun,Motor,-3.32
Total Overheads excl MFR ITR TPA,Overheads,False,16,True,Budget,Jun,Travel,-1.21
Total Overheads excl MFR ITR TPA,Overheads,False,16,True,Budget,Jun,Home,-0.85
Total Overheads excl MFR ITR TPA,Overheads,False,16,True,Budget,Jun,CHC,-0.6
Total Overheads excl MFR ITR TPA,Overheads,False,16,True,Budget,Q2,Motor,-9.41
Total Overheads excl MFR ITR TPA,Overheads,False,16,True,Budget,Q2,Travel,-3.41
Total Overheads excl MFR ITR TPA,Overheads,False,16,True,Budget,Q2,Home,-2.35
Total Overheads excl MFR ITR TPA,Overheads,False,16,True,Budget,Q2,CHC,-1.72
Total Overheads excl MFR ITR TPA,Overheads,False,16,True,Budget,H1,Motor,-18.72
Total Overheads excl MFR ITR TPA,Overheads,False,16,True,Budget,H1,Travel,-6.75
Total Overheads excl MFR ITR TPA,Overheads,False,16,True,Budget,H1,Home,-4.82
Total Overheads excl MFR ITR TPA,Overheads,False,16,True,Budget,H1,CHC,-3.55
Total Overheads excl MFR ITR TPA,Overheads,False,16,True,Budget,Q3,Motor,-9.47
Total Overheads excl MFR ITR TPA,Overheads,False,16,True,Budget,Q3,Travel,-3.37
Total Overheads excl MFR ITR TPA,Overheads,False,16,True,Budget,Q3,Home,-2.38
Total Overheads excl MFR ITR TPA,Overheads,False,16,True,Budget,Q3,CHC,-1.75
Total Overheads excl MFR ITR TPA,Overheads,False,16,True,Budget,Q4,Motor,-9.36
Total Overheads excl MFR ITR TPA,Overheads,False,16,True,Budget,Q4,Travel,-3.37
Total Overheads excl MFR ITR TPA,Overheads,False,16,True,Budget,Q4,Home,-2.37
Total Overheads excl MFR ITR TPA,Overheads,False,16,True,Budget,Q4,CHC,-1.71
Total Overheads excl MFR ITR TPA,Overheads,False,16,True,Budget,2026FY,Motor,-38.07
Total Overheads excl MFR ITR TPA,Overheads,False,16,True,Budget,2026FY,Travel,-13.37
Total Overheads excl MFR ITR TPA,Overheads,False,16,True,Budget,2026FY,Home,-9.48
Total Overheads excl MFR ITR TPA,Overheads,False,16,True,Budget,2026FY,CHC,-6.87
Total Overheads excl MFR ITR TPA,Overheads,False,16,True,Forecast1,Jan,Motor,-3.23
Total Overheads excl MFR ITR TPA,Overheads,False,16,True,Forecast1,Jan,Travel,-1.12
Total Overheads excl MFR ITR TPA,Overheads,False,16,True,Forecast1,Jan,Home,-0.8
Total Overheads excl MFR ITR TPA,Overheads,False,16,True,Forecast1,Jan,CHC,-0.56
Total Overheads excl MFR ITR TPA,Overheads,False,16,True,Forecast1,Feb,Motor,-3.08
Total Overheads excl MFR ITR TPA,Overheads,False,16,True,Forecast1,Feb,Travel,-1.12
Total Overheads excl MFR ITR TPA,Overheads,False,16,True,Forecast1,Feb,Home,-0.8
Total Overheads excl MFR ITR TPA,Overheads,False,16,True,Forecast1,Feb,CHC,-0.58
Total Overheads excl MFR ITR TPA,Overheads,False,16,True,Forecast1,Mar,Motor,-3.48
Total Overheads excl MFR ITR TPA,Overheads,False,16,True,Forecast1,Mar,Travel,-1.23
Total Overheads excl MFR ITR TPA,Overheads,False,16,True,Forecast1,Mar,Home,-0.85
Total Overheads excl MFR ITR TPA,Overheads,False,16,True,Forecast1,Mar,CHC,-0.63
Total Overheads excl MFR ITR TPA,Overheads,False,16,True,Forecast1,Q1,Motor,-9.97
Total Overheads excl MFR ITR TPA,Overheads,False,16,True,Forecast1,Q1,Travel,-3.39
Total Overheads excl MFR ITR TPA,Overheads,False,16,True,Forecast1,Q1,Home,-2.48
Total Overheads excl MFR ITR TPA,Overheads,False,16,True,Forecast1,Q1,CHC,-1.75
Total Overheads excl MFR ITR TPA,Overheads,False,16,True,Forecast1,Apr,Motor,-3.15
Total Overheads excl MFR ITR TPA,Overheads,False,16,True,Forecast1,Apr,Travel,-1.07
Total Overheads excl MFR ITR TPA,Overheads,False,16,True,Forecast1,Apr,Home,-0.78
Total Overheads excl MFR ITR TPA,Overheads,False,16,True,Forecast1,Apr,CHC,-0.53
Total Overheads excl MFR ITR TPA,Overheads,False,16,True,Forecast1,May,Motor,-3.12
Total Overheads excl MFR ITR TPA,Overheads,False,16,True,Forecast1,May,Travel,-1.06
Total Overheads excl MFR ITR TPA,Overheads,False,16,True,Forecast1,May,Home,-0.8
Total Overheads excl MFR ITR TPA,Overheads,False,16,True,Forecast1,May,CHC,-0.57
Total Overheads excl MFR ITR TPA,Overheads,False,16,True,Forecast1,Jun,Motor,-3.55
Total Overheads excl MFR ITR TPA,Overheads,False,16,True,Forecast1,Jun,Travel,-1.27
Total Overheads excl MFR ITR TPA,Overheads,False,16,True,Forecast1,Jun,Home,-0.86
Total Overheads excl MFR ITR TPA,Overheads,False,16,True,Forecast1,Jun,CHC,-0.66
Total Overheads excl MFR ITR TPA,Overheads,False,16,True,Forecast1,Q2,Motor,-9.96
Total Overheads excl MFR ITR TPA,Overheads,False,16,True,Forecast1,Q2,Travel,-3.41
Total Overheads excl MFR ITR TPA,Overheads,False,16,True,Forecast1,Q2,Home,-2.5
Total Overheads excl MFR ITR TPA,Overheads,False,16,True,Forecast1,Q2,CHC,-1.72
Total Overheads excl MFR ITR TPA,Overheads,False,16,True,Forecast1,H1,Motor,-19.26
Total Overheads excl MFR ITR TPA,Overheads,False,16,True,Forecast1,H1,Travel,-6.77
Total Overheads excl MFR ITR TPA,Overheads,False,16,True,Forecast1,H1,Home,-4.84
Total Overheads excl MFR ITR TPA,Overheads,False,16,True,Forecast1,H1,CHC,-3.45
Total Overheads excl MFR ITR TPA,Overheads,False,16,True,Forecast1,Q3,Motor,-10.02
Total Overheads excl MFR ITR TPA,Overheads,False,16,True,Forecast1,Q3,Travel,-3.41
Total Overheads excl MFR ITR TPA,Overheads,False,16,True,Forecast1,Q3,Home,-2.46
Total Overheads excl MFR ITR TPA,Overheads,False,16,True,Forecast1,Q3,CHC,-1.74
Total Overheads excl MFR ITR TPA,Overheads,False,16,True,Forecast1,Q4,Motor,-9.44
Total Overheads excl MFR ITR TPA,Overheads,False,16,True,Forecast1,Q4,Travel,-3.44
Total Overheads excl MFR ITR TPA,Overheads,False,16,True,Forecast1,Q4,Home,-2.36
Total Overheads excl MFR ITR TPA,Overheads,False,16,True,Forecast1,Q4,CHC,-1.76
Total Overheads excl MFR ITR TPA,Overheads,False,16,True,Forecast1,2026FY,Motor,-38.1
Total Overheads excl MFR ITR TPA,Overheads,False,16,True,Forecast1,2026FY,Travel,-14.23
Total Overheads excl MFR ITR TPA,Overheads,False,16,True,Forecast1,2026FY,Home,-9.96
Total Overheads excl MFR ITR TPA,Overheads,False,16,True,Forecast1,2026FY,CHC,-7.06
Total Overheads excl MFR ITR TPA,Overheads,False,16,True,Forecast2,Jan,Motor,-3.27
Total Overheads excl MFR ITR TPA,Overheads,False,16,True,Forecast2,Jan,Travel,-1.1
Total Overheads excl MFR ITR TPA,Overheads,False,16,True,Forecast2,Jan,Home,-0.81
Total Overheads excl MFR ITR TPA,Overheads,False,16,True,Forecast2,Jan,CHC,-0.58
Total Overheads excl MFR ITR TPA,Overheads,False,16,True,Forecast2,Feb,Motor,-3.21
Total Overheads excl MFR ITR TPA,Overheads,False,16,True,Forecast2,Feb,Travel,-1.14
Total Overheads excl MFR ITR TPA,Overheads,False,16,True,Forecast2,Feb,Home,-0.81
Total Overheads excl MFR ITR TPA,Overheads,False,16,True,Forecast2,Feb,CHC,-0.58
Total Overheads excl MFR ITR TPA,Overheads,False,16,True,Forecast2,Mar,Motor,-3.48
Total Overheads excl MFR ITR TPA,Overheads,False,16,True,Forecast2,Mar,Travel,-1.23
Total Overheads excl MFR ITR TPA,Overheads,False,16,True,Forecast2,Mar,Home,-0.9
Total Overheads excl MFR ITR TPA,Overheads,False,16,True,Forecast2,Mar,CHC,-0.65
Total Overheads excl MFR ITR TPA,Overheads,False,16,True,Forecast2,Q1,Motor,-9.76
Total Overheads excl MFR ITR TPA,Overheads,False,16,True,Forecast2,Q1,Travel,-3.65
Total Overheads excl MFR ITR TPA,Overheads,False,16,True,Forecast2,Q1,Home,-2.57
Total Overheads excl MFR ITR TPA,Overheads,False,16,True,Forecast2,Q1,CHC,-1.82
Total Overheads excl MFR ITR TPA,Overheads,False,16,True,Forecast2,Apr,Motor,-3.2
Total Overheads excl MFR ITR TPA,Overheads,False,16,True,Forecast2,Apr,Travel,-1.11
Total Overheads excl MFR ITR TPA,Overheads,False,16,True,Forecast2,Apr,Home,-0.78
Total Overheads excl MFR ITR TPA,Overheads,False,16,True,Forecast2,Apr,CHC,-0.58
Total Overheads excl MFR ITR TPA,Overheads,False,16,True,Forecast2,May,Motor,-3.21
Total Overheads excl MFR ITR TPA,Overheads,False,16,True,Forecast2,May,Travel,-1.09
Total Overheads excl MFR ITR TPA,Overheads,False,16,True,Forecast2,May,Home,-0.8
Total Overheads excl MFR ITR TPA,Overheads,False,16,True,Forecast2,May,CHC,-0.57
Total Overheads excl MFR ITR TPA,Overheads,False,16,True,Forecast2,Jun,Motor,-3.46
Total Overheads excl MFR ITR TPA,Overheads,False,16,True,Forecast2,Jun,Travel,-1.24
Total Overheads excl MFR ITR TPA,Overheads,False,16,True,Forecast2,Jun,Home,-0.89
Total Overheads excl MFR ITR TPA,Overheads,False,16,True,Forecast2,Jun,CHC,-0.67
Total Overheads excl MFR ITR TPA,Overheads,False,16,True,Forecast2,Q2,Motor,-10.08
Total Overheads excl MFR ITR TPA,Overheads,False,16,True,Forecast2,Q2,Travel,-3.4
Total Overheads excl MFR ITR TPA,Overheads,False,16,True,Forecast2,Q2,Home,-2.52
Total Overheads excl MFR ITR TPA,Overheads,False,16,True,Forecast2,Q2,CHC,-1.74
Total Overheads excl MFR ITR TPA,Overheads,False,16,True,Forecast2,H1,Motor,-20.36
Total Overheads excl MFR ITR TPA,Overheads,False,16,True,Forecast2,H1,Travel,-6.92
Total Overheads excl MFR ITR TPA,Overheads,False,16,True,Forecast2,H1,Home,-4.98
Total Overheads excl MFR ITR TPA,Overheads,False,16,True,Forecast2,H1,CHC,-3.68
Total Overheads excl MFR ITR TPA,Overheads,False,16,True,Forecast2,Q3,Motor,-9.73
Total Overheads excl MFR ITR TPA,Overheads,False,16,True,Forecast2,Q3,Travel,-3.4
Total Overheads excl MFR ITR TPA,Overheads,False,16,True,Forecast2,Q3,Home,-2.47
Total Overheads excl MFR ITR TPA,Overheads,False,16,True,Forecast2,Q3,CHC,-1.83
Total Overheads excl MFR ITR TPA,Overheads,False,16,True,Forecast2,Q4,Motor,-9.69
Total Overheads excl MFR ITR TPA,Overheads,False,16,True,Forecast2,Q4,Travel,-3.3
Total Overheads excl MFR ITR TPA,Overheads,False,16,True,Forecast2,Q4,Home,-2.47
Total Overheads excl MFR ITR TPA,Overheads,False,16,True,Forecast2,Q4,CHC,-1.81
Total Overheads excl MFR ITR TPA,Overheads,False,16,True,Forecast2,2026FY,Motor,-40.81
Total Overheads excl MFR ITR TPA,Overheads,False,16,True,Forecast2,2026FY,Travel,-13.84
Total Overheads excl MFR ITR TPA,Overheads,False,16,True,Forecast2,2026FY,Home,-9.9
Total Overheads excl MFR ITR TPA,Overheads,False,16,True,Forecast2,2026FY,CHC,-7.34
Total Overheads excl MFR ITR TPA,Overheads,False,16,True,Actuals,Jan,Motor,-3.14
Total Overheads excl MFR ITR TPA,Overheads,False,16,True,Actuals,Jan,Travel,-1.13
Total Overheads excl MFR ITR TPA,Overheads,False,16,True,Actuals,Jan,Home,-0.82
Total Overheads excl MFR ITR TPA,Overheads,False,16,True,Actuals,Jan,CHC,-0.59
Total Overheads excl MFR ITR TPA,Overheads,False,16,True,Actuals,Feb,Motor,-3.22
Total Overheads excl MFR ITR TPA,Overheads,False,16,True,Actuals,Feb,Travel,-1.14
Total Overheads excl MFR ITR TPA,Overheads,False,16,True,Actuals,Feb,Home,-0.78
Total Overheads excl MFR ITR TPA,Overheads,False,16,True,Actuals,Feb,CHC,-0.58
Total Overheads excl MFR ITR TPA,Overheads,False,16,True,Actuals,Mar,Motor,-3.69
Total Overheads excl MFR ITR TPA,Overheads,False,16,True,Actuals,Mar,Travel,-1.26
Total Overheads excl MFR ITR TPA,Overheads,False,16,True,Actuals,Mar,Home,-0.92
Total Overheads excl MFR ITR TPA,Overheads,False,16,True,Actuals,Mar,CHC,-0.66
Total Overheads excl MFR ITR TPA,Overheads,False,16,True,Actuals,Q1,Motor,-10.1
Total Overheads excl MFR ITR TPA,Overheads,False,16,True,Actuals,Q1,Travel,-3.57
Total Overheads excl MFR ITR TPA,Overheads,False,16,True,Actuals,Q1,Home,-2.5
Total Overheads excl MFR ITR TPA,Overheads,False,16,True,Actuals,Q1,CHC,-1.82
Total Overheads excl MFR ITR TPA,Overheads,False,16,True,Actuals,Apr,Motor,-3.29
Total Overheads excl MFR ITR TPA,Overheads,False,16,True,Actuals,Apr,Travel,-1.14
Total Overheads excl MFR ITR TPA,Overheads,False,16,True,Actuals,Apr,Home,-0.8
Total Overheads excl MFR ITR TPA,Overheads,False,16,True,Actuals,Apr,CHC,-0.59
Total Overheads excl MFR ITR TPA,Overheads,False,16,True,Actuals,May,Motor,-3.3
Total Overheads excl MFR ITR TPA,Overheads,False,16,True,Actuals,May,Travel,-1.09
Total Overheads excl MFR ITR TPA,Overheads,False,16,True,Actuals,May,Home,-0.83
Total Overheads excl MFR ITR TPA,Overheads,False,16,True,Actuals,May,CHC,-0.58
Total Overheads excl MFR ITR TPA,Overheads,False,16,True,Actuals,Jun,Motor,-3.69
Total Overheads excl MFR ITR TPA,Overheads,False,16,True,Actuals,Jun,Travel,-1.31
Total Overheads excl MFR ITR TPA,Overheads,False,16,True,Actuals,Jun,Home,-0.89
Total Overheads excl MFR ITR TPA,Overheads,False,16,True,Actuals,Jun,CHC,-0.65
Total Overheads excl MFR ITR TPA,Overheads,False,16,True,Actuals,Q2,Motor,-10.11
Total Overheads excl MFR ITR TPA,Overheads,False,16,True,Actuals,Q2,Travel,-3.51
Total Overheads excl MFR ITR TPA,Overheads,False,16,True,Actuals,Q2,Home,-2.62
Total Overheads excl MFR ITR TPA,Overheads,False,16,True,Actuals,Q2,CHC,-1.8
Total Overheads excl MFR ITR TPA,Overheads,False,16,True,Actuals,H1,Motor,-20.12
Total Overheads excl MFR ITR TPA,Overheads,False,16,True,Actuals,H1,Travel,-7.14
Total Overheads excl MFR ITR TPA,Overheads,False,16,True,Actuals,H1,Home,-4.97
Total Overheads excl MFR ITR TPA,Overheads,False,16,True,Actuals,H1,CHC,-3.63
Total Overheads excl MFR ITR TPA,Overheads,False,16,True,Actuals,Q3,Motor,-10.23
Total Overheads excl MFR ITR TPA,Overheads,False,16,True,Actuals,Q3,Travel,-3.54
Total Overheads excl MFR ITR TPA,Overheads,False,16,True,Actuals,Q3,Home,-2.54
Total Overheads excl MFR ITR TPA,Overheads,False,16,True,Actuals,Q3,CHC,-1.81
Total Overheads excl MFR ITR TPA,Overheads,False,16,True,Actuals,Q4,Motor,-9.88
Total Overheads excl MFR ITR TPA,Overheads,False,16,True,Actuals,Q4,Travel,-3.58
Total Overheads excl MFR ITR TPA,Overheads,False,16,True,Actuals,Q4,Home,-2.62
Total Overheads excl MFR ITR TPA,Overheads,False,16,True,Actuals,Q4,CHC,-1.83
Total Overheads excl MFR ITR TPA,Overheads,False,16,True,Actuals,2026FY,Motor,-40.83
Total Overheads excl MFR ITR TPA,Overheads,False,16,True,Actuals,2026FY,Travel,-14.42
Total Overheads excl MFR ITR TPA,Overheads,False,16,True,Actuals,2026FY,Home,-9.92
Total Overheads excl MFR ITR TPA,Overheads,False,16,True,Actuals,2026FY,CHC,-7.55
Operating result excl ITR/MFR,Operating,False,17,True,Budget,Jan,Motor,2.01
Operating result excl ITR/MFR,Operating,False,17,True,Budget,Jan,Travel,0.72
Operating result excl ITR/MFR,Operating,False,17,True,Budget,Jan,Home,0.49
Operating result excl ITR/MFR,Operating,False,17,True,Budget,Jan,CHC,0.37
Operating result excl ITR/MFR,Operating,False,17,True,Budget,Feb,Motor,2.03
Operating result excl ITR/MFR,Operating,False,17,True,Budget,Feb,Travel,0.71
Operating result excl ITR/MFR,Operating,False,17,True,Budget,Feb,Home,0.5
Operating result excl ITR/MFR,Operating,False,17,True,Budget,Feb,CHC,0.36
Operating result excl ITR/MFR,Operating,False,17,True,Budget,Mar,Motor,2.3
Operating result excl ITR/MFR,Operating,False,17,True,Budget,Mar,Travel,0.79
Operating result excl ITR/MFR,Operating,False,17,True,Budget,Mar,Home,0.54
Operating result excl ITR/MFR,Operating,False,17,True,Budget,Mar,CHC,0.4
Operating result excl ITR/MFR,Operating,False,17,True,Budget,Q1,Motor,6.23
Operating result excl ITR/MFR,Operating,False,17,True,Budget,Q1,Travel,2.2
Operating result excl ITR/MFR,Operating,False,17,True,Budget,Q1,Home,1.56
Operating result excl ITR/MFR,Operating,False,17,True,Budget,Q1,CHC,1.15
Operating result excl ITR/MFR,Operating,False,17,True,Budget,Apr,Motor,1.92
Operating result excl ITR/MFR,Operating,False,17,True,Budget,Apr,Travel,0.7
Operating result excl ITR/MFR,Operating,False,17,True,Budget,Apr,Home,0.48
Operating result excl ITR/MFR,Operating,False,17,True,Budget,Apr,CHC,0.37
Operating result excl ITR/MFR,Operating,False,17,True,Budget,May,Motor,2.0
Operating result excl ITR/MFR,Operating,False,17,True,Budget,May,Travel,0.71
Operating result excl ITR/MFR,Operating,False,17,True,Budget,May,Home,0.49
Operating result excl ITR/MFR,Operating,False,17,True,Budget,May,CHC,0.37
Operating result excl ITR/MFR,Operating,False,17,True,Budget,Jun,Motor,2.3
Operating result excl ITR/MFR,Operating,False,17,True,Budget,Jun,Travel,0.8
Operating result excl ITR/MFR,Operating,False,17,True,Budget,Jun,Home,0.56
Operating result excl ITR/MFR,Operating,False,17,True,Budget,Jun,CHC,0.41
Operating result excl ITR/MFR,Operating,False,17,True,Budget,Q2,Motor,6.16
Operating result excl ITR/MFR,Operating,False,17,True,Budget,Q2,Travel,2.22
Operating result excl ITR/MFR,Operating,False,17,True,Budget,Q2,Home,1.61
Operating result excl ITR/MFR,Operating,False,17,True,Budget,Q2,CHC,1.15
Operating result excl ITR/MFR,Operating,False,17,True,Budget,H1,Motor,12.32
Operating result excl ITR/MFR,Operating,False,17,True,Budget,H1,Travel,4.41
Operating result excl ITR/MFR,Operating,False,17,True,Budget,H1,Home,3.04
Operating result excl ITR/MFR,Operating,False,17,True,Budget,H1,CHC,2.28
Operating result excl ITR/MFR,Operating,False,17,True,Budget,Q3,Motor,6.31
Operating result excl ITR/MFR,Operating,False,17,True,Budget,Q3,Travel,2.11
Operating result excl ITR/MFR,Operating,False,17,True,Budget,Q3,Home,1.53
Operating result excl ITR/MFR,Operating,False,17,True,Budget,Q3,CHC,1.12
Operating result excl ITR/MFR,Operating,False,17,True,Budget,Q4,Motor,6.21
Operating result excl ITR/MFR,Operating,False,17,True,Budget,Q4,Travel,2.13
Operating result excl ITR/MFR,Operating,False,17,True,Budget,Q4,Home,1.57
Operating result excl ITR/MFR,Operating,False,17,True,Budget,Q4,CHC,1.13
Operating result excl ITR/MFR,Operating,False,17,True,Budget,2026FY,Motor,24.9
Operating result excl ITR/MFR,Operating,False,17,True,Budget,2026FY,Travel,8.62
Operating result excl ITR/MFR,Operating,False,17,True,Budget,2026FY,Home,6.38
Operating result excl ITR/MFR,Operating,False,17,True,Budget,2026FY,CHC,4.65
Operating result excl ITR/MFR,Operating,False,17,True,Forecast1,Jan,Motor,2.04
Operating result excl ITR/MFR,Operating,False,17,True,Forecast1,Jan,Travel,0.71
Operating result excl ITR/MFR,Operating,False,17,True,Forecast1,Jan,Home,0.52
Operating result excl ITR/MFR,Operating,False,17,True,Forecast1,Jan,CHC,0.37
Operating result excl ITR/MFR,Operating,False,17,True,Forecast1,Feb,Motor,2.05
Operating result excl ITR/MFR,Operating,False,17,True,Forecast1,Feb,Travel,0.73
Operating result excl ITR/MFR,Operating,False,17,True,Forecast1,Feb,Home,0.5
Operating result excl ITR/MFR,Operating,False,17,True,Forecast1,Feb,CHC,0.38
Operating result excl ITR/MFR,Operating,False,17,True,Forecast1,Mar,Motor,2.32
Operating result excl ITR/MFR,Operating,False,17,True,Forecast1,Mar,Travel,0.8
Operating result excl ITR/MFR,Operating,False,17,True,Forecast1,Mar,Home,0.58
Operating result excl ITR/MFR,Operating,False,17,True,Forecast1,Mar,CHC,0.42
Operating result excl ITR/MFR,Operating,False,17,True,Forecast1,Q1,Motor,6.22
Operating result excl ITR/MFR,Operating,False,17,True,Forecast1,Q1,Travel,2.32
Operating result excl ITR/MFR,Operating,False,17,True,Forecast1,Q1,Home,1.61
Operating result excl ITR/MFR,Operating,False,17,True,Forecast1,Q1,CHC,1.17
Operating result excl ITR/MFR,Operating,False,17,True,Forecast1,Apr,Motor,2.1
Operating result excl ITR/MFR,Operating,False,17,True,Forecast1,Apr,Travel,0.71
Operating result excl ITR/MFR,Operating,False,17,True,Forecast1,Apr,Home,0.52
Operating result excl ITR/MFR,Operating,False,17,True,Forecast1,Apr,CHC,0.37
Operating result excl ITR/MFR,Operating,False,17,True,Forecast1,May,Motor,2.09
Operating result excl ITR/MFR,Operating,False,17,True,Forecast1,May,Travel,0.69
Operating result excl ITR/MFR,Operating,False,17,True,Forecast1,May,Home,0.51
Operating result excl ITR/MFR,Operating,False,17,True,Forecast1,May,CHC,0.37
Operating result excl ITR/MFR,Operating,False,17,True,Forecast1,Jun,Motor,2.34
Operating result excl ITR/MFR,Operating,False,17,True,Forecast1,Jun,Travel,0.82
Operating result excl ITR/MFR,Operating,False,17,True,Forecast1,Jun,Home,0.57
Operating result excl ITR/MFR,Operating,False,17,True,Forecast1,Jun,CHC,0.41
Operating result excl ITR/MFR,Operating,False,17,True,Forecast1,Q2,Motor,6.42
Operating result excl ITR/MFR,Operating,False,17,True,Forecast1,Q2,Travel,2.21
Operating result excl ITR/MFR,Operating,False,17,True,Forecast1,Q2,Home,1.64
Operating result excl ITR/MFR,Operating,False,17,True,Forecast1,Q2,CHC,1.15
Operating result excl ITR/MFR,Operating,False,17,True,Forecast1,H1,Motor,12.15
Operating result excl ITR/MFR,Operating,False,17,True,Forecast1,H1,Travel,4.47
Operating result excl ITR/MFR,Operating,False,17,True,Forecast1,H1,Home,3.15
Operating result excl ITR/MFR,Operating,False,17,True,Forecast1,H1,CHC,2.24
Operating result excl ITR/MFR,Operating,False,17,True,Forecast1,Q3,Motor,6.28
Operating result excl ITR/MFR,Operating,False,17,True,Forecast1,Q3,Travel,2.26
Operating result excl ITR/MFR,Operating,False,17,True,Forecast1,Q3,Home,1.65
Operating result excl ITR/MFR,Operating,False,17,True,Forecast1,Q3,CHC,1.17
Operating result excl ITR/MFR,Operating,False,17,True,Forecast1,Q4,Motor,6.36
Operating result excl ITR/MFR,Operating,False,17,True,Forecast1,Q4,Travel,2.27
Operating result excl ITR/MFR,Operating,False,17,True,Forecast1,Q4,Home,1.6
Operating result excl ITR/MFR,Operating,False,17,True,Forecast1,Q4,CHC,1.14
Operating result excl ITR/MFR,Operating,False,17,True,Forecast1,2026FY,Motor,25.17
Operating result excl ITR/MFR,Operating,False,17,True,Forecast1,2026FY,Travel,8.71
Operating result excl ITR/MFR,Operating,False,17,True,Forecast1,2026FY,Home,6.39
Operating result excl ITR/MFR,Operating,False,17,True,Forecast1,2026FY,CHC,4.65
Operating result excl ITR/MFR,Operating,False,17,True,Forecast2,Jan,Motor,2.1
Operating result excl ITR/MFR,Operating,False,17,True,Forecast2,Jan,Travel,0.73
Operating result excl ITR/MFR,Operating,False,17,True,Forecast2,Jan,Home,0.52
Operating result excl ITR/MFR,Operating,False,17,True,Forecast2,Jan,CHC,0.38
Operating result excl ITR/MFR,Operating,False,17,True,Forecast2,Feb,Motor,2.05
Operating result excl ITR/MFR,Operating,False,17,True,Forecast2,Feb,Travel,0.75
Operating result excl ITR/MFR,Operating,False,17,True,Forecast2,Feb,Home,0.51
Operating result excl ITR/MFR,Operating,False,17,True,Forecast2,Feb,CHC,0.37
Operating result excl ITR/MFR,Operating,False,17,True,Forecast2,Mar,Motor,2.3
Operating result excl ITR/MFR,Operating,False,17,True,Forecast2,Mar,Travel,0.82
Operating result excl ITR/MFR,Operating,False,17,True,Forecast2,Mar,Home,0.6
Operating result excl ITR/MFR,Operating,False,17,True,Forecast2,Mar,CHC,0.43
Operating result excl ITR/MFR,Operating,False,17,True,Forecast2,Q1,Motor,6.68
Operating result excl ITR/MFR,Operating,False,17,True,Forecast2,Q1,Travel,2.32
Operating result excl ITR/MFR,Operating,False,17,True,Forecast2,Q1,Home,1.61
Operating result excl ITR/MFR,Operating,False,17,True,Forecast2,Q1,CHC,1.17
Operating result excl ITR/MFR,Operating,False,17,True,Forecast2,Apr,Motor,2.07
Operating result excl ITR/MFR,Operating,False,17,True,Forecast2,Apr,Travel,0.75
Operating result excl ITR/MFR,Operating,False,17,True,Forecast2,Apr,Home,0.51
Operating result excl ITR/MFR,Operating,False,17,True,Forecast2,Apr,CHC,0.38
Operating result excl ITR/MFR,Operating,False,17,True,Forecast2,May,Motor,2.14
Operating result excl ITR/MFR,Operating,False,17,True,Forecast2,May,Travel,0.76
Operating result excl ITR/MFR,Operating,False,17,True,Forecast2,May,Home,0.52
Operating result excl ITR/MFR,Operating,False,17,True,Forecast2,May,CHC,0.38
Operating result excl ITR/MFR,Operating,False,17,True,Forecast2,Jun,Motor,2.47
Operating result excl ITR/MFR,Operating,False,17,True,Forecast2,Jun,Travel,0.82
Operating result excl ITR/MFR,Operating,False,17,True,Forecast2,Jun,Home,0.57
Operating result excl ITR/MFR,Operating,False,17,True,Forecast2,Jun,CHC,0.41
Operating result excl ITR/MFR,Operating,False,17,True,Forecast2,Q2,Motor,6.65
Operating result excl ITR/MFR,Operating,False,17,True,Forecast2,Q2,Travel,2.21
Operating result excl ITR/MFR,Operating,False,17,True,Forecast2,Q2,Home,1.63
Operating result excl ITR/MFR,Operating,False,17,True,Forecast2,Q2,CHC,1.19
Operating result excl ITR/MFR,Operating,False,17,True,Forecast2,H1,Motor,13.17
Operating result excl ITR/MFR,Operating,False,17,True,Forecast2,H1,Travel,4.63
Operating result excl ITR/MFR,Operating,False,17,True,Forecast2,H1,Home,3.3
Operating result excl ITR/MFR,Operating,False,17,True,Forecast2,H1,CHC,2.42
Operating result excl ITR/MFR,Operating,False,17,True,Forecast2,Q3,Motor,6.44
Operating result excl ITR/MFR,Operating,False,17,True,Forecast2,Q3,Travel,2.27
Operating result excl ITR/MFR,Operating,False,17,True,Forecast2,Q3,Home,1.62
Operating result excl ITR/MFR,Operating,False,17,True,Forecast2,Q3,CHC,1.2
Operating result excl ITR/MFR,Operating,False,17,True,Forecast2,Q4,Motor,6.68
Operating result excl ITR/MFR,Operating,False,17,True,Forecast2,Q4,Travel,2.32
Operating result excl ITR/MFR,Operating,False,17,True,Forecast2,Q4,Home,1.68
Operating result excl ITR/MFR,Operating,False,17,True,Forecast2,Q4,CHC,1.15
Operating result excl ITR/MFR,Operating,False,17,True,Forecast2,2026FY,Motor,27.08
Operating result excl ITR/MFR,Operating,False,17,True,Forecast2,2026FY,Travel,9.45
Operating result excl ITR/MFR,Operating,False,17,True,Forecast2,2026FY,Home,6.65
Operating result excl ITR/MFR,Operating,False,17,True,Forecast2,2026FY,CHC,4.89
Operating result excl ITR/MFR,Operating,False,17,True,Actuals,Jan,Motor,2.07
Operating result excl ITR/MFR,Operating,False,17,True,Actuals,Jan,Travel,0.74
Operating result excl ITR/MFR,Operating,False,17,True,Actuals,Jan,Home,0.53
Operating result excl ITR/MFR,Operating,False,17,True,Actuals,Jan,CHC,0.39
Operating result excl ITR/MFR,Operating,False,17,True,Actuals,Feb,Motor,2.1
Operating result excl ITR/MFR,Operating,False,17,True,Actuals,Feb,Travel,0.76
Operating result excl ITR/MFR,Operating,False,17,True,Actuals,Feb,Home,0.55
Operating result excl ITR/MFR,Operating,False,17,True,Actuals,Feb,CHC,0.39
Operating result excl ITR/MFR,Operating,False,17,True,Actuals,Mar,Motor,2.42
Operating result excl ITR/MFR,Operating,False,17,True,Actuals,Mar,Travel,0.83
Operating result excl ITR/MFR,Operating,False,17,True,Actuals,Mar,Home,0.59
Operating result excl ITR/MFR,Operating,False,17,True,Actuals,Mar,CHC,0.44
Operating result excl ITR/MFR,Operating,False,17,True,Actuals,Q1,Motor,6.78
Operating result excl ITR/MFR,Operating,False,17,True,Actuals,Q1,Travel,2.34
Operating result excl ITR/MFR,Operating,False,17,True,Actuals,Q1,Home,1.66
Operating result excl ITR/MFR,Operating,False,17,True,Actuals,Q1,CHC,1.16
Operating result excl ITR/MFR,Operating,False,17,True,Actuals,Apr,Motor,2.1
Operating result excl ITR/MFR,Operating,False,17,True,Actuals,Apr,Travel,0.78
Operating result excl ITR/MFR,Operating,False,17,True,Actuals,Apr,Home,0.52
Operating result excl ITR/MFR,Operating,False,17,True,Actuals,Apr,CHC,0.39
Operating result excl ITR/MFR,Operating,False,17,True,Actuals,May,Motor,2.18
Operating result excl ITR/MFR,Operating,False,17,True,Actuals,May,Travel,0.73
Operating result excl ITR/MFR,Operating,False,17,True,Actuals,May,Home,0.54
Operating result excl ITR/MFR,Operating,False,17,True,Actuals,May,CHC,0.39
Operating result excl ITR/MFR,Operating,False,17,True,Actuals,Jun,Motor,2.41
Operating result excl ITR/MFR,Operating,False,17,True,Actuals,Jun,Travel,0.89
Operating result excl ITR/MFR,Operating,False,17,True,Actuals,Jun,Home,0.58
Operating result excl ITR/MFR,Operating,False,17,True,Actuals,Jun,CHC,0.44
Operating result excl ITR/MFR,Operating,False,17,True,Actuals,Q2,Motor,6.67
Operating result excl ITR/MFR,Operating,False,17,True,Actuals,Q2,Travel,2.37
Operating result excl ITR/MFR,Operating,False,17,True,Actuals,Q2,Home,1.69
Operating result excl ITR/MFR,Operating,False,17,True,Actuals,Q2,CHC,1.19
Operating result excl ITR/MFR,Operating,False,17,True,Actuals,H1,Motor,13.43
Operating result excl ITR/MFR,Operating,False,17,True,Actuals,H1,Travel,4.52
Operating result excl ITR/MFR,Operating,False,17,True,Actuals,H1,Home,3.38
Operating result excl ITR/MFR,Operating,False,17,True,Actuals,H1,CHC,2.42
Operating result excl ITR/MFR,Operating,False,17,True,Actuals,Q3,Motor,6.77
Operating result excl ITR/MFR,Operating,False,17,True,Actuals,Q3,Travel,2.39
Operating result excl ITR/MFR,Operating,False,17,True,Actuals,Q3,Home,1.68
Operating result excl ITR/MFR,Operating,False,17,True,Actuals,Q3,CHC,1.21
Operating result excl ITR/MFR,Operating,False,17,True,Actuals,Q4,Motor,6.58
Operating result excl ITR/MFR,Operating,False,17,True,Actuals,Q4,Travel,2.31
Operating result excl ITR/MFR,Operating,False,17,True,Actuals,Q4,Home,1.71
Operating result excl ITR/MFR,Operating,False,17,True,Actuals,Q4,CHC,1.24
Operating result excl ITR/MFR,Operating,False,17,True,Actuals,2026FY,Motor,26.63
Operating result excl ITR/MFR,Operating,False,17,True,Actuals,2026FY,Travel,9.37
Operating result excl ITR/MFR,Operating,False,17,True,Actuals,2026FY,Home,6.57
Operating result excl ITR/MFR,Operating,False,17,True,Actuals,2026FY,CHC,4.92
IT rebilling,Operating,False,18,False,Budget,Jan,Motor,-0.2
IT rebilling,Operating,False,18,False,Budget,Jan,Travel,-0.07
IT rebilling,Operating,False,18,False,Budget,Jan,Home,-0.05
IT rebilling,Operating,False,18,False,Budget,Jan,CHC,-0.04
IT rebilling,Operating,False,18,False,Budget,Feb,Motor,-0.2
IT rebilling,Operating,False,18,False,Budget,Feb,Travel,-0.07
IT rebilling,Operating,False,18,False,Budget,Feb,Home,-0.05
IT rebilling,Operating,False,18,False,Budget,Feb,CHC,-0.04
IT rebilling,Operating,False,18,False,Budget,Mar,Motor,-0.23
IT rebilling,Operating,False,18,False,Budget,Mar,Travel,-0.08
IT rebilling,Operating,False,18,False,Budget,Mar,Home,-0.06
IT rebilling,Operating,False,18,False,Budget,Mar,CHC,-0.04
IT rebilling,Operating,False,18,False,Budget,Q1,Motor,-0.64
IT rebilling,Operating,False,18,False,Budget,Q1,Travel,-0.22
IT rebilling,Operating,False,18,False,Budget,Q1,Home,-0.16
IT rebilling,Operating,False,18,False,Budget,Q1,CHC,-0.11
IT rebilling,Operating,False,18,False,Budget,Apr,Motor,-0.2
IT rebilling,Operating,False,18,False,Budget,Apr,Travel,-0.07
IT rebilling,Operating,False,18,False,Budget,Apr,Home,-0.05
IT rebilling,Operating,False,18,False,Budget,Apr,CHC,-0.04
IT rebilling,Operating,False,18,False,Budget,May,Motor,-0.19
IT rebilling,Operating,False,18,False,Budget,May,Travel,-0.07
IT rebilling,Operating,False,18,False,Budget,May,Home,-0.05
IT rebilling,Operating,False,18,False,Budget,May,CHC,-0.04
IT rebilling,Operating,False,18,False,Budget,Jun,Motor,-0.22
IT rebilling,Operating,False,18,False,Budget,Jun,Travel,-0.08
IT rebilling,Operating,False,18,False,Budget,Jun,Home,-0.06
IT rebilling,Operating,False,18,False,Budget,Jun,CHC,-0.04
IT rebilling,Operating,False,18,False,Budget,Q2,Motor,-0.64
IT rebilling,Operating,False,18,False,Budget,Q2,Travel,-0.22
IT rebilling,Operating,False,18,False,Budget,Q2,Home,-0.15
IT rebilling,Operating,False,18,False,Budget,Q2,CHC,-0.11
IT rebilling,Operating,False,18,False,Budget,H1,Motor,-1.29
IT rebilling,Operating,False,18,False,Budget,H1,Travel,-0.43
IT rebilling,Operating,False,18,False,Budget,H1,Home,-0.31
IT rebilling,Operating,False,18,False,Budget,H1,CHC,-0.23
IT rebilling,Operating,False,18,False,Budget,Q3,Motor,-0.63
IT rebilling,Operating,False,18,False,Budget,Q3,Travel,-0.21
IT rebilling,Operating,False,18,False,Budget,Q3,Home,-0.16
IT rebilling,Operating,False,18,False,Budget,Q3,CHC,-0.11
IT rebilling,Operating,False,18,False,Budget,Q4,Motor,-0.64
IT rebilling,Operating,False,18,False,Budget,Q4,Travel,-0.22
IT rebilling,Operating,False,18,False,Budget,Q4,Home,-0.16
IT rebilling,Operating,False,18,False,Budget,Q4,CHC,-0.11
IT rebilling,Operating,False,18,False,Budget,2026FY,Motor,-2.59
IT rebilling,Operating,False,18,False,Budget,2026FY,Travel,-0.87
IT rebilling,Operating,False,18,False,Budget,2026FY,Home,-0.61
IT rebilling,Operating,False,18,False,Budget,2026FY,CHC,-0.45
IT rebilling,Operating,False,18,False,Forecast1,Jan,Motor,-0.21
IT rebilling,Operating,False,18,False,Forecast1,Jan,Travel,-0.07
IT rebilling,Operating,False,18,False,Forecast1,Jan,Home,-0.05
IT rebilling,Operating,False,18,False,Forecast1,Jan,CHC,-0.04
IT rebilling,Operating,False,18,False,Forecast1,Feb,Motor,-0.21
IT rebilling,Operating,False,18,False,Forecast1,Feb,Travel,-0.07
IT rebilling,Operating,False,18,False,Forecast1,Feb,Home,-0.05
IT rebilling,Operating,False,18,False,Forecast1,Feb,CHC,-0.04
IT rebilling,Operating,False,18,False,Forecast1,Mar,Motor,-0.23
IT rebilling,Operating,False,18,False,Forecast1,Mar,Travel,-0.08
IT rebilling,Operating,False,18,False,Forecast1,Mar,Home,-0.06
IT rebilling,Operating,False,18,False,Forecast1,Mar,CHC,-0.04
IT rebilling,Operating,False,18,False,Forecast1,Q1,Motor,-0.66
IT rebilling,Operating,False,18,False,Forecast1,Q1,Travel,-0.23
IT rebilling,Operating,False,18,False,Forecast1,Q1,Home,-0.16
IT rebilling,Operating,False,18,False,Forecast1,Q1,CHC,-0.11
IT rebilling,Operating,False,18,False,Forecast1,Apr,Motor,-0.2
IT rebilling,Operating,False,18,False,Forecast1,Apr,Travel,-0.07
IT rebilling,Operating,False,18,False,Forecast1,Apr,Home,-0.05
IT rebilling,Operating,False,18,False,Forecast1,Apr,CHC,-0.04
IT rebilling,Operating,False,18,False,Forecast1,May,Motor,-0.21
IT rebilling,Operating,False,18,False,Forecast1,May,Travel,-0.07
IT rebilling,Operating,False,18,False,Forecast1,May,Home,-0.05
IT rebilling,Operating,False,18,False,Forecast1,May,CHC,-0.04
IT rebilling,Operating,False,18,False,Forecast1,Jun,Motor,-0.23
IT rebilling,Operating,False,18,False,Forecast1,Jun,Travel,-0.08
IT rebilling,Operating,False,18,False,Forecast1,Jun,Home,-0.06
IT rebilling,Operating,False,18,False,Forecast1,Jun,CHC,-0.04
IT rebilling,Operating,False,18,False,Forecast1,Q2,Motor,-0.65
IT rebilling,Operating,False,18,False,Forecast1,Q2,Travel,-0.22
IT rebilling,Operating,False,18,False,Forecast1,Q2,Home,-0.16
IT rebilling,Operating,False,18,False,Forecast1,Q2,CHC,-0.12
IT rebilling,Operating,False,18,False,Forecast1,H1,Motor,-1.26
IT rebilling,Operating,False,18,False,Forecast1,H1,Travel,-0.46
IT rebilling,Operating,False,18,False,Forecast1,H1,Home,-0.32
IT rebilling,Operating,False,18,False,Forecast1,H1,CHC,-0.24
IT rebilling,Operating,False,18,False,Forecast1,Q3,Motor,-0.65
IT rebilling,Operating,False,18,False,Forecast1,Q3,Travel,-0.22
IT rebilling,Operating,False,18,False,Forecast1,Q3,Home,-0.16
IT rebilling,Operating,False,18,False,Forecast1,Q3,CHC,-0.12
IT rebilling,Operating,False,18,False,Forecast1,Q4,Motor,-0.65
IT rebilling,Operating,False,18,False,Forecast1,Q4,Travel,-0.23
IT rebilling,Operating,False,18,False,Forecast1,Q4,Home,-0.16
IT rebilling,Operating,False,18,False,Forecast1,Q4,CHC,-0.12
IT rebilling,Operating,False,18,False,Forecast1,2026FY,Motor,-2.58
IT rebilling,Operating,False,18,False,Forecast1,2026FY,Travel,-0.86
IT rebilling,Operating,False,18,False,Forecast1,2026FY,Home,-0.65
IT rebilling,Operating,False,18,False,Forecast1,2026FY,CHC,-0.45
IT rebilling,Operating,False,18,False,Forecast2,Jan,Motor,-0.21
IT rebilling,Operating,False,18,False,Forecast2,Jan,Travel,-0.07
IT rebilling,Operating,False,18,False,Forecast2,Jan,Home,-0.05
IT rebilling,Operating,False,18,False,Forecast2,Jan,CHC,-0.04
IT rebilling,Operating,False,18,False,Forecast2,Feb,Motor,-0.21
IT rebilling,Operating,False,18,False,Forecast2,Feb,Travel,-0.08
IT rebilling,Operating,False,18,False,Forecast2,Feb,Home,-0.05
IT rebilling,Operating,False,18,False,Forecast2,Feb,CHC,-0.04
IT rebilling,Operating,False,18,False,Forecast2,Mar,Motor,-0.24
IT rebilling,Operating,False,18,False,Forecast2,Mar,Travel,-0.08
IT rebilling,Operating,False,18,False,Forecast2,Mar,Home,-0.06
IT rebilling,Operating,False,18,False,Forecast2,Mar,CHC,-0.04
IT rebilling,Operating,False,18,False,Forecast2,Q1,Motor,-0.67
IT rebilling,Operating,False,18,False,Forecast2,Q1,Travel,-0.24
IT rebilling,Operating,False,18,False,Forecast2,Q1,Home,-0.16
IT rebilling,Operating,False,18,False,Forecast2,Q1,CHC,-0.12
IT rebilling,Operating,False,18,False,Forecast2,Apr,Motor,-0.21
IT rebilling,Operating,False,18,False,Forecast2,Apr,Travel,-0.07
IT rebilling,Operating,False,18,False,Forecast2,Apr,Home,-0.05
IT rebilling,Operating,False,18,False,Forecast2,Apr,CHC,-0.04
IT rebilling,Operating,False,18,False,Forecast2,May,Motor,-0.22
IT rebilling,Operating,False,18,False,Forecast2,May,Travel,-0.08
IT rebilling,Operating,False,18,False,Forecast2,May,Home,-0.05
IT rebilling,Operating,False,18,False,Forecast2,May,CHC,-0.04
IT rebilling,Operating,False,18,False,Forecast2,Jun,Motor,-0.24
IT rebilling,Operating,False,18,False,Forecast2,Jun,Travel,-0.08
IT rebilling,Operating,False,18,False,Forecast2,Jun,Home,-0.06
IT rebilling,Operating,False,18,False,Forecast2,Jun,CHC,-0.04
IT rebilling,Operating,False,18,False,Forecast2,Q2,Motor,-0.67
IT rebilling,Operating,False,18,False,Forecast2,Q2,Travel,-0.23
IT rebilling,Operating,False,18,False,Forecast2,Q2,Home,-0.16
IT rebilling,Operating,False,18,False,Forecast2,Q2,CHC,-0.12
IT rebilling,Operating,False,18,False,Forecast2,H1,Motor,-1.31
IT rebilling,Operating,False,18,False,Forecast2,H1,Travel,-0.46
IT rebilling,Operating,False,18,False,Forecast2,H1,Home,-0.34
IT rebilling,Operating,False,18,False,Forecast2,H1,CHC,-0.23
IT rebilling,Operating,False,18,False,Forecast2,Q3,Motor,-0.66
IT rebilling,Operating,False,18,False,Forecast2,Q3,Travel,-0.24
IT rebilling,Operating,False,18,False,Forecast2,Q3,Home,-0.17
IT rebilling,Operating,False,18,False,Forecast2,Q3,CHC,-0.12
IT rebilling,Operating,False,18,False,Forecast2,Q4,Motor,-0.66
IT rebilling,Operating,False,18,False,Forecast2,Q4,Travel,-0.23
IT rebilling,Operating,False,18,False,Forecast2,Q4,Home,-0.16
IT rebilling,Operating,False,18,False,Forecast2,Q4,CHC,-0.12
IT rebilling,Operating,False,18,False,Forecast2,2026FY,Motor,-2.65
IT rebilling,Operating,False,18,False,Forecast2,2026FY,Travel,-0.87
IT rebilling,Operating,False,18,False,Forecast2,2026FY,Home,-0.66
IT rebilling,Operating,False,18,False,Forecast2,2026FY,CHC,-0.47
IT rebilling,Operating,False,18,False,Actuals,Jan,Motor,-0.21
IT rebilling,Operating,False,18,False,Actuals,Jan,Travel,-0.08
IT rebilling,Operating,False,18,False,Actuals,Jan,Home,-0.05
IT rebilling,Operating,False,18,False,Actuals,Jan,CHC,-0.04
IT rebilling,Operating,False,18,False,Actuals,Feb,Motor,-0.22
IT rebilling,Operating,False,18,False,Actuals,Feb,Travel,-0.07
IT rebilling,Operating,False,18,False,Actuals,Feb,Home,-0.05
IT rebilling,Operating,False,18,False,Actuals,Feb,CHC,-0.04
IT rebilling,Operating,False,18,False,Actuals,Mar,Motor,-0.24
IT rebilling,Operating,False,18,False,Actuals,Mar,Travel,-0.08
IT rebilling,Operating,False,18,False,Actuals,Mar,Home,-0.06
IT rebilling,Operating,False,18,False,Actuals,Mar,CHC,-0.04
IT rebilling,Operating,False,18,False,Actuals,Q1,Motor,-0.66
IT rebilling,Operating,False,18,False,Actuals,Q1,Travel,-0.23
IT rebilling,Operating,False,18,False,Actuals,Q1,Home,-0.17
IT rebilling,Operating,False,18,False,Actuals,Q1,CHC,-0.12
IT rebilling,Operating,False,18,False,Actuals,Apr,Motor,-0.21
IT rebilling,Operating,False,18,False,Actuals,Apr,Travel,-0.08
IT rebilling,Operating,False,18,False,Actuals,Apr,Home,-0.05
IT rebilling,Operating,False,18,False,Actuals,Apr,CHC,-0.04
IT rebilling,Operating,False,18,False,Actuals,May,Motor,-0.22
IT rebilling,Operating,False,18,False,Actuals,May,Travel,-0.08
IT rebilling,Operating,False,18,False,Actuals,May,Home,-0.05
IT rebilling,Operating,False,18,False,Actuals,May,CHC,-0.04
IT rebilling,Operating,False,18,False,Actuals,Jun,Motor,-0.24
IT rebilling,Operating,False,18,False,Actuals,Jun,Travel,-0.08
IT rebilling,Operating,False,18,False,Actuals,Jun,Home,-0.06
IT rebilling,Operating,False,18,False,Actuals,Jun,CHC,-0.04
IT rebilling,Operating,False,18,False,Actuals,Q2,Motor,-0.68
IT rebilling,Operating,False,18,False,Actuals,Q2,Travel,-0.23
IT rebilling,Operating,False,18,False,Actuals,Q2,Home,-0.16
IT rebilling,Operating,False,18,False,Actuals,Q2,CHC,-0.12
IT rebilling,Operating,False,18,False,Actuals,H1,Motor,-1.34
IT rebilling,Operating,False,18,False,Actuals,H1,Travel,-0.46
IT rebilling,Operating,False,18,False,Actuals,H1,Home,-0.34
IT rebilling,Operating,False,18,False,Actuals,H1,CHC,-0.25
IT rebilling,Operating,False,18,False,Actuals,Q3,Motor,-0.68
IT rebilling,Operating,False,18,False,Actuals,Q3,Travel,-0.23
IT rebilling,Operating,False,18,False,Actuals,Q3,Home,-0.17
IT rebilling,Operating,False,18,False,Actuals,Q3,CHC,-0.12
IT rebilling,Operating,False,18,False,Actuals,Q4,Motor,-0.66
IT rebilling,Operating,False,18,False,Actuals,Q4,Travel,-0.23
IT rebilling,Operating,False,18,False,Actuals,Q4,Home,-0.17
IT rebilling,Operating,False,18,False,Actuals,Q4,CHC,-0.12
IT rebilling,Operating,False,18,False,Actuals,2026FY,Motor,-2.67
IT rebilling,Operating,False,18,False,Actuals,2026FY,Travel,-0.93
IT rebilling,Operating,False,18,False,Actuals,2026FY,Home,-0.63
IT rebilling,Operating,False,18,False,Actuals,2026FY,CHC,-0.5
Management fees rebilling,Operating,False,19,False,Budget,Jan,Motor,-0.2
Management fees rebilling,Operating,False,19,False,Budget,Jan,Travel,-0.07
Management fees rebilling,Operating,False,19,False,Budget,Jan,Home,-0.05
Management fees rebilling,Operating,False,19,False,Budget,Jan,CHC,-0.04
Management fees rebilling,Operating,False,19,False,Budget,Feb,Motor,-0.21
Management fees rebilling,Operating,False,19,False,Budget,Feb,Travel,-0.07
Management fees rebilling,Operating,False,19,False,Budget,Feb,Home,-0.05
Management fees rebilling,Operating,False,19,False,Budget,Feb,CHC,-0.04
Management fees rebilling,Operating,False,19,False,Budget,Mar,Motor,-0.23
Management fees rebilling,Operating,False,19,False,Budget,Mar,Travel,-0.08
Management fees rebilling,Operating,False,19,False,Budget,Mar,Home,-0.06
Management fees rebilling,Operating,False,19,False,Budget,Mar,CHC,-0.04
Management fees rebilling,Operating,False,19,False,Budget,Q1,Motor,-0.62
Management fees rebilling,Operating,False,19,False,Budget,Q1,Travel,-0.22
Management fees rebilling,Operating,False,19,False,Budget,Q1,Home,-0.16
Management fees rebilling,Operating,False,19,False,Budget,Q1,CHC,-0.11
Management fees rebilling,Operating,False,19,False,Budget,Apr,Motor,-0.2
Management fees rebilling,Operating,False,19,False,Budget,Apr,Travel,-0.07
Management fees rebilling,Operating,False,19,False,Budget,Apr,Home,-0.05
Management fees rebilling,Operating,False,19,False,Budget,Apr,CHC,-0.04
Management fees rebilling,Operating,False,19,False,Budget,May,Motor,-0.2
Management fees rebilling,Operating,False,19,False,Budget,May,Travel,-0.07
Management fees rebilling,Operating,False,19,False,Budget,May,Home,-0.05
Management fees rebilling,Operating,False,19,False,Budget,May,CHC,-0.04
Management fees rebilling,Operating,False,19,False,Budget,Jun,Motor,-0.22
Management fees rebilling,Operating,False,19,False,Budget,Jun,Travel,-0.07
Management fees rebilling,Operating,False,19,False,Budget,Jun,Home,-0.06
Management fees rebilling,Operating,False,19,False,Budget,Jun,CHC,-0.04
Management fees rebilling,Operating,False,19,False,Budget,Q2,Motor,-0.61
Management fees rebilling,Operating,False,19,False,Budget,Q2,Travel,-0.22
Management fees rebilling,Operating,False,19,False,Budget,Q2,Home,-0.16
Management fees rebilling,Operating,False,19,False,Budget,Q2,CHC,-0.11
Management fees rebilling,Operating,False,19,False,Budget,H1,Motor,-1.23
Management fees rebilling,Operating,False,19,False,Budget,H1,Travel,-0.42
Management fees rebilling,Operating,False,19,False,Budget,H1,Home,-0.31
Management fees rebilling,Operating,False,19,False,Budget,H1,CHC,-0.22
Management fees rebilling,Operating,False,19,False,Budget,Q3,Motor,-0.63
Management fees rebilling,Operating,False,19,False,Budget,Q3,Travel,-0.22
Management fees rebilling,Operating,False,19,False,Budget,Q3,Home,-0.16
Management fees rebilling,Operating,False,19,False,Budget,Q3,CHC,-0.12
Management fees rebilling,Operating,False,19,False,Budget,Q4,Motor,-0.64
Management fees rebilling,Operating,False,19,False,Budget,Q4,Travel,-0.22
Management fees rebilling,Operating,False,19,False,Budget,Q4,Home,-0.16
Management fees rebilling,Operating,False,19,False,Budget,Q4,CHC,-0.11
Management fees rebilling,Operating,False,19,False,Budget,2026FY,Motor,-2.56
Management fees rebilling,Operating,False,19,False,Budget,2026FY,Travel,-0.86
Management fees rebilling,Operating,False,19,False,Budget,2026FY,Home,-0.63
Management fees rebilling,Operating,False,19,False,Budget,2026FY,CHC,-0.45
Management fees rebilling,Operating,False,19,False,Forecast1,Jan,Motor,-0.2
Management fees rebilling,Operating,False,19,False,Forecast1,Jan,Travel,-0.07
Management fees rebilling,Operating,False,19,False,Forecast1,Jan,Home,-0.05
Management fees rebilling,Operating,False,19,False,Forecast1,Jan,CHC,-0.04
Management fees rebilling,Operating,False,19,False,Forecast1,Feb,Motor,-0.21
Management fees rebilling,Operating,False,19,False,Forecast1,Feb,Travel,-0.07
Management fees rebilling,Operating,False,19,False,Forecast1,Feb,Home,-0.05
Management fees rebilling,Operating,False,19,False,Forecast1,Feb,CHC,-0.04
Management fees rebilling,Operating,False,19,False,Forecast1,Mar,Motor,-0.24
Management fees rebilling,Operating,False,19,False,Forecast1,Mar,Travel,-0.08
Management fees rebilling,Operating,False,19,False,Forecast1,Mar,Home,-0.06
Management fees rebilling,Operating,False,19,False,Forecast1,Mar,CHC,-0.04
Management fees rebilling,Operating,False,19,False,Forecast1,Q1,Motor,-0.63
Management fees rebilling,Operating,False,19,False,Forecast1,Q1,Travel,-0.23
Management fees rebilling,Operating,False,19,False,Forecast1,Q1,Home,-0.16
Management fees rebilling,Operating,False,19,False,Forecast1,Q1,CHC,-0.11
Management fees rebilling,Operating,False,19,False,Forecast1,Apr,Motor,-0.21
Management fees rebilling,Operating,False,19,False,Forecast1,Apr,Travel,-0.07
Management fees rebilling,Operating,False,19,False,Forecast1,Apr,Home,-0.05
Management fees rebilling,Operating,False,19,False,Forecast1,Apr,CHC,-0.04
Management fees rebilling,Operating,False,19,False,Forecast1,May,Motor,-0.2
Management fees rebilling,Operating,False,19,False,Forecast1,May,Travel,-0.07
Management fees rebilling,Operating,False,19,False,Forecast1,May,Home,-0.05
Management fees rebilling,Operating,False,19,False,Forecast1,May,CHC,-0.04
Management fees rebilling,Operating,False,19,False,Forecast1,Jun,Motor,-0.22
Management fees rebilling,Operating,False,19,False,Forecast1,Jun,Travel,-0.08
Management fees rebilling,Operating,False,19,False,Forecast1,Jun,Home,-0.06
Management fees rebilling,Operating,False,19,False,Forecast1,Jun,CHC,-0.04
Management fees rebilling,Operating,False,19,False,Forecast1,Q2,Motor,-0.64
Management fees rebilling,Operating,False,19,False,Forecast1,Q2,Travel,-0.22
Management fees rebilling,Operating,False,19,False,Forecast1,Q2,Home,-0.17
Management fees rebilling,Operating,False,19,False,Forecast1,Q2,CHC,-0.12
Management fees rebilling,Operating,False,19,False,Forecast1,H1,Motor,-1.3
Management fees rebilling,Operating,False,19,False,Forecast1,H1,Travel,-0.44
Management fees rebilling,Operating,False,19,False,Forecast1,H1,Home,-0.32
Management fees rebilling,Operating,False,19,False,Forecast1,H1,CHC,-0.23
Management fees rebilling,Operating,False,19,False,Forecast1,Q3,Motor,-0.65
Management fees rebilling,Operating,False,19,False,Forecast1,Q3,Travel,-0.23
Management fees rebilling,Operating,False,19,False,Forecast1,Q3,Home,-0.16
Management fees rebilling,Operating,False,19,False,Forecast1,Q3,CHC,-0.11
Management fees rebilling,Operating,False,19,False,Forecast1,Q4,Motor,-0.66
Management fees rebilling,Operating,False,19,False,Forecast1,Q4,Travel,-0.23
Management fees rebilling,Operating,False,19,False,Forecast1,Q4,Home,-0.16
Management fees rebilling,Operating,False,19,False,Forecast1,Q4,CHC,-0.12
Management fees rebilling,Operating,False,19,False,Forecast1,2026FY,Motor,-2.52
Management fees rebilling,Operating,False,19,False,Forecast1,2026FY,Travel,-0.9
Management fees rebilling,Operating,False,19,False,Forecast1,2026FY,Home,-0.64
Management fees rebilling,Operating,False,19,False,Forecast1,2026FY,CHC,-0.45
Management fees rebilling,Operating,False,19,False,Forecast2,Jan,Motor,-0.21
Management fees rebilling,Operating,False,19,False,Forecast2,Jan,Travel,-0.08
Management fees rebilling,Operating,False,19,False,Forecast2,Jan,Home,-0.05
Management fees rebilling,Operating,False,19,False,Forecast2,Jan,CHC,-0.04
Management fees rebilling,Operating,False,19,False,Forecast2,Feb,Motor,-0.21
Management fees rebilling,Operating,False,19,False,Forecast2,Feb,Travel,-0.07
Management fees rebilling,Operating,False,19,False,Forecast2,Feb,Home,-0.05
Management fees rebilling,Operating,False,19,False,Forecast2,Feb,CHC,-0.04
Management fees rebilling,Operating,False,19,False,Forecast2,Mar,Motor,-0.24
Management fees rebilling,Operating,False,19,False,Forecast2,Mar,Travel,-0.08
Management fees rebilling,Operating,False,19,False,Forecast2,Mar,Home,-0.06
Management fees rebilling,Operating,False,19,False,Forecast2,Mar,CHC,-0.04
Management fees rebilling,Operating,False,19,False,Forecast2,Q1,Motor,-0.67
Management fees rebilling,Operating,False,19,False,Forecast2,Q1,Travel,-0.23
Management fees rebilling,Operating,False,19,False,Forecast2,Q1,Home,-0.16
Management fees rebilling,Operating,False,19,False,Forecast2,Q1,CHC,-0.12
Management fees rebilling,Operating,False,19,False,Forecast2,Apr,Motor,-0.21
Management fees rebilling,Operating,False,19,False,Forecast2,Apr,Travel,-0.07
Management fees rebilling,Operating,False,19,False,Forecast2,Apr,Home,-0.05
Management fees rebilling,Operating,False,19,False,Forecast2,Apr,CHC,-0.04
Management fees rebilling,Operating,False,19,False,Forecast2,May,Motor,-0.21
Management fees rebilling,Operating,False,19,False,Forecast2,May,Travel,-0.07
Management fees rebilling,Operating,False,19,False,Forecast2,May,Home,-0.05
Management fees rebilling,Operating,False,19,False,Forecast2,May,CHC,-0.04
Management fees rebilling,Operating,False,19,False,Forecast2,Jun,Motor,-0.23
Management fees rebilling,Operating,False,19,False,Forecast2,Jun,Travel,-0.08
Management fees rebilling,Operating,False,19,False,Forecast2,Jun,Home,-0.06
Management fees rebilling,Operating,False,19,False,Forecast2,Jun,CHC,-0.04
Management fees rebilling,Operating,False,19,False,Forecast2,Q2,Motor,-0.68
Management fees rebilling,Operating,False,19,False,Forecast2,Q2,Travel,-0.24
Management fees rebilling,Operating,False,19,False,Forecast2,Q2,Home,-0.17
Management fees rebilling,Operating,False,19,False,Forecast2,Q2,CHC,-0.12
Management fees rebilling,Operating,False,19,False,Forecast2,H1,Motor,-1.31
Management fees rebilling,Operating,False,19,False,Forecast2,H1,Travel,-0.45
Management fees rebilling,Operating,False,19,False,Forecast2,H1,Home,-0.32
Management fees rebilling,Operating,False,19,False,Forecast2,H1,CHC,-0.23
Management fees rebilling,Operating,False,19,False,Forecast2,Q3,Motor,-0.67
Management fees rebilling,Operating,False,19,False,Forecast2,Q3,Travel,-0.23
Management fees rebilling,Operating,False,19,False,Forecast2,Q3,Home,-0.17
Management fees rebilling,Operating,False,19,False,Forecast2,Q3,CHC,-0.12
Management fees rebilling,Operating,False,19,False,Forecast2,Q4,Motor,-0.69
Management fees rebilling,Operating,False,19,False,Forecast2,Q4,Travel,-0.22
Management fees rebilling,Operating,False,19,False,Forecast2,Q4,Home,-0.17
Management fees rebilling,Operating,False,19,False,Forecast2,Q4,CHC,-0.12
Management fees rebilling,Operating,False,19,False,Forecast2,2026FY,Motor,-2.58
Management fees rebilling,Operating,False,19,False,Forecast2,2026FY,Travel,-0.94
Management fees rebilling,Operating,False,19,False,Forecast2,2026FY,Home,-0.66
Management fees rebilling,Operating,False,19,False,Forecast2,2026FY,CHC,-0.47
Management fees rebilling,Operating,False,19,False,Actuals,Jan,Motor,-0.21
Management fees rebilling,Operating,False,19,False,Actuals,Jan,Travel,-0.07
Management fees rebilling,Operating,False,19,False,Actuals,Jan,Home,-0.06
Management fees rebilling,Operating,False,19,False,Actuals,Jan,CHC,-0.04
Management fees rebilling,Operating,False,19,False,Actuals,Feb,Motor,-0.22
Management fees rebilling,Operating,False,19,False,Actuals,Feb,Travel,-0.07
Management fees rebilling,Operating,False,19,False,Actuals,Feb,Home,-0.05
Management fees rebilling,Operating,False,19,False,Actuals,Feb,CHC,-0.04
Management fees rebilling,Operating,False,19,False,Actuals,Mar,Motor,-0.23
Management fees rebilling,Operating,False,19,False,Actuals,Mar,Travel,-0.08
Management fees rebilling,Operating,False,19,False,Actuals,Mar,Home,-0.06
Management fees rebilling,Operating,False,19,False,Actuals,Mar,CHC,-0.04
Management fees rebilling,Operating,False,19,False,Actuals,Q1,Motor,-0.67
Management fees rebilling,Operating,False,19,False,Actuals,Q1,Travel,-0.24
Management fees rebilling,Operating,False,19,False,Actuals,Q1,Home,-0.17
Management fees rebilling,Operating,False,19,False,Actuals,Q1,CHC,-0.12
Management fees rebilling,Operating,False,19,False,Actuals,Apr,Motor,-0.21
Management fees rebilling,Operating,False,19,False,Actuals,Apr,Travel,-0.07
Management fees rebilling,Operating,False,19,False,Actuals,Apr,Home,-0.05
Management fees rebilling,Operating,False,19,False,Actuals,Apr,CHC,-0.04
Management fees rebilling,Operating,False,19,False,Actuals,May,Motor,-0.21
Management fees rebilling,Operating,False,19,False,Actuals,May,Travel,-0.08
Management fees rebilling,Operating,False,19,False,Actuals,May,Home,-0.05
Management fees rebilling,Operating,False,19,False,Actuals,May,CHC,-0.04
Management fees rebilling,Operating,False,19,False,Actuals,Jun,Motor,-0.25
Management fees rebilling,Operating,False,19,False,Actuals,Jun,Travel,-0.08
Management fees rebilling,Operating,False,19,False,Actuals,Jun,Home,-0.06
Management fees rebilling,Operating,False,19,False,Actuals,Jun,CHC,-0.04
Management fees rebilling,Operating,False,19,False,Actuals,Q2,Motor,-0.65
Management fees rebilling,Operating,False,19,False,Actuals,Q2,Travel,-0.23
Management fees rebilling,Operating,False,19,False,Actuals,Q2,Home,-0.17
Management fees rebilling,Operating,False,19,False,Actuals,Q2,CHC,-0.12
Management fees rebilling,Operating,False,19,False,Actuals,H1,Motor,-1.33
Management fees rebilling,Operating,False,19,False,Actuals,H1,Travel,-0.47
Management fees rebilling,Operating,False,19,False,Actuals,H1,Home,-0.34
Management fees rebilling,Operating,False,19,False,Actuals,H1,CHC,-0.24
Management fees rebilling,Operating,False,19,False,Actuals,Q3,Motor,-0.66
Management fees rebilling,Operating,False,19,False,Actuals,Q3,Travel,-0.24
Management fees rebilling,Operating,False,19,False,Actuals,Q3,Home,-0.17
Management fees rebilling,Operating,False,19,False,Actuals,Q3,CHC,-0.12
Management fees rebilling,Operating,False,19,False,Actuals,Q4,Motor,-0.66
Management fees rebilling,Operating,False,19,False,Actuals,Q4,Travel,-0.23
Management fees rebilling,Operating,False,19,False,Actuals,Q4,Home,-0.16
Management fees rebilling,Operating,False,19,False,Actuals,Q4,CHC,-0.12
Management fees rebilling,Operating,False,19,False,Actuals,2026FY,Motor,-2.63
Management fees rebilling,Operating,False,19,False,Actuals,2026FY,Travel,-0.92
Management fees rebilling,Operating,False,19,False,Actuals,2026FY,Home,-0.67
Management fees rebilling,Operating,False,19,False,Actuals,2026FY,CHC,-0.48
Central costs not recharged (CCNR),Operating,False,20,False,Budget,Jan,Motor,-0.33
Central costs not recharged (CCNR),Operating,False,20,False,Budget,Jan,Travel,-0.11
Central costs not recharged (CCNR),Operating,False,20,False,Budget,Jan,Home,-0.08
Central costs not recharged (CCNR),Operating,False,20,False,Budget,Jan,CHC,-0.06
Central costs not recharged (CCNR),Operating,False,20,False,Budget,Feb,Motor,-0.32
Central costs not recharged (CCNR),Operating,False,20,False,Budget,Feb,Travel,-0.11
Central costs not recharged (CCNR),Operating,False,20,False,Budget,Feb,Home,-0.08
Central costs not recharged (CCNR),Operating,False,20,False,Budget,Feb,CHC,-0.06
Central costs not recharged (CCNR),Operating,False,20,False,Budget,Mar,Motor,-0.36
Central costs not recharged (CCNR),Operating,False,20,False,Budget,Mar,Travel,-0.12
Central costs not recharged (CCNR),Operating,False,20,False,Budget,Mar,Home,-0.09
Central costs not recharged (CCNR),Operating,False,20,False,Budget,Mar,CHC,-0.07
Central costs not recharged (CCNR),Operating,False,20,False,Budget,Q1,Motor,-0.99
Central costs not recharged (CCNR),Operating,False,20,False,Budget,Q1,Travel,-0.34
Central costs not recharged (CCNR),Operating,False,20,False,Budget,Q1,Home,-0.25
Central costs not recharged (CCNR),Operating,False,20,False,Budget,Q1,CHC,-0.18
Central costs not recharged (CCNR),Operating,False,20,False,Budget,Apr,Motor,-0.33
Central costs not recharged (CCNR),Operating,False,20,False,Budget,Apr,Travel,-0.11
Central costs not recharged (CCNR),Operating,False,20,False,Budget,Apr,Home,-0.08
Central costs not recharged (CCNR),Operating,False,20,False,Budget,Apr,CHC,-0.06
Central costs not recharged (CCNR),Operating,False,20,False,Budget,May,Motor,-0.32
Central costs not recharged (CCNR),Operating,False,20,False,Budget,May,Travel,-0.11
Central costs not recharged (CCNR),Operating,False,20,False,Budget,May,Home,-0.08
Central costs not recharged (CCNR),Operating,False,20,False,Budget,May,CHC,-0.06
Central costs not recharged (CCNR),Operating,False,20,False,Budget,Jun,Motor,-0.35
Central costs not recharged (CCNR),Operating,False,20,False,Budget,Jun,Travel,-0.13
Central costs not recharged (CCNR),Operating,False,20,False,Budget,Jun,Home,-0.09
Central costs not recharged (CCNR),Operating,False,20,False,Budget,Jun,CHC,-0.06
Central costs not recharged (CCNR),Operating,False,20,False,Budget,Q2,Motor,-1.0
Central costs not recharged (CCNR),Operating,False,20,False,Budget,Q2,Travel,-0.35
Central costs not recharged (CCNR),Operating,False,20,False,Budget,Q2,Home,-0.26
Central costs not recharged (CCNR),Operating,False,20,False,Budget,Q2,CHC,-0.18
Central costs not recharged (CCNR),Operating,False,20,False,Budget,H1,Motor,-1.96
Central costs not recharged (CCNR),Operating,False,20,False,Budget,H1,Travel,-0.69
Central costs not recharged (CCNR),Operating,False,20,False,Budget,H1,Home,-0.5
Central costs not recharged (CCNR),Operating,False,20,False,Budget,H1,CHC,-0.37
Central costs not recharged (CCNR),Operating,False,20,False,Budget,Q3,Motor,-1.01
Central costs not recharged (CCNR),Operating,False,20,False,Budget,Q3,Travel,-0.34
Central costs not recharged (CCNR),Operating,False,20,False,Budget,Q3,Home,-0.26
Central costs not recharged (CCNR),Operating,False,20,False,Budget,Q3,CHC,-0.18
Central costs not recharged (CCNR),Operating,False,20,False,Budget,Q4,Motor,-1.03
Central costs not recharged (CCNR),Operating,False,20,False,Budget,Q4,Travel,-0.35
Central costs not recharged (CCNR),Operating,False,20,False,Budget,Q4,Home,-0.25
Central costs not recharged (CCNR),Operating,False,20,False,Budget,Q4,CHC,-0.18
Central costs not recharged (CCNR),Operating,False,20,False,Budget,2026FY,Motor,-4.1
Central costs not recharged (CCNR),Operating,False,20,False,Budget,2026FY,Travel,-1.43
Central costs not recharged (CCNR),Operating,False,20,False,Budget,2026FY,Home,-1.02
Central costs not recharged (CCNR),Operating,False,20,False,Budget,2026FY,CHC,-0.72
Central costs not recharged (CCNR),Operating,False,20,False,Forecast1,Jan,Motor,-0.33
Central costs not recharged (CCNR),Operating,False,20,False,Forecast1,Jan,Travel,-0.12
Central costs not recharged (CCNR),Operating,False,20,False,Forecast1,Jan,Home,-0.08
Central costs not recharged (CCNR),Operating,False,20,False,Forecast1,Jan,CHC,-0.06
Central costs not recharged (CCNR),Operating,False,20,False,Forecast1,Feb,Motor,-0.34
Central costs not recharged (CCNR),Operating,False,20,False,Forecast1,Feb,Travel,-0.12
Central costs not recharged (CCNR),Operating,False,20,False,Forecast1,Feb,Home,-0.08
Central costs not recharged (CCNR),Operating,False,20,False,Forecast1,Feb,CHC,-0.06
Central costs not recharged (CCNR),Operating,False,20,False,Forecast1,Mar,Motor,-0.37
Central costs not recharged (CCNR),Operating,False,20,False,Forecast1,Mar,Travel,-0.13
Central costs not recharged (CCNR),Operating,False,20,False,Forecast1,Mar,Home,-0.09
Central costs not recharged (CCNR),Operating,False,20,False,Forecast1,Mar,CHC,-0.07
Central costs not recharged (CCNR),Operating,False,20,False,Forecast1,Q1,Motor,-1.04
Central costs not recharged (CCNR),Operating,False,20,False,Forecast1,Q1,Travel,-0.36
Central costs not recharged (CCNR),Operating,False,20,False,Forecast1,Q1,Home,-0.25
Central costs not recharged (CCNR),Operating,False,20,False,Forecast1,Q1,CHC,-0.18
Central costs not recharged (CCNR),Operating,False,20,False,Forecast1,Apr,Motor,-0.33
Central costs not recharged (CCNR),Operating,False,20,False,Forecast1,Apr,Travel,-0.11
Central costs not recharged (CCNR),Operating,False,20,False,Forecast1,Apr,Home,-0.08
Central costs not recharged (CCNR),Operating,False,20,False,Forecast1,Apr,CHC,-0.06
Central costs not recharged (CCNR),Operating,False,20,False,Forecast1,May,Motor,-0.35
Central costs not recharged (CCNR),Operating,False,20,False,Forecast1,May,Travel,-0.12
Central costs not recharged (CCNR),Operating,False,20,False,Forecast1,May,Home,-0.08
Central costs not recharged (CCNR),Operating,False,20,False,Forecast1,May,CHC,-0.06
Central costs not recharged (CCNR),Operating,False,20,False,Forecast1,Jun,Motor,-0.38
Central costs not recharged (CCNR),Operating,False,20,False,Forecast1,Jun,Travel,-0.13
Central costs not recharged (CCNR),Operating,False,20,False,Forecast1,Jun,Home,-0.09
Central costs not recharged (CCNR),Operating,False,20,False,Forecast1,Jun,CHC,-0.06
Central costs not recharged (CCNR),Operating,False,20,False,Forecast1,Q2,Motor,-1.02
Central costs not recharged (CCNR),Operating,False,20,False,Forecast1,Q2,Travel,-0.36
Central costs not recharged (CCNR),Operating,False,20,False,Forecast1,Q2,Home,-0.26
Central costs not recharged (CCNR),Operating,False,20,False,Forecast1,Q2,CHC,-0.19
Central costs not recharged (CCNR),Operating,False,20,False,Forecast1,H1,Motor,-2.01
Central costs not recharged (CCNR),Operating,False,20,False,Forecast1,H1,Travel,-0.69
Central costs not recharged (CCNR),Operating,False,20,False,Forecast1,H1,Home,-0.52
Central costs not recharged (CCNR),Operating,False,20,False,Forecast1,H1,CHC,-0.36
Central costs not recharged (CCNR),Operating,False,20,False,Forecast1,Q3,Motor,-0.99
Central costs not recharged (CCNR),Operating,False,20,False,Forecast1,Q3,Travel,-0.36
Central costs not recharged (CCNR),Operating,False,20,False,Forecast1,Q3,Home,-0.26
Central costs not recharged (CCNR),Operating,False,20,False,Forecast1,Q3,CHC,-0.18
Central costs not recharged (CCNR),Operating,False,20,False,Forecast1,Q4,Motor,-1.02
Central costs not recharged (CCNR),Operating,False,20,False,Forecast1,Q4,Travel,-0.36
Central costs not recharged (CCNR),Operating,False,20,False,Forecast1,Q4,Home,-0.26
Central costs not recharged (CCNR),Operating,False,20,False,Forecast1,Q4,CHC,-0.18
Central costs not recharged (CCNR),Operating,False,20,False,Forecast1,2026FY,Motor,-4.06
Central costs not recharged (CCNR),Operating,False,20,False,Forecast1,2026FY,Travel,-1.46
Central costs not recharged (CCNR),Operating,False,20,False,Forecast1,2026FY,Home,-1.04
Central costs not recharged (CCNR),Operating,False,20,False,Forecast1,2026FY,CHC,-0.74
Central costs not recharged (CCNR),Operating,False,20,False,Forecast2,Jan,Motor,-0.33
Central costs not recharged (CCNR),Operating,False,20,False,Forecast2,Jan,Travel,-0.12
Central costs not recharged (CCNR),Operating,False,20,False,Forecast2,Jan,Home,-0.08
Central costs not recharged (CCNR),Operating,False,20,False,Forecast2,Jan,CHC,-0.06
Central costs not recharged (CCNR),Operating,False,20,False,Forecast2,Feb,Motor,-0.35
Central costs not recharged (CCNR),Operating,False,20,False,Forecast2,Feb,Travel,-0.11
Central costs not recharged (CCNR),Operating,False,20,False,Forecast2,Feb,Home,-0.08
Central costs not recharged (CCNR),Operating,False,20,False,Forecast2,Feb,CHC,-0.06
Central costs not recharged (CCNR),Operating,False,20,False,Forecast2,Mar,Motor,-0.39
Central costs not recharged (CCNR),Operating,False,20,False,Forecast2,Mar,Travel,-0.13
Central costs not recharged (CCNR),Operating,False,20,False,Forecast2,Mar,Home,-0.09
Central costs not recharged (CCNR),Operating,False,20,False,Forecast2,Mar,CHC,-0.07
Central costs not recharged (CCNR),Operating,False,20,False,Forecast2,Q1,Motor,-1.05
Central costs not recharged (CCNR),Operating,False,20,False,Forecast2,Q1,Travel,-0.38
Central costs not recharged (CCNR),Operating,False,20,False,Forecast2,Q1,Home,-0.26
Central costs not recharged (CCNR),Operating,False,20,False,Forecast2,Q1,CHC,-0.19
Central costs not recharged (CCNR),Operating,False,20,False,Forecast2,Apr,Motor,-0.34
Central costs not recharged (CCNR),Operating,False,20,False,Forecast2,Apr,Travel,-0.12
Central costs not recharged (CCNR),Operating,False,20,False,Forecast2,Apr,Home,-0.08
Central costs not recharged (CCNR),Operating,False,20,False,Forecast2,Apr,CHC,-0.06
Central costs not recharged (CCNR),Operating,False,20,False,Forecast2,May,Motor,-0.34
Central costs not recharged (CCNR),Operating,False,20,False,Forecast2,May,Travel,-0.12
Central costs not recharged (CCNR),Operating,False,20,False,Forecast2,May,Home,-0.08
Central costs not recharged (CCNR),Operating,False,20,False,Forecast2,May,CHC,-0.06
Central costs not recharged (CCNR),Operating,False,20,False,Forecast2,Jun,Motor,-0.38
Central costs not recharged (CCNR),Operating,False,20,False,Forecast2,Jun,Travel,-0.13
Central costs not recharged (CCNR),Operating,False,20,False,Forecast2,Jun,Home,-0.1
Central costs not recharged (CCNR),Operating,False,20,False,Forecast2,Jun,CHC,-0.07
Central costs not recharged (CCNR),Operating,False,20,False,Forecast2,Q2,Motor,-1.03
Central costs not recharged (CCNR),Operating,False,20,False,Forecast2,Q2,Travel,-0.36
Central costs not recharged (CCNR),Operating,False,20,False,Forecast2,Q2,Home,-0.25
Central costs not recharged (CCNR),Operating,False,20,False,Forecast2,Q2,CHC,-0.19
Central costs not recharged (CCNR),Operating,False,20,False,Forecast2,H1,Motor,-2.03
Central costs not recharged (CCNR),Operating,False,20,False,Forecast2,H1,Travel,-0.72
Central costs not recharged (CCNR),Operating,False,20,False,Forecast2,H1,Home,-0.5
Central costs not recharged (CCNR),Operating,False,20,False,Forecast2,H1,CHC,-0.38
Central costs not recharged (CCNR),Operating,False,20,False,Forecast2,Q3,Motor,-1.05
Central costs not recharged (CCNR),Operating,False,20,False,Forecast2,Q3,Travel,-0.37
Central costs not recharged (CCNR),Operating,False,20,False,Forecast2,Q3,Home,-0.26
Central costs not recharged (CCNR),Operating,False,20,False,Forecast2,Q3,CHC,-0.18
Central costs not recharged (CCNR),Operating,False,20,False,Forecast2,Q4,Motor,-1.06
Central costs not recharged (CCNR),Operating,False,20,False,Forecast2,Q4,Travel,-0.36
Central costs not recharged (CCNR),Operating,False,20,False,Forecast2,Q4,Home,-0.26
Central costs not recharged (CCNR),Operating,False,20,False,Forecast2,Q4,CHC,-0.19
Central costs not recharged (CCNR),Operating,False,20,False,Forecast2,2026FY,Motor,-4.21
Central costs not recharged (CCNR),Operating,False,20,False,Forecast2,2026FY,Travel,-1.51
Central costs not recharged (CCNR),Operating,False,20,False,Forecast2,2026FY,Home,-1.06
Central costs not recharged (CCNR),Operating,False,20,False,Forecast2,2026FY,CHC,-0.75
Central costs not recharged (CCNR),Operating,False,20,False,Actuals,Jan,Motor,-0.34
Central costs not recharged (CCNR),Operating,False,20,False,Actuals,Jan,Travel,-0.12
Central costs not recharged (CCNR),Operating,False,20,False,Actuals,Jan,Home,-0.09
Central costs not recharged (CCNR),Operating,False,20,False,Actuals,Jan,CHC,-0.06
Central costs not recharged (CCNR),Operating,False,20,False,Actuals,Feb,Motor,-0.34
Central costs not recharged (CCNR),Operating,False,20,False,Actuals,Feb,Travel,-0.12
Central costs not recharged (CCNR),Operating,False,20,False,Actuals,Feb,Home,-0.08
Central costs not recharged (CCNR),Operating,False,20,False,Actuals,Feb,CHC,-0.06
Central costs not recharged (CCNR),Operating,False,20,False,Actuals,Mar,Motor,-0.38
Central costs not recharged (CCNR),Operating,False,20,False,Actuals,Mar,Travel,-0.13
Central costs not recharged (CCNR),Operating,False,20,False,Actuals,Mar,Home,-0.09
Central costs not recharged (CCNR),Operating,False,20,False,Actuals,Mar,CHC,-0.07
Central costs not recharged (CCNR),Operating,False,20,False,Actuals,Q1,Motor,-1.05
Central costs not recharged (CCNR),Operating,False,20,False,Actuals,Q1,Travel,-0.38
Central costs not recharged (CCNR),Operating,False,20,False,Actuals,Q1,Home,-0.27
Central costs not recharged (CCNR),Operating,False,20,False,Actuals,Q1,CHC,-0.19
Central costs not recharged (CCNR),Operating,False,20,False,Actuals,Apr,Motor,-0.35
Central costs not recharged (CCNR),Operating,False,20,False,Actuals,Apr,Travel,-0.12
Central costs not recharged (CCNR),Operating,False,20,False,Actuals,Apr,Home,-0.08
Central costs not recharged (CCNR),Operating,False,20,False,Actuals,Apr,CHC,-0.06
Central costs not recharged (CCNR),Operating,False,20,False,Actuals,May,Motor,-0.34
Central costs not recharged (CCNR),Operating,False,20,False,Actuals,May,Travel,-0.12
Central costs not recharged (CCNR),Operating,False,20,False,Actuals,May,Home,-0.08
Central costs not recharged (CCNR),Operating,False,20,False,Actuals,May,CHC,-0.06
Central costs not recharged (CCNR),Operating,False,20,False,Actuals,Jun,Motor,-0.38
Central costs not recharged (CCNR),Operating,False,20,False,Actuals,Jun,Travel,-0.13
Central costs not recharged (CCNR),Operating,False,20,False,Actuals,Jun,Home,-0.1
Central costs not recharged (CCNR),Operating,False,20,False,Actuals,Jun,CHC,-0.07
Central costs not recharged (CCNR),Operating,False,20,False,Actuals,Q2,Motor,-1.06
Central costs not recharged (CCNR),Operating,False,20,False,Actuals,Q2,Travel,-0.38
Central costs not recharged (CCNR),Operating,False,20,False,Actuals,Q2,Home,-0.27
Central costs not recharged (CCNR),Operating,False,20,False,Actuals,Q2,CHC,-0.19
Central costs not recharged (CCNR),Operating,False,20,False,Actuals,H1,Motor,-2.11
Central costs not recharged (CCNR),Operating,False,20,False,Actuals,H1,Travel,-0.77
Central costs not recharged (CCNR),Operating,False,20,False,Actuals,H1,Home,-0.52
Central costs not recharged (CCNR),Operating,False,20,False,Actuals,H1,CHC,-0.39
Central costs not recharged (CCNR),Operating,False,20,False,Actuals,Q3,Motor,-1.09
Central costs not recharged (CCNR),Operating,False,20,False,Actuals,Q3,Travel,-0.38
Central costs not recharged (CCNR),Operating,False,20,False,Actuals,Q3,Home,-0.27
Central costs not recharged (CCNR),Operating,False,20,False,Actuals,Q3,CHC,-0.19
Central costs not recharged (CCNR),Operating,False,20,False,Actuals,Q4,Motor,-1.09
Central costs not recharged (CCNR),Operating,False,20,False,Actuals,Q4,Travel,-0.36
Central costs not recharged (CCNR),Operating,False,20,False,Actuals,Q4,Home,-0.26
Central costs not recharged (CCNR),Operating,False,20,False,Actuals,Q4,CHC,-0.19
Central costs not recharged (CCNR),Operating,False,20,False,Actuals,2026FY,Motor,-4.38
Central costs not recharged (CCNR),Operating,False,20,False,Actuals,2026FY,Travel,-1.51
Central costs not recharged (CCNR),Operating,False,20,False,Actuals,2026FY,Home,-1.05
Central costs not recharged (CCNR),Operating,False,20,False,Actuals,2026FY,CHC,-0.77
Operating result Full loaded,Operating,False,21,True,Budget,Jan,Motor,1.26
Operating result Full loaded,Operating,False,21,True,Budget,Jan,Travel,0.44
Operating result Full loaded,Operating,False,21,True,Budget,Jan,Home,0.33
Operating result Full loaded,Operating,False,21,True,Budget,Jan,CHC,0.22
Operating result Full loaded,Operating,False,21,True,Budget,Feb,Motor,1.32
Operating result Full loaded,Operating,False,21,True,Budget,Feb,Travel,0.46
Operating result Full loaded,Operating,False,21,True,Budget,Feb,Home,0.33
Operating result Full loaded,Operating,False,21,True,Budget,Feb,CHC,0.23
Operating result Full loaded,Operating,False,21,True,Budget,Mar,Motor,1.44
Operating result Full loaded,Operating,False,21,True,Budget,Mar,Travel,0.49
Operating result Full loaded,Operating,False,21,True,Budget,Mar,Home,0.36
Operating result Full loaded,Operating,False,21,True,Budget,Mar,CHC,0.26
Operating result Full loaded,Operating,False,21,True,Budget,Q1,Motor,4.1
Operating result Full loaded,Operating,False,21,True,Budget,Q1,Travel,1.37
Operating result Full loaded,Operating,False,21,True,Budget,Q1,Home,0.99
Operating result Full loaded,Operating,False,21,True,Budget,Q1,CHC,0.72
Operating result Full loaded,Operating,False,21,True,Budget,Apr,Motor,1.24
Operating result Full loaded,Operating,False,21,True,Budget,Apr,Travel,0.45
Operating result Full loaded,Operating,False,21,True,Budget,Apr,Home,0.32
Operating result Full loaded,Operating,False,21,True,Budget,Apr,CHC,0.23
Operating result Full loaded,Operating,False,21,True,Budget,May,Motor,1.27
Operating result Full loaded,Operating,False,21,True,Budget,May,Travel,0.44
Operating result Full loaded,Operating,False,21,True,Budget,May,Home,0.32
Operating result Full loaded,Operating,False,21,True,Budget,May,CHC,0.23
Operating result Full loaded,Operating,False,21,True,Budget,Jun,Motor,1.43
Operating result Full loaded,Operating,False,21,True,Budget,Jun,Travel,0.5
Operating result Full loaded,Operating,False,21,True,Budget,Jun,Home,0.36
Operating result Full loaded,Operating,False,21,True,Budget,Jun,CHC,0.27
Operating result Full loaded,Operating,False,21,True,Budget,Q2,Motor,4.01
Operating result Full loaded,Operating,False,21,True,Budget,Q2,Travel,1.43
Operating result Full loaded,Operating,False,21,True,Budget,Q2,Home,0.97
Operating result Full loaded,Operating,False,21,True,Budget,Q2,CHC,0.72
Operating result Full loaded,Operating,False,21,True,Budget,H1,Motor,7.82
Operating result Full loaded,Operating,False,21,True,Budget,H1,Travel,2.72
Operating result Full loaded,Operating,False,21,True,Budget,H1,Home,1.97
Operating result Full loaded,Operating,False,21,True,Budget,H1,CHC,1.47
Operating result Full loaded,Operating,False,21,True,Budget,Q3,Motor,4.08
Operating result Full loaded,Operating,False,21,True,Budget,Q3,Travel,1.41
Operating result Full loaded,Operating,False,21,True,Budget,Q3,Home,0.97
Operating result Full loaded,Operating,False,21,True,Budget,Q3,CHC,0.72
Operating result Full loaded,Operating,False,21,True,Budget,Q4,Motor,4.02
Operating result Full loaded,Operating,False,21,True,Budget,Q4,Travel,1.4
Operating result Full loaded,Operating,False,21,True,Budget,Q4,Home,0.96
Operating result Full loaded,Operating,False,21,True,Budget,Q4,CHC,0.71
Operating result Full loaded,Operating,False,21,True,Budget,2026FY,Motor,15.98
Operating result Full loaded,Operating,False,21,True,Budget,2026FY,Travel,5.66
Operating result Full loaded,Operating,False,21,True,Budget,2026FY,Home,3.82
Operating result Full loaded,Operating,False,21,True,Budget,2026FY,CHC,2.87
Operating result Full loaded,Operating,False,21,True,Forecast1,Jan,Motor,1.32
Operating result Full loaded,Operating,False,21,True,Forecast1,Jan,Travel,0.47
Operating result Full loaded,Operating,False,21,True,Forecast1,Jan,Home,0.33
Operating result Full loaded,Operating,False,21,True,Forecast1,Jan,CHC,0.24
Operating result Full loaded,Operating,False,21,True,Forecast1,Feb,Motor,1.3
Operating result Full loaded,Operating,False,21,True,Forecast1,Feb,Travel,0.44
Operating result Full loaded,Operating,False,21,True,Forecast1,Feb,Home,0.33
Operating result Full loaded,Operating,False,21,True,Forecast1,Feb,CHC,0.24
Operating result Full loaded,Operating,False,21,True,Forecast1,Mar,Motor,1.52
Operating result Full loaded,Operating,False,21,True,Forecast1,Mar,Travel,0.53
Operating result Full loaded,Operating,False,21,True,Forecast1,Mar,Home,0.37
Operating result Full loaded,Operating,False,21,True,Forecast1,Mar,CHC,0.27
Operating result Full loaded,Operating,False,21,True,Forecast1,Q1,Motor,4.08
Operating result Full loaded,Operating,False,21,True,Forecast1,Q1,Travel,1.44
Operating result Full loaded,Operating,False,21,True,Forecast1,Q1,Home,1.06
Operating result Full loaded,Operating,False,21,True,Forecast1,Q1,CHC,0.73
Operating result Full loaded,Operating,False,21,True,Forecast1,Apr,Motor,1.36
Operating result Full loaded,Operating,False,21,True,Forecast1,Apr,Travel,0.46
Operating result Full loaded,Operating,False,21,True,Forecast1,Apr,Home,0.34
Operating result Full loaded,Operating,False,21,True,Forecast1,Apr,CHC,0.23
Operating result Full loaded,Operating,False,21,True,Forecast1,May,Motor,1.33
Operating result Full loaded,Operating,False,21,True,Forecast1,May,Travel,0.45
Operating result Full loaded,Operating,False,21,True,Forecast1,May,Home,0.32
Operating result Full loaded,Operating,False,21,True,Forecast1,May,CHC,0.24
Operating result Full loaded,Operating,False,21,True,Forecast1,Jun,Motor,1.51
Operating result Full loaded,Operating,False,21,True,Forecast1,Jun,Travel,0.51
Operating result Full loaded,Operating,False,21,True,Forecast1,Jun,Home,0.36
Operating result Full loaded,Operating,False,21,True,Forecast1,Jun,CHC,0.27
Operating result Full loaded,Operating,False,21,True,Forecast1,Q2,Motor,4.11
Operating result Full loaded,Operating,False,21,True,Forecast1,Q2,Travel,1.46
Operating result Full loaded,Operating,False,21,True,Forecast1,Q2,Home,1.05
Operating result Full loaded,Operating,False,21,True,Forecast1,Q2,CHC,0.74
Operating result Full loaded,Operating,False,21,True,Forecast1,H1,Motor,8.54
Operating result Full loaded,Operating,False,21,True,Forecast1,H1,Travel,2.9
Operating result Full loaded,Operating,False,21,True,Forecast1,H1,Home,2.05
Operating result Full loaded,Operating,False,21,True,Forecast1,H1,CHC,1.44
Operating result Full loaded,Operating,False,21,True,Forecast1,Q3,Motor,4.1
Operating result Full loaded,Operating,False,21,True,Forecast1,Q3,Travel,1.43
Operating result Full loaded,Operating,False,21,True,Forecast1,Q3,Home,1.05
Operating result Full loaded,Operating,False,21,True,Forecast1,Q3,CHC,0.75
Operating result Full loaded,Operating,False,21,True,Forecast1,Q4,Motor,4.03
Operating result Full loaded,Operating,False,21,True,Forecast1,Q4,Travel,1.45
Operating result Full loaded,Operating,False,21,True,Forecast1,Q4,Home,1.04
Operating result Full loaded,Operating,False,21,True,Forecast1,Q4,CHC,0.76
Operating result Full loaded,Operating,False,21,True,Forecast1,2026FY,Motor,16.76
Operating result Full loaded,Operating,False,21,True,Forecast1,2026FY,Travel,5.85
Operating result Full loaded,Operating,False,21,True,Forecast1,2026FY,Home,4.12
Operating result Full loaded,Operating,False,21,True,Forecast1,2026FY,CHC,2.99
Operating result Full loaded,Operating,False,21,True,Forecast2,Jan,Motor,1.38
Operating result Full loaded,Operating,False,21,True,Forecast2,Jan,Travel,0.46
Operating result Full loaded,Operating,False,21,True,Forecast2,Jan,Home,0.33
Operating result Full loaded,Operating,False,21,True,Forecast2,Jan,CHC,0.24
Operating result Full loaded,Operating,False,21,True,Forecast2,Feb,Motor,1.35
Operating result Full loaded,Operating,False,21,True,Forecast2,Feb,Travel,0.48
Operating result Full loaded,Operating,False,21,True,Forecast2,Feb,Home,0.33
Operating result Full loaded,Operating,False,21,True,Forecast2,Feb,CHC,0.23
Operating result Full loaded,Operating,False,21,True,Forecast2,Mar,Motor,1.5
Operating result Full loaded,Operating,False,21,True,Forecast2,Mar,Travel,0.54
Operating result Full loaded,Operating,False,21,True,Forecast2,Mar,Home,0.38
Operating result Full loaded,Operating,False,21,True,Forecast2,Mar,CHC,0.27
Operating result Full loaded,Operating,False,21,True,Forecast2,Q1,Motor,4.18
Operating result Full loaded,Operating,False,21,True,Forecast2,Q1,Travel,1.43
Operating result Full loaded,Operating,False,21,True,Forecast2,Q1,Home,1.06
Operating result Full loaded,Operating,False,21,True,Forecast2,Q1,CHC,0.74
Operating result Full loaded,Operating,False,21,True,Forecast2,Apr,Motor,1.4
Operating result Full loaded,Operating,False,21,True,Forecast2,Apr,Travel,0.48
Operating result Full loaded,Operating,False,21,True,Forecast2,Apr,Home,0.33
Operating result Full loaded,Operating,False,21,True,Forecast2,Apr,CHC,0.24
Operating result Full loaded,Operating,False,21,True,Forecast2,May,Motor,1.34
Operating result Full loaded,Operating,False,21,True,Forecast2,May,Travel,0.47
Operating result Full loaded,Operating,False,21,True,Forecast2,May,Home,0.34
Operating result Full loaded,Operating,False,21,True,Forecast2,May,CHC,0.24
Operating result Full loaded,Operating,False,21,True,Forecast2,Jun,Motor,1.49
Operating result Full loaded,Operating,False,21,True,Forecast2,Jun,Travel,0.55
Operating result Full loaded,Operating,False,21,True,Forecast2,Jun,Home,0.38
Operating result Full loaded,Operating,False,21,True,Forecast2,Jun,CHC,0.28
Operating result Full loaded,Operating,False,21,True,Forecast2,Q2,Motor,4.15
Operating result Full loaded,Operating,False,21,True,Forecast2,Q2,Travel,1.48
Operating result Full loaded,Operating,False,21,True,Forecast2,Q2,Home,1.06
Operating result Full loaded,Operating,False,21,True,Forecast2,Q2,CHC,0.73
Operating result Full loaded,Operating,False,21,True,Forecast2,H1,Motor,8.72
Operating result Full loaded,Operating,False,21,True,Forecast2,H1,Travel,3.01
Operating result Full loaded,Operating,False,21,True,Forecast2,H1,Home,2.08
Operating result Full loaded,Operating,False,21,True,Forecast2,H1,CHC,1.48
Operating result Full loaded,Operating,False,21,True,Forecast2,Q3,Motor,4.23
Operating result Full loaded,Operating,False,21,True,Forecast2,Q3,Travel,1.47
Operating result Full loaded,Operating,False,21,True,Forecast2,Q3,Home,1.06
Operating result Full loaded,Operating,False,21,True,Forecast2,Q3,CHC,0.76
Operating result Full loaded,Operating,False,21,True,Forecast2,Q4,Motor,4.24
Operating result Full loaded,Operating,False,21,True,Forecast2,Q4,Travel,1.51
Operating result Full loaded,Operating,False,21,True,Forecast2,Q4,Home,1.06
Operating result Full loaded,Operating,False,21,True,Forecast2,Q4,CHC,0.74
Operating result Full loaded,Operating,False,21,True,Forecast2,2026FY,Motor,17.24
Operating result Full loaded,Operating,False,21,True,Forecast2,2026FY,Travel,6.06
Operating result Full loaded,Operating,False,21,True,Forecast2,2026FY,Home,4.45
Operating result Full loaded,Operating,False,21,True,Forecast2,2026FY,CHC,2.96
Operating result Full loaded,Operating,False,21,True,Actuals,Jan,Motor,1.38
Operating result Full loaded,Operating,False,21,True,Actuals,Jan,Travel,0.46
Operating result Full loaded,Operating,False,21,True,Actuals,Jan,Home,0.35
Operating result Full loaded,Operating,False,21,True,Actuals,Jan,CHC,0.24
Operating result Full loaded,Operating,False,21,True,Actuals,Feb,Motor,1.42
Operating result Full loaded,Operating,False,21,True,Actuals,Feb,Travel,0.47
Operating result Full loaded,Operating,False,21,True,Actuals,Feb,Home,0.33
Operating result Full loaded,Operating,False,21,True,Actuals,Feb,CHC,0.24
Operating result Full loaded,Operating,False,21,True,Actuals,Mar,Motor,1.48
Operating result Full loaded,Operating,False,21,True,Actuals,Mar,Travel,0.55
Operating result Full loaded,Operating,False,21,True,Actuals,Mar,Home,0.37
Operating result Full loaded,Operating,False,21,True,Actuals,Mar,CHC,0.28
Operating result Full loaded,Operating,False,21,True,Actuals,Q1,Motor,4.11
Operating result Full loaded,Operating,False,21,True,Actuals,Q1,Travel,1.49
Operating result Full loaded,Operating,False,21,True,Actuals,Q1,Home,1.1
Operating result Full loaded,Operating,False,21,True,Actuals,Q1,CHC,0.78
Operating result Full loaded,Operating,False,21,True,Actuals,Apr,Motor,1.35
Operating result Full loaded,Operating,False,21,True,Actuals,Apr,Travel,0.48
Operating result Full loaded,Operating,False,21,True,Actuals,Apr,Home,0.34
Operating result Full loaded,Operating,False,21,True,Actuals,Apr,CHC,0.25
Operating result Full loaded,Operating,False,21,True,Actuals,May,Motor,1.33
Operating result Full loaded,Operating,False,21,True,Actuals,May,Travel,0.48
Operating result Full loaded,Operating,False,21,True,Actuals,May,Home,0.33
Operating result Full loaded,Operating,False,21,True,Actuals,May,CHC,0.24
Operating result Full loaded,Operating,False,21,True,Actuals,Jun,Motor,1.53
Operating result Full loaded,Operating,False,21,True,Actuals,Jun,Travel,0.55
Operating result Full loaded,Operating,False,21,True,Actuals,Jun,Home,0.39
Operating result Full loaded,Operating,False,21,True,Actuals,Jun,CHC,0.27
Operating result Full loaded,Operating,False,21,True,Actuals,Q2,Motor,4.2
Operating result Full loaded,Operating,False,21,True,Actuals,Q2,Travel,1.5
Operating result Full loaded,Operating,False,21,True,Actuals,Q2,Home,1.07
Operating result Full loaded,Operating,False,21,True,Actuals,Q2,CHC,0.76
Operating result Full loaded,Operating,False,21,True,Actuals,H1,Motor,8.48
Operating result Full loaded,Operating,False,21,True,Actuals,H1,Travel,3.03
Operating result Full loaded,Operating,False,21,True,Actuals,H1,Home,2.12
Operating result Full loaded,Operating,False,21,True,Actuals,H1,CHC,1.54
Operating result Full loaded,Operating,False,21,True,Actuals,Q3,Motor,4.45
Operating result Full loaded,Operating,False,21,True,Actuals,Q3,Travel,1.46
Operating result Full loaded,Operating,False,21,True,Actuals,Q3,Home,1.03
Operating result Full loaded,Operating,False,21,True,Actuals,Q3,CHC,0.78
Operating result Full loaded,Operating,False,21,True,Actuals,Q4,Motor,4.23
Operating result Full loaded,Operating,False,21,True,Actuals,Q4,Travel,1.49
Operating result Full loaded,Operating,False,21,True,Actuals,Q4,Home,1.05
Operating result Full loaded,Operating,False,21,True,Actuals,Q4,CHC,0.77
Operating result Full loaded,Operating,False,21,True,Actuals,2026FY,Motor,17.63
Operating result Full loaded,Operating,False,21,True,Actuals,2026FY,Travel,6.08
Operating result Full loaded,Operating,False,21,True,Actuals,2026FY,Home,4.35
Operating result Full loaded,Operating,False,21,True,Actuals,2026FY,CHC,3.0
Total Financial result,Financial,False,22,False,Budget,Jan,Motor,0.17
Total Financial result,Financial,False,22,False,Budget,Jan,Travel,0.06
Total Financial result,Financial,False,22,False,Budget,Jan,Home,0.04
Total Financial result,Financial,False,22,False,Budget,Jan,CHC,0.03
Total Financial result,Financial,False,22,False,Budget,Feb,Motor,0.18
Total Financial result,Financial,False,22,False,Budget,Feb,Travel,0.06
Total Financial result,Financial,False,22,False,Budget,Feb,Home,0.04
Total Financial result,Financial,False,22,False,Budget,Feb,CHC,0.03
Total Financial result,Financial,False,22,False,Budget,Mar,Motor,0.2
Total Financial result,Financial,False,22,False,Budget,Mar,Travel,0.07
Total Financial result,Financial,False,22,False,Budget,Mar,Home,0.05
Total Financial result,Financial,False,22,False,Budget,Mar,CHC,0.04
Total Financial result,Financial,False,22,False,Budget,Q1,Motor,0.56
Total Financial result,Financial,False,22,False,Budget,Q1,Travel,0.19
Total Financial result,Financial,False,22,False,Budget,Q1,Home,0.14
Total Financial result,Financial,False,22,False,Budget,Q1,CHC,0.1
Total Financial result,Financial,False,22,False,Budget,Apr,Motor,0.18
Total Financial result,Financial,False,22,False,Budget,Apr,Travel,0.06
Total Financial result,Financial,False,22,False,Budget,Apr,Home,0.04
Total Financial result,Financial,False,22,False,Budget,Apr,CHC,0.03
Total Financial result,Financial,False,22,False,Budget,May,Motor,0.18
Total Financial result,Financial,False,22,False,Budget,May,Travel,0.06
Total Financial result,Financial,False,22,False,Budget,May,Home,0.04
Total Financial result,Financial,False,22,False,Budget,May,CHC,0.03
Total Financial result,Financial,False,22,False,Budget,Jun,Motor,0.2
Total Financial result,Financial,False,22,False,Budget,Jun,Travel,0.07
Total Financial result,Financial,False,22,False,Budget,Jun,Home,0.05
Total Financial result,Financial,False,22,False,Budget,Jun,CHC,0.04
Total Financial result,Financial,False,22,False,Budget,Q2,Motor,0.56
Total Financial result,Financial,False,22,False,Budget,Q2,Travel,0.19
Total Financial result,Financial,False,22,False,Budget,Q2,Home,0.13
Total Financial result,Financial,False,22,False,Budget,Q2,CHC,0.1
Total Financial result,Financial,False,22,False,Budget,H1,Motor,1.08
Total Financial result,Financial,False,22,False,Budget,H1,Travel,0.38
Total Financial result,Financial,False,22,False,Budget,H1,Home,0.28
Total Financial result,Financial,False,22,False,Budget,H1,CHC,0.2
Total Financial result,Financial,False,22,False,Budget,Q3,Motor,0.54
Total Financial result,Financial,False,22,False,Budget,Q3,Travel,0.2
Total Financial result,Financial,False,22,False,Budget,Q3,Home,0.14
Total Financial result,Financial,False,22,False,Budget,Q3,CHC,0.1
Total Financial result,Financial,False,22,False,Budget,Q4,Motor,0.53
Total Financial result,Financial,False,22,False,Budget,Q4,Travel,0.19
Total Financial result,Financial,False,22,False,Budget,Q4,Home,0.14
Total Financial result,Financial,False,22,False,Budget,Q4,CHC,0.1
Total Financial result,Financial,False,22,False,Budget,2026FY,Motor,2.18
Total Financial result,Financial,False,22,False,Budget,2026FY,Travel,0.74
Total Financial result,Financial,False,22,False,Budget,2026FY,Home,0.55
Total Financial result,Financial,False,22,False,Budget,2026FY,CHC,0.39
Total Financial result,Financial,False,22,False,Forecast1,Jan,Motor,0.18
Total Financial result,Financial,False,22,False,Forecast1,Jan,Travel,0.06
Total Financial result,Financial,False,22,False,Forecast1,Jan,Home,0.05
Total Financial result,Financial,False,22,False,Forecast1,Jan,CHC,0.03
Total Financial result,Financial,False,22,False,Forecast1,Feb,Motor,0.19
Total Financial result,Financial,False,22,False,Forecast1,Feb,Travel,0.06
Total Financial result,Financial,False,22,False,Forecast1,Feb,Home,0.05
Total Financial result,Financial,False,22,False,Forecast1,Feb,CHC,0.03
Total Financial result,Financial,False,22,False,Forecast1,Mar,Motor,0.21
Total Financial result,Financial,False,22,False,Forecast1,Mar,Travel,0.07
Total Financial result,Financial,False,22,False,Forecast1,Mar,Home,0.05
Total Financial result,Financial,False,22,False,Forecast1,Mar,CHC,0.04
Total Financial result,Financial,False,22,False,Forecast1,Q1,Motor,0.57
Total Financial result,Financial,False,22,False,Forecast1,Q1,Travel,0.2
Total Financial result,Financial,False,22,False,Forecast1,Q1,Home,0.15
Total Financial result,Financial,False,22,False,Forecast1,Q1,CHC,0.1
Total Financial result,Financial,False,22,False,Forecast1,Apr,Motor,0.18
Total Financial result,Financial,False,22,False,Forecast1,Apr,Travel,0.06
Total Financial result,Financial,False,22,False,Forecast1,Apr,Home,0.05
Total Financial result,Financial,False,22,False,Forecast1,Apr,CHC,0.03
Total Financial result,Financial,False,22,False,Forecast1,May,Motor,0.18
Total Financial result,Financial,False,22,False,Forecast1,May,Travel,0.06
Total Financial result,Financial,False,22,False,Forecast1,May,Home,0.05
Total Financial result,Financial,False,22,False,Forecast1,May,CHC,0.03
Total Financial result,Financial,False,22,False,Forecast1,Jun,Motor,0.2
Total Financial result,Financial,False,22,False,Forecast1,Jun,Travel,0.07
Total Financial result,Financial,False,22,False,Forecast1,Jun,Home,0.05
Total Financial result,Financial,False,22,False,Forecast1,Jun,CHC,0.04
Total Financial result,Financial,False,22,False,Forecast1,Q2,Motor,0.56
Total Financial result,Financial,False,22,False,Forecast1,Q2,Travel,0.2
Total Financial result,Financial,False,22,False,Forecast1,Q2,Home,0.14
Total Financial result,Financial,False,22,False,Forecast1,Q2,CHC,0.1
Total Financial result,Financial,False,22,False,Forecast1,H1,Motor,1.17
Total Financial result,Financial,False,22,False,Forecast1,H1,Travel,0.38
Total Financial result,Financial,False,22,False,Forecast1,H1,Home,0.29
Total Financial result,Financial,False,22,False,Forecast1,H1,CHC,0.2
Total Financial result,Financial,False,22,False,Forecast1,Q3,Motor,0.56
Total Financial result,Financial,False,22,False,Forecast1,Q3,Travel,0.19
Total Financial result,Financial,False,22,False,Forecast1,Q3,Home,0.14
Total Financial result,Financial,False,22,False,Forecast1,Q3,CHC,0.1
Total Financial result,Financial,False,22,False,Forecast1,Q4,Motor,0.56
Total Financial result,Financial,False,22,False,Forecast1,Q4,Travel,0.2
Total Financial result,Financial,False,22,False,Forecast1,Q4,Home,0.14
Total Financial result,Financial,False,22,False,Forecast1,Q4,CHC,0.1
Total Financial result,Financial,False,22,False,Forecast1,2026FY,Motor,2.28
Total Financial result,Financial,False,22,False,Forecast1,2026FY,Travel,0.78
Total Financial result,Financial,False,22,False,Forecast1,2026FY,Home,0.56
Total Financial result,Financial,False,22,False,Forecast1,2026FY,CHC,0.42
Total Financial result,Financial,False,22,False,Forecast2,Jan,Motor,0.18
Total Financial result,Financial,False,22,False,Forecast2,Jan,Travel,0.07
Total Financial result,Financial,False,22,False,Forecast2,Jan,Home,0.05
Total Financial result,Financial,False,22,False,Forecast2,Jan,CHC,0.03
Total Financial result,Financial,False,22,False,Forecast2,Feb,Motor,0.19
Total Financial result,Financial,False,22,False,Forecast2,Feb,Travel,0.07
Total Financial result,Financial,False,22,False,Forecast2,Feb,Home,0.05
Total Financial result,Financial,False,22,False,Forecast2,Feb,CHC,0.03
Total Financial result,Financial,False,22,False,Forecast2,Mar,Motor,0.21
Total Financial result,Financial,False,22,False,Forecast2,Mar,Travel,0.07
Total Financial result,Financial,False,22,False,Forecast2,Mar,Home,0.05
Total Financial result,Financial,False,22,False,Forecast2,Mar,CHC,0.04
Total Financial result,Financial,False,22,False,Forecast2,Q1,Motor,0.58
Total Financial result,Financial,False,22,False,Forecast2,Q1,Travel,0.21
Total Financial result,Financial,False,22,False,Forecast2,Q1,Home,0.15
Total Financial result,Financial,False,22,False,Forecast2,Q1,CHC,0.1
Total Financial result,Financial,False,22,False,Forecast2,Apr,Motor,0.18
Total Financial result,Financial,False,22,False,Forecast2,Apr,Travel,0.06
Total Financial result,Financial,False,22,False,Forecast2,Apr,Home,0.05
Total Financial result,Financial,False,22,False,Forecast2,Apr,CHC,0.03
Total Financial result,Financial,False,22,False,Forecast2,May,Motor,0.18
Total Financial result,Financial,False,22,False,Forecast2,May,Travel,0.06
Total Financial result,Financial,False,22,False,Forecast2,May,Home,0.05
Total Financial result,Financial,False,22,False,Forecast2,May,CHC,0.03
Total Financial result,Financial,False,22,False,Forecast2,Jun,Motor,0.21
Total Financial result,Financial,False,22,False,Forecast2,Jun,Travel,0.07
Total Financial result,Financial,False,22,False,Forecast2,Jun,Home,0.05
Total Financial result,Financial,False,22,False,Forecast2,Jun,CHC,0.04
Total Financial result,Financial,False,22,False,Forecast2,Q2,Motor,0.58
Total Financial result,Financial,False,22,False,Forecast2,Q2,Travel,0.2
Total Financial result,Financial,False,22,False,Forecast2,Q2,Home,0.14
Total Financial result,Financial,False,22,False,Forecast2,Q2,CHC,0.1
Total Financial result,Financial,False,22,False,Forecast2,H1,Motor,1.16
Total Financial result,Financial,False,22,False,Forecast2,H1,Travel,0.41
Total Financial result,Financial,False,22,False,Forecast2,H1,Home,0.29
Total Financial result,Financial,False,22,False,Forecast2,H1,CHC,0.2
Total Financial result,Financial,False,22,False,Forecast2,Q3,Motor,0.57
Total Financial result,Financial,False,22,False,Forecast2,Q3,Travel,0.21
Total Financial result,Financial,False,22,False,Forecast2,Q3,Home,0.14
Total Financial result,Financial,False,22,False,Forecast2,Q3,CHC,0.1
Total Financial result,Financial,False,22,False,Forecast2,Q4,Motor,0.59
Total Financial result,Financial,False,22,False,Forecast2,Q4,Travel,0.2
Total Financial result,Financial,False,22,False,Forecast2,Q4,Home,0.14
Total Financial result,Financial,False,22,False,Forecast2,Q4,CHC,0.1
Total Financial result,Financial,False,22,False,Forecast2,2026FY,Motor,2.29
Total Financial result,Financial,False,22,False,Forecast2,2026FY,Travel,0.79
Total Financial result,Financial,False,22,False,Forecast2,2026FY,Home,0.58
Total Financial result,Financial,False,22,False,Forecast2,2026FY,CHC,0.42
Total Financial result,Financial,False,22,False,Actuals,Jan,Motor,0.19
Total Financial result,Financial,False,22,False,Actuals,Jan,Travel,0.07
Total Financial result,Financial,False,22,False,Actuals,Jan,Home,0.05
Total Financial result,Financial,False,22,False,Actuals,Jan,CHC,0.03
Total Financial result,Financial,False,22,False,Actuals,Feb,Motor,0.19
Total Financial result,Financial,False,22,False,Actuals,Feb,Travel,0.07
Total Financial result,Financial,False,22,False,Actuals,Feb,Home,0.05
Total Financial result,Financial,False,22,False,Actuals,Feb,CHC,0.03
Total Financial result,Financial,False,22,False,Actuals,Mar,Motor,0.21
Total Financial result,Financial,False,22,False,Actuals,Mar,Travel,0.07
Total Financial result,Financial,False,22,False,Actuals,Mar,Home,0.06
Total Financial result,Financial,False,22,False,Actuals,Mar,CHC,0.04
Total Financial result,Financial,False,22,False,Actuals,Q1,Motor,0.58
Total Financial result,Financial,False,22,False,Actuals,Q1,Travel,0.21
Total Financial result,Financial,False,22,False,Actuals,Q1,Home,0.15
Total Financial result,Financial,False,22,False,Actuals,Q1,CHC,0.11
Total Financial result,Financial,False,22,False,Actuals,Apr,Motor,0.19
Total Financial result,Financial,False,22,False,Actuals,Apr,Travel,0.06
Total Financial result,Financial,False,22,False,Actuals,Apr,Home,0.04
Total Financial result,Financial,False,22,False,Actuals,Apr,CHC,0.03
Total Financial result,Financial,False,22,False,Actuals,May,Motor,0.19
Total Financial result,Financial,False,22,False,Actuals,May,Travel,0.06
Total Financial result,Financial,False,22,False,Actuals,May,Home,0.04
Total Financial result,Financial,False,22,False,Actuals,May,CHC,0.03
Total Financial result,Financial,False,22,False,Actuals,Jun,Motor,0.21
Total Financial result,Financial,False,22,False,Actuals,Jun,Travel,0.07
Total Financial result,Financial,False,22,False,Actuals,Jun,Home,0.05
Total Financial result,Financial,False,22,False,Actuals,Jun,CHC,0.04
Total Financial result,Financial,False,22,False,Actuals,Q2,Motor,0.59
Total Financial result,Financial,False,22,False,Actuals,Q2,Travel,0.2
Total Financial result,Financial,False,22,False,Actuals,Q2,Home,0.15
Total Financial result,Financial,False,22,False,Actuals,Q2,CHC,0.1
Total Financial result,Financial,False,22,False,Actuals,H1,Motor,1.16
Total Financial result,Financial,False,22,False,Actuals,H1,Travel,0.4
Total Financial result,Financial,False,22,False,Actuals,H1,Home,0.29
Total Financial result,Financial,False,22,False,Actuals,H1,CHC,0.21
Total Financial result,Financial,False,22,False,Actuals,Q3,Motor,0.6
Total Financial result,Financial,False,22,False,Actuals,Q3,Travel,0.2
Total Financial result,Financial,False,22,False,Actuals,Q3,Home,0.15
Total Financial result,Financial,False,22,False,Actuals,Q3,CHC,0.11
Total Financial result,Financial,False,22,False,Actuals,Q4,Motor,0.61
Total Financial result,Financial,False,22,False,Actuals,Q4,Travel,0.2
Total Financial result,Financial,False,22,False,Actuals,Q4,Home,0.15
Total Financial result,Financial,False,22,False,Actuals,Q4,CHC,0.1
Total Financial result,Financial,False,22,False,Actuals,2026FY,Motor,2.25
Total Financial result,Financial,False,22,False,Actuals,2026FY,Travel,0.84
Total Financial result,Financial,False,22,False,Actuals,2026FY,Home,0.59
Total Financial result,Financial,False,22,False,Actuals,2026FY,CHC,0.43
Tax on Underlying Earnings,Financial,False,23,False,Budget,Jan,Motor,-0.47
Tax on Underlying Earnings,Financial,False,23,False,Budget,Jan,Travel,-0.17
Tax on Underlying Earnings,Financial,False,23,False,Budget,Jan,Home,-0.12
Tax on Underlying Earnings,Financial,False,23,False,Budget,Jan,CHC,-0.09
Tax on Underlying Earnings,Financial,False,23,False,Budget,Feb,Motor,-0.48
Tax on Underlying Earnings,Financial,False,23,False,Budget,Feb,Travel,-0.17
Tax on Underlying Earnings,Financial,False,23,False,Budget,Feb,Home,-0.12
Tax on Underlying Earnings,Financial,False,23,False,Budget,Feb,CHC,-0.09
Tax on Underlying Earnings,Financial,False,23,False,Budget,Mar,Motor,-0.53
Tax on Underlying Earnings,Financial,False,23,False,Budget,Mar,Travel,-0.19
Tax on Underlying Earnings,Financial,False,23,False,Budget,Mar,Home,-0.13
Tax on Underlying Earnings,Financial,False,23,False,Budget,Mar,CHC,-0.09
Tax on Underlying Earnings,Financial,False,23,False,Budget,Q1,Motor,-1.54
Tax on Underlying Earnings,Financial,False,23,False,Budget,Q1,Travel,-0.52
Tax on Underlying Earnings,Financial,False,23,False,Budget,Q1,Home,-0.39
Tax on Underlying Earnings,Financial,False,23,False,Budget,Q1,CHC,-0.27
Tax on Underlying Earnings,Financial,False,23,False,Budget,Apr,Motor,-0.46
Tax on Underlying Earnings,Financial,False,23,False,Budget,Apr,Travel,-0.17
Tax on Underlying Earnings,Financial,False,23,False,Budget,Apr,Home,-0.12
Tax on Underlying Earnings,Financial,False,23,False,Budget,Apr,CHC,-0.09
Tax on Underlying Earnings,Financial,False,23,False,Budget,May,Motor,-0.48
Tax on Underlying Earnings,Financial,False,23,False,Budget,May,Travel,-0.16
Tax on Underlying Earnings,Financial,False,23,False,Budget,May,Home,-0.12
Tax on Underlying Earnings,Financial,False,23,False,Budget,May,CHC,-0.09
Tax on Underlying Earnings,Financial,False,23,False,Budget,Jun,Motor,-0.55
Tax on Underlying Earnings,Financial,False,23,False,Budget,Jun,Travel,-0.19
Tax on Underlying Earnings,Financial,False,23,False,Budget,Jun,Home,-0.14
Tax on Underlying Earnings,Financial,False,23,False,Budget,Jun,CHC,-0.1
Tax on Underlying Earnings,Financial,False,23,False,Budget,Q2,Motor,-1.51
Tax on Underlying Earnings,Financial,False,23,False,Budget,Q2,Travel,-0.51
Tax on Underlying Earnings,Financial,False,23,False,Budget,Q2,Home,-0.38
Tax on Underlying Earnings,Financial,False,23,False,Budget,Q2,CHC,-0.28
Tax on Underlying Earnings,Financial,False,23,False,Budget,H1,Motor,-2.95
Tax on Underlying Earnings,Financial,False,23,False,Budget,H1,Travel,-1.08
Tax on Underlying Earnings,Financial,False,23,False,Budget,H1,Home,-0.75
Tax on Underlying Earnings,Financial,False,23,False,Budget,H1,CHC,-0.53
Tax on Underlying Earnings,Financial,False,23,False,Budget,Q3,Motor,-1.53
Tax on Underlying Earnings,Financial,False,23,False,Budget,Q3,Travel,-0.52
Tax on Underlying Earnings,Financial,False,23,False,Budget,Q3,Home,-0.38
Tax on Underlying Earnings,Financial,False,23,False,Budget,Q3,CHC,-0.27
Tax on Underlying Earnings,Financial,False,23,False,Budget,Q4,Motor,-1.5
Tax on Underlying Earnings,Financial,False,23,False,Budget,Q4,Travel,-0.53
Tax on Underlying Earnings,Financial,False,23,False,Budget,Q4,Home,-0.38
Tax on Underlying Earnings,Financial,False,23,False,Budget,Q4,CHC,-0.26
Tax on Underlying Earnings,Financial,False,23,False,Budget,2026FY,Motor,-5.87
Tax on Underlying Earnings,Financial,False,23,False,Budget,2026FY,Travel,-2.14
Tax on Underlying Earnings,Financial,False,23,False,Budget,2026FY,Home,-1.5
Tax on Underlying Earnings,Financial,False,23,False,Budget,2026FY,CHC,-1.07
Tax on Underlying Earnings,Financial,False,23,False,Forecast1,Jan,Motor,-0.48
Tax on Underlying Earnings,Financial,False,23,False,Forecast1,Jan,Travel,-0.17
Tax on Underlying Earnings,Financial,False,23,False,Forecast1,Jan,Home,-0.12
Tax on Underlying Earnings,Financial,False,23,False,Forecast1,Jan,CHC,-0.09
Tax on Underlying Earnings,Financial,False,23,False,Forecast1,Feb,Motor,-0.49
Tax on Underlying Earnings,Financial,False,23,False,Forecast1,Feb,Travel,-0.17
Tax on Underlying Earnings,Financial,False,23,False,Forecast1,Feb,Home,-0.12
Tax on Underlying Earnings,Financial,False,23,False,Forecast1,Feb,CHC,-0.09
Tax on Underlying Earnings,Financial,False,23,False,Forecast1,Mar,Motor,-0.58
Tax on Underlying Earnings,Financial,False,23,False,Forecast1,Mar,Travel,-0.19
Tax on Underlying Earnings,Financial,False,23,False,Forecast1,Mar,Home,-0.14
Tax on Underlying Earnings,Financial,False,23,False,Forecast1,Mar,CHC,-0.1
Tax on Underlying Earnings,Financial,False,23,False,Forecast1,Q1,Motor,-1.52
Tax on Underlying Earnings,Financial,False,23,False,Forecast1,Q1,Travel,-0.54
Tax on Underlying Earnings,Financial,False,23,False,Forecast1,Q1,Home,-0.38
Tax on Underlying Earnings,Financial,False,23,False,Forecast1,Q1,CHC,-0.28
Tax on Underlying Earnings,Financial,False,23,False,Forecast1,Apr,Motor,-0.51
Tax on Underlying Earnings,Financial,False,23,False,Forecast1,Apr,Travel,-0.18
Tax on Underlying Earnings,Financial,False,23,False,Forecast1,Apr,Home,-0.12
Tax on Underlying Earnings,Financial,False,23,False,Forecast1,Apr,CHC,-0.09
Tax on Underlying Earnings,Financial,False,23,False,Forecast1,May,Motor,-0.48
Tax on Underlying Earnings,Financial,False,23,False,Forecast1,May,Travel,-0.17
Tax on Underlying Earnings,Financial,False,23,False,Forecast1,May,Home,-0.13
Tax on Underlying Earnings,Financial,False,23,False,Forecast1,May,CHC,-0.09
Tax on Underlying Earnings,Financial,False,23,False,Forecast1,Jun,Motor,-0.54
Tax on Underlying Earnings,Financial,False,23,False,Forecast1,Jun,Travel,-0.2
Tax on Underlying Earnings,Financial,False,23,False,Forecast1,Jun,Home,-0.14
Tax on Underlying Earnings,Financial,False,23,False,Forecast1,Jun,CHC,-0.1
Tax on Underlying Earnings,Financial,False,23,False,Forecast1,Q2,Motor,-1.53
Tax on Underlying Earnings,Financial,False,23,False,Forecast1,Q2,Travel,-0.53
Tax on Underlying Earnings,Financial,False,23,False,Forecast1,Q2,Home,-0.38
Tax on Underlying Earnings,Financial,False,23,False,Forecast1,Q2,CHC,-0.28
Tax on Underlying Earnings,Financial,False,23,False,Forecast1,H1,Motor,-3.01
Tax on Underlying Earnings,Financial,False,23,False,Forecast1,H1,Travel,-1.05
Tax on Underlying Earnings,Financial,False,23,False,Forecast1,H1,Home,-0.76
Tax on Underlying Earnings,Financial,False,23,False,Forecast1,H1,CHC,-0.56
Tax on Underlying Earnings,Financial,False,23,False,Forecast1,Q3,Motor,-1.54
Tax on Underlying Earnings,Financial,False,23,False,Forecast1,Q3,Travel,-0.54
Tax on Underlying Earnings,Financial,False,23,False,Forecast1,Q3,Home,-0.39
Tax on Underlying Earnings,Financial,False,23,False,Forecast1,Q3,CHC,-0.27
Tax on Underlying Earnings,Financial,False,23,False,Forecast1,Q4,Motor,-1.56
Tax on Underlying Earnings,Financial,False,23,False,Forecast1,Q4,Travel,-0.54
Tax on Underlying Earnings,Financial,False,23,False,Forecast1,Q4,Home,-0.38
Tax on Underlying Earnings,Financial,False,23,False,Forecast1,Q4,CHC,-0.28
Tax on Underlying Earnings,Financial,False,23,False,Forecast1,2026FY,Motor,-6.04
Tax on Underlying Earnings,Financial,False,23,False,Forecast1,2026FY,Travel,-2.21
Tax on Underlying Earnings,Financial,False,23,False,Forecast1,2026FY,Home,-1.55
Tax on Underlying Earnings,Financial,False,23,False,Forecast1,2026FY,CHC,-1.11
Tax on Underlying Earnings,Financial,False,23,False,Forecast2,Jan,Motor,-0.5
Tax on Underlying Earnings,Financial,False,23,False,Forecast2,Jan,Travel,-0.18
Tax on Underlying Earnings,Financial,False,23,False,Forecast2,Jan,Home,-0.13
Tax on Underlying Earnings,Financial,False,23,False,Forecast2,Jan,CHC,-0.09
Tax on Underlying Earnings,Financial,False,23,False,Forecast2,Feb,Motor,-0.5
Tax on Underlying Earnings,Financial,False,23,False,Forecast2,Feb,Travel,-0.18
Tax on Underlying Earnings,Financial,False,23,False,Forecast2,Feb,Home,-0.12
Tax on Underlying Earnings,Financial,False,23,False,Forecast2,Feb,CHC,-0.09
Tax on Underlying Earnings,Financial,False,23,False,Forecast2,Mar,Motor,-0.59
Tax on Underlying Earnings,Financial,False,23,False,Forecast2,Mar,Travel,-0.2
Tax on Underlying Earnings,Financial,False,23,False,Forecast2,Mar,Home,-0.14
Tax on Underlying Earnings,Financial,False,23,False,Forecast2,Mar,CHC,-0.1
Tax on Underlying Earnings,Financial,False,23,False,Forecast2,Q1,Motor,-1.6
Tax on Underlying Earnings,Financial,False,23,False,Forecast2,Q1,Travel,-0.55
Tax on Underlying Earnings,Financial,False,23,False,Forecast2,Q1,Home,-0.4
Tax on Underlying Earnings,Financial,False,23,False,Forecast2,Q1,CHC,-0.28
Tax on Underlying Earnings,Financial,False,23,False,Forecast2,Apr,Motor,-0.49
Tax on Underlying Earnings,Financial,False,23,False,Forecast2,Apr,Travel,-0.18
Tax on Underlying Earnings,Financial,False,23,False,Forecast2,Apr,Home,-0.12
Tax on Underlying Earnings,Financial,False,23,False,Forecast2,Apr,CHC,-0.09
Tax on Underlying Earnings,Financial,False,23,False,Forecast2,May,Motor,-0.51
Tax on Underlying Earnings,Financial,False,23,False,Forecast2,May,Travel,-0.18
Tax on Underlying Earnings,Financial,False,23,False,Forecast2,May,Home,-0.13
Tax on Underlying Earnings,Financial,False,23,False,Forecast2,May,CHC,-0.09
Tax on Underlying Earnings,Financial,False,23,False,Forecast2,Jun,Motor,-0.56
Tax on Underlying Earnings,Financial,False,23,False,Forecast2,Jun,Travel,-0.2
Tax on Underlying Earnings,Financial,False,23,False,Forecast2,Jun,Home,-0.14
Tax on Underlying Earnings,Financial,False,23,False,Forecast2,Jun,CHC,-0.1
Tax on Underlying Earnings,Financial,False,23,False,Forecast2,Q2,Motor,-1.55
Tax on Underlying Earnings,Financial,False,23,False,Forecast2,Q2,Travel,-0.55
Tax on Underlying Earnings,Financial,False,23,False,Forecast2,Q2,Home,-0.38
Tax on Underlying Earnings,Financial,False,23,False,Forecast2,Q2,CHC,-0.28
Tax on Underlying Earnings,Financial,False,23,False,Forecast2,H1,Motor,-3.14
Tax on Underlying Earnings,Financial,False,23,False,Forecast2,H1,Travel,-1.07
Tax on Underlying Earnings,Financial,False,23,False,Forecast2,H1,Home,-0.79
Tax on Underlying Earnings,Financial,False,23,False,Forecast2,H1,CHC,-0.57
Tax on Underlying Earnings,Financial,False,23,False,Forecast2,Q3,Motor,-1.58
Tax on Underlying Earnings,Financial,False,23,False,Forecast2,Q3,Travel,-0.55
Tax on Underlying Earnings,Financial,False,23,False,Forecast2,Q3,Home,-0.4
Tax on Underlying Earnings,Financial,False,23,False,Forecast2,Q3,CHC,-0.29
Tax on Underlying Earnings,Financial,False,23,False,Forecast2,Q4,Motor,-1.58
Tax on Underlying Earnings,Financial,False,23,False,Forecast2,Q4,Travel,-0.54
Tax on Underlying Earnings,Financial,False,23,False,Forecast2,Q4,Home,-0.4
Tax on Underlying Earnings,Financial,False,23,False,Forecast2,Q4,CHC,-0.29
Tax on Underlying Earnings,Financial,False,23,False,Forecast2,2026FY,Motor,-6.23
Tax on Underlying Earnings,Financial,False,23,False,Forecast2,2026FY,Travel,-2.29
Tax on Underlying Earnings,Financial,False,23,False,Forecast2,2026FY,Home,-1.56
Tax on Underlying Earnings,Financial,False,23,False,Forecast2,2026FY,CHC,-1.13
Tax on Underlying Earnings,Financial,False,23,False,Actuals,Jan,Motor,-0.51
Tax on Underlying Earnings,Financial,False,23,False,Actuals,Jan,Travel,-0.18
Tax on Underlying Earnings,Financial,False,23,False,Actuals,Jan,Home,-0.12
Tax on Underlying Earnings,Financial,False,23,False,Actuals,Jan,CHC,-0.09
Tax on Underlying Earnings,Financial,False,23,False,Actuals,Feb,Motor,-0.5
Tax on Underlying Earnings,Financial,False,23,False,Actuals,Feb,Travel,-0.18
Tax on Underlying Earnings,Financial,False,23,False,Actuals,Feb,Home,-0.13
Tax on Underlying Earnings,Financial,False,23,False,Actuals,Feb,CHC,-0.09
Tax on Underlying Earnings,Financial,False,23,False,Actuals,Mar,Motor,-0.55
Tax on Underlying Earnings,Financial,False,23,False,Actuals,Mar,Travel,-0.21
Tax on Underlying Earnings,Financial,False,23,False,Actuals,Mar,Home,-0.15
Tax on Underlying Earnings,Financial,False,23,False,Actuals,Mar,CHC,-0.1
Tax on Underlying Earnings,Financial,False,23,False,Actuals,Q1,Motor,-1.61
Tax on Underlying Earnings,Financial,False,23,False,Actuals,Q1,Travel,-0.56
Tax on Underlying Earnings,Financial,False,23,False,Actuals,Q1,Home,-0.4
Tax on Underlying Earnings,Financial,False,23,False,Actuals,Q1,CHC,-0.29
Tax on Underlying Earnings,Financial,False,23,False,Actuals,Apr,Motor,-0.51
Tax on Underlying Earnings,Financial,False,23,False,Actuals,Apr,Travel,-0.18
Tax on Underlying Earnings,Financial,False,23,False,Actuals,Apr,Home,-0.13
Tax on Underlying Earnings,Financial,False,23,False,Actuals,Apr,CHC,-0.09
Tax on Underlying Earnings,Financial,False,23,False,Actuals,May,Motor,-0.52
Tax on Underlying Earnings,Financial,False,23,False,Actuals,May,Travel,-0.18
Tax on Underlying Earnings,Financial,False,23,False,Actuals,May,Home,-0.13
Tax on Underlying Earnings,Financial,False,23,False,Actuals,May,CHC,-0.09
Tax on Underlying Earnings,Financial,False,23,False,Actuals,Jun,Motor,-0.58
Tax on Underlying Earnings,Financial,False,23,False,Actuals,Jun,Travel,-0.2
Tax on Underlying Earnings,Financial,False,23,False,Actuals,Jun,Home,-0.15
Tax on Underlying Earnings,Financial,False,23,False,Actuals,Jun,CHC,-0.1
Tax on Underlying Earnings,Financial,False,23,False,Actuals,Q2,Motor,-1.58
Tax on Underlying Earnings,Financial,False,23,False,Actuals,Q2,Travel,-0.55
Tax on Underlying Earnings,Financial,False,23,False,Actuals,Q2,Home,-0.41
Tax on Underlying Earnings,Financial,False,23,False,Actuals,Q2,CHC,-0.29
Tax on Underlying Earnings,Financial,False,23,False,Actuals,H1,Motor,-3.24
Tax on Underlying Earnings,Financial,False,23,False,Actuals,H1,Travel,-1.15
Tax on Underlying Earnings,Financial,False,23,False,Actuals,H1,Home,-0.79
Tax on Underlying Earnings,Financial,False,23,False,Actuals,H1,CHC,-0.58
Tax on Underlying Earnings,Financial,False,23,False,Actuals,Q3,Motor,-1.6
Tax on Underlying Earnings,Financial,False,23,False,Actuals,Q3,Travel,-0.57
Tax on Underlying Earnings,Financial,False,23,False,Actuals,Q3,Home,-0.4
Tax on Underlying Earnings,Financial,False,23,False,Actuals,Q3,CHC,-0.29
Tax on Underlying Earnings,Financial,False,23,False,Actuals,Q4,Motor,-1.62
Tax on Underlying Earnings,Financial,False,23,False,Actuals,Q4,Travel,-0.57
Tax on Underlying Earnings,Financial,False,23,False,Actuals,Q4,Home,-0.4
Tax on Underlying Earnings,Financial,False,23,False,Actuals,Q4,CHC,-0.29
Tax on Underlying Earnings,Financial,False,23,False,Actuals,2026FY,Motor,-6.29
Tax on Underlying Earnings,Financial,False,23,False,Actuals,2026FY,Travel,-2.14
Tax on Underlying Earnings,Financial,False,23,False,Actuals,2026FY,Home,-1.61
Tax on Underlying Earnings,Financial,False,23,False,Actuals,2026FY,CHC,-1.17
Underlying Earnings fully loaded,Financial,False,24,True,Budget,Jan,Motor,1.01
Underlying Earnings fully loaded,Financial,False,24,True,Budget,Jan,Travel,0.34
Underlying Earnings fully loaded,Financial,False,24,True,Budget,Jan,Home,0.25
Underlying Earnings fully loaded,Financial,False,24,True,Budget,Jan,CHC,0.17
Underlying Earnings fully loaded,Financial,False,24,True,Budget,Feb,Motor,1.03
Underlying Earnings fully loaded,Financial,False,24,True,Budget,Feb,Travel,0.34
Underlying Earnings fully loaded,Financial,False,24,True,Budget,Feb,Home,0.26
Underlying Earnings fully loaded,Financial,False,24,True,Budget,Feb,CHC,0.18
Underlying Earnings fully loaded,Financial,False,24,True,Budget,Mar,Motor,1.1
Underlying Earnings fully loaded,Financial,False,24,True,Budget,Mar,Travel,0.38
Underlying Earnings fully loaded,Financial,False,24,True,Budget,Mar,Home,0.28
Underlying Earnings fully loaded,Financial,False,24,True,Budget,Mar,CHC,0.2
Underlying Earnings fully loaded,Financial,False,24,True,Budget,Q1,Motor,3.13
Underlying Earnings fully loaded,Financial,False,24,True,Budget,Q1,Travel,1.08
Underlying Earnings fully loaded,Financial,False,24,True,Budget,Q1,Home,0.75
Underlying Earnings fully loaded,Financial,False,24,True,Budget,Q1,CHC,0.54
Underlying Earnings fully loaded,Financial,False,24,True,Budget,Apr,Motor,1.0
Underlying Earnings fully loaded,Financial,False,24,True,Budget,Apr,Travel,0.35
Underlying Earnings fully loaded,Financial,False,24,True,Budget,Apr,Home,0.25
Underlying Earnings fully loaded,Financial,False,24,True,Budget,Apr,CHC,0.18
Underlying Earnings fully loaded,Financial,False,24,True,Budget,May,Motor,1.02
Underlying Earnings fully loaded,Financial,False,24,True,Budget,May,Travel,0.35
Underlying Earnings fully loaded,Financial,False,24,True,Budget,May,Home,0.25
Underlying Earnings fully loaded,Financial,False,24,True,Budget,May,CHC,0.18
Underlying Earnings fully loaded,Financial,False,24,True,Budget,Jun,Motor,1.09
Underlying Earnings fully loaded,Financial,False,24,True,Budget,Jun,Travel,0.4
Underlying Earnings fully loaded,Financial,False,24,True,Budget,Jun,Home,0.28
Underlying Earnings fully loaded,Financial,False,24,True,Budget,Jun,CHC,0.21
Underlying Earnings fully loaded,Financial,False,24,True,Budget,Q2,Motor,3.0
Underlying Earnings fully loaded,Financial,False,24,True,Budget,Q2,Travel,1.08
Underlying Earnings fully loaded,Financial,False,24,True,Budget,Q2,Home,0.77
Underlying Earnings fully loaded,Financial,False,24,True,Budget,Q2,CHC,0.56
Underlying Earnings fully loaded,Financial,False,24,True,Budget,H1,Motor,6.31
Underlying Earnings fully loaded,Financial,False,24,True,Budget,H1,Travel,2.25
Underlying Earnings fully loaded,Financial,False,24,True,Budget,H1,Home,1.55
Underlying Earnings fully loaded,Financial,False,24,True,Budget,H1,CHC,1.11
Underlying Earnings fully loaded,Financial,False,24,True,Budget,Q3,Motor,3.2
Underlying Earnings fully loaded,Financial,False,24,True,Budget,Q3,Travel,1.1
Underlying Earnings fully loaded,Financial,False,24,True,Budget,Q3,Home,0.8
Underlying Earnings fully loaded,Financial,False,24,True,Budget,Q3,CHC,0.57
Underlying Earnings fully loaded,Financial,False,24,True,Budget,Q4,Motor,3.05
Underlying Earnings fully loaded,Financial,False,24,True,Budget,Q4,Travel,1.06
Underlying Earnings fully loaded,Financial,False,24,True,Budget,Q4,Home,0.76
Underlying Earnings fully loaded,Financial,False,24,True,Budget,Q4,CHC,0.57
Underlying Earnings fully loaded,Financial,False,24,True,Budget,2026FY,Motor,12.8
Underlying Earnings fully loaded,Financial,False,24,True,Budget,2026FY,Travel,4.54
Underlying Earnings fully loaded,Financial,False,24,True,Budget,2026FY,Home,3.18
Underlying Earnings fully loaded,Financial,False,24,True,Budget,2026FY,CHC,2.3
Underlying Earnings fully loaded,Financial,False,24,True,Forecast1,Jan,Motor,1.02
Underlying Earnings fully loaded,Financial,False,24,True,Forecast1,Jan,Travel,0.35
Underlying Earnings fully loaded,Financial,False,24,True,Forecast1,Jan,Home,0.26
Underlying Earnings fully loaded,Financial,False,24,True,Forecast1,Jan,CHC,0.19
Underlying Earnings fully loaded,Financial,False,24,True,Forecast1,Feb,Motor,1.03
Underlying Earnings fully loaded,Financial,False,24,True,Forecast1,Feb,Travel,0.36
Underlying Earnings fully loaded,Financial,False,24,True,Forecast1,Feb,Home,0.26
Underlying Earnings fully loaded,Financial,False,24,True,Forecast1,Feb,CHC,0.19
Underlying Earnings fully loaded,Financial,False,24,True,Forecast1,Mar,Motor,1.19
Underlying Earnings fully loaded,Financial,False,24,True,Forecast1,Mar,Travel,0.41
Underlying Earnings fully loaded,Financial,False,24,True,Forecast1,Mar,Home,0.29
Underlying Earnings fully loaded,Financial,False,24,True,Forecast1,Mar,CHC,0.21
Underlying Earnings fully loaded,Financial,False,24,True,Forecast1,Q1,Motor,3.19
Underlying Earnings fully loaded,Financial,False,24,True,Forecast1,Q1,Travel,1.14
Underlying Earnings fully loaded,Financial,False,24,True,Forecast1,Q1,Home,0.78
Underlying Earnings fully loaded,Financial,False,24,True,Forecast1,Q1,CHC,0.59
Underlying Earnings fully loaded,Financial,False,24,True,Forecast1,Apr,Motor,1.01
Underlying Earnings fully loaded,Financial,False,24,True,Forecast1,Apr,Travel,0.36
Underlying Earnings fully loaded,Financial,False,24,True,Forecast1,Apr,Home,0.25
Underlying Earnings fully loaded,Financial,False,24,True,Forecast1,Apr,CHC,0.19
Underlying Earnings fully loaded,Financial,False,24,True,Forecast1,May,Motor,1.03
Underlying Earnings fully loaded,Financial,False,24,True,Forecast1,May,Travel,0.35
Underlying Earnings fully loaded,Financial,False,24,True,Forecast1,May,Home,0.26
Underlying Earnings fully loaded,Financial,False,24,True,Forecast1,May,CHC,0.18
Underlying Earnings fully loaded,Financial,False,24,True,Forecast1,Jun,Motor,1.18
Underlying Earnings fully loaded,Financial,False,24,True,Forecast1,Jun,Travel,0.41
Underlying Earnings fully loaded,Financial,False,24,True,Forecast1,Jun,Home,0.29
Underlying Earnings fully loaded,Financial,False,24,True,Forecast1,Jun,CHC,0.2
Underlying Earnings fully loaded,Financial,False,24,True,Forecast1,Q2,Motor,3.18
Underlying Earnings fully loaded,Financial,False,24,True,Forecast1,Q2,Travel,1.12
Underlying Earnings fully loaded,Financial,False,24,True,Forecast1,Q2,Home,0.82
Underlying Earnings fully loaded,Financial,False,24,True,Forecast1,Q2,CHC,0.6
Underlying Earnings fully loaded,Financial,False,24,True,Forecast1,H1,Motor,6.34
Underlying Earnings fully loaded,Financial,False,24,True,Forecast1,H1,Travel,2.3
Underlying Earnings fully loaded,Financial,False,24,True,Forecast1,H1,Home,1.54
Underlying Earnings fully loaded,Financial,False,24,True,Forecast1,H1,CHC,1.13
Underlying Earnings fully loaded,Financial,False,24,True,Forecast1,Q3,Motor,3.16
Underlying Earnings fully loaded,Financial,False,24,True,Forecast1,Q3,Travel,1.1
Underlying Earnings fully loaded,Financial,False,24,True,Forecast1,Q3,Home,0.78
Underlying Earnings fully loaded,Financial,False,24,True,Forecast1,Q3,CHC,0.58
Underlying Earnings fully loaded,Financial,False,24,True,Forecast1,Q4,Motor,3.21
Underlying Earnings fully loaded,Financial,False,24,True,Forecast1,Q4,Travel,1.13
Underlying Earnings fully loaded,Financial,False,24,True,Forecast1,Q4,Home,0.82
Underlying Earnings fully loaded,Financial,False,24,True,Forecast1,Q4,CHC,0.58
Underlying Earnings fully loaded,Financial,False,24,True,Forecast1,2026FY,Motor,13.04
Underlying Earnings fully loaded,Financial,False,24,True,Forecast1,2026FY,Travel,4.5
Underlying Earnings fully loaded,Financial,False,24,True,Forecast1,2026FY,Home,3.14
Underlying Earnings fully loaded,Financial,False,24,True,Forecast1,2026FY,CHC,2.37
Underlying Earnings fully loaded,Financial,False,24,True,Forecast2,Jan,Motor,1.04
Underlying Earnings fully loaded,Financial,False,24,True,Forecast2,Jan,Travel,0.36
Underlying Earnings fully loaded,Financial,False,24,True,Forecast2,Jan,Home,0.26
Underlying Earnings fully loaded,Financial,False,24,True,Forecast2,Jan,CHC,0.19
Underlying Earnings fully loaded,Financial,False,24,True,Forecast2,Feb,Motor,1.04
Underlying Earnings fully loaded,Financial,False,24,True,Forecast2,Feb,Travel,0.37
Underlying Earnings fully loaded,Financial,False,24,True,Forecast2,Feb,Home,0.26
Underlying Earnings fully loaded,Financial,False,24,True,Forecast2,Feb,CHC,0.19
Underlying Earnings fully loaded,Financial,False,24,True,Forecast2,Mar,Motor,1.17
Underlying Earnings fully loaded,Financial,False,24,True,Forecast2,Mar,Travel,0.42
Underlying Earnings fully loaded,Financial,False,24,True,Forecast2,Mar,Home,0.3
Underlying Earnings fully loaded,Financial,False,24,True,Forecast2,Mar,CHC,0.22
Underlying Earnings fully loaded,Financial,False,24,True,Forecast2,Q1,Motor,3.36
Underlying Earnings fully loaded,Financial,False,24,True,Forecast2,Q1,Travel,1.17
Underlying Earnings fully loaded,Financial,False,24,True,Forecast2,Q1,Home,0.8
Underlying Earnings fully loaded,Financial,False,24,True,Forecast2,Q1,CHC,0.6
Underlying Earnings fully loaded,Financial,False,24,True,Forecast2,Apr,Motor,1.05
Underlying Earnings fully loaded,Financial,False,24,True,Forecast2,Apr,Travel,0.36
Underlying Earnings fully loaded,Financial,False,24,True,Forecast2,Apr,Home,0.26
Underlying Earnings fully loaded,Financial,False,24,True,Forecast2,Apr,CHC,0.19
Underlying Earnings fully loaded,Financial,False,24,True,Forecast2,May,Motor,1.06
Underlying Earnings fully loaded,Financial,False,24,True,Forecast2,May,Travel,0.36
Underlying Earnings fully loaded,Financial,False,24,True,Forecast2,May,Home,0.27
Underlying Earnings fully loaded,Financial,False,24,True,Forecast2,May,CHC,0.19
Underlying Earnings fully loaded,Financial,False,24,True,Forecast2,Jun,Motor,1.19
Underlying Earnings fully loaded,Financial,False,24,True,Forecast2,Jun,Travel,0.41
Underlying Earnings fully loaded,Financial,False,24,True,Forecast2,Jun,Home,0.29
Underlying Earnings fully loaded,Financial,False,24,True,Forecast2,Jun,CHC,0.22
Underlying Earnings fully loaded,Financial,False,24,True,Forecast2,Q2,Motor,3.22
Underlying Earnings fully loaded,Financial,False,24,True,Forecast2,Q2,Travel,1.19
Underlying Earnings fully loaded,Financial,False,24,True,Forecast2,Q2,Home,0.79
Underlying Earnings fully loaded,Financial,False,24,True,Forecast2,Q2,CHC,0.58
Underlying Earnings fully loaded,Financial,False,24,True,Forecast2,H1,Motor,6.61
Underlying Earnings fully loaded,Financial,False,24,True,Forecast2,H1,Travel,2.32
Underlying Earnings fully loaded,Financial,False,24,True,Forecast2,H1,Home,1.64
Underlying Earnings fully loaded,Financial,False,24,True,Forecast2,H1,CHC,1.18
Underlying Earnings fully loaded,Financial,False,24,True,Forecast2,Q3,Motor,3.31
Underlying Earnings fully loaded,Financial,False,24,True,Forecast2,Q3,Travel,1.14
Underlying Earnings fully loaded,Financial,False,24,True,Forecast2,Q3,Home,0.84
Underlying Earnings fully loaded,Financial,False,24,True,Forecast2,Q3,CHC,0.6
Underlying Earnings fully loaded,Financial,False,24,True,Forecast2,Q4,Motor,3.34
Underlying Earnings fully loaded,Financial,False,24,True,Forecast2,Q4,Travel,1.13
Underlying Earnings fully loaded,Financial,False,24,True,Forecast2,Q4,Home,0.82
Underlying Earnings fully loaded,Financial,False,24,True,Forecast2,Q4,CHC,0.59
Underlying Earnings fully loaded,Financial,False,24,True,Forecast2,2026FY,Motor,12.87
Underlying Earnings fully loaded,Financial,False,24,True,Forecast2,2026FY,Travel,4.63
Underlying Earnings fully loaded,Financial,False,24,True,Forecast2,2026FY,Home,3.25
Underlying Earnings fully loaded,Financial,False,24,True,Forecast2,2026FY,CHC,2.39
Underlying Earnings fully loaded,Financial,False,24,True,Actuals,Jan,Motor,1.05
Underlying Earnings fully loaded,Financial,False,24,True,Actuals,Jan,Travel,0.39
Underlying Earnings fully loaded,Financial,False,24,True,Actuals,Jan,Home,0.26
Underlying Earnings fully loaded,Financial,False,24,True,Actuals,Jan,CHC,0.19
Underlying Earnings fully loaded,Financial,False,24,True,Actuals,Feb,Motor,1.09
Underlying Earnings fully loaded,Financial,False,24,True,Actuals,Feb,Travel,0.37
Underlying Earnings fully loaded,Financial,False,24,True,Actuals,Feb,Home,0.27
Underlying Earnings fully loaded,Financial,False,24,True,Actuals,Feb,CHC,0.19
Underlying Earnings fully loaded,Financial,False,24,True,Actuals,Mar,Motor,1.24
Underlying Earnings fully loaded,Financial,False,24,True,Actuals,Mar,Travel,0.42
Underlying Earnings fully loaded,Financial,False,24,True,Actuals,Mar,Home,0.3
Underlying Earnings fully loaded,Financial,False,24,True,Actuals,Mar,CHC,0.22
Underlying Earnings fully loaded,Financial,False,24,True,Actuals,Q1,Motor,3.39
Underlying Earnings fully loaded,Financial,False,24,True,Actuals,Q1,Travel,1.16
Underlying Earnings fully loaded,Financial,False,24,True,Actuals,Q1,Home,0.82
Underlying Earnings fully loaded,Financial,False,24,True,Actuals,Q1,CHC,0.6
Underlying Earnings fully loaded,Financial,False,24,True,Actuals,Apr,Motor,1.05
Underlying Earnings fully loaded,Financial,False,24,True,Actuals,Apr,Travel,0.39
Underlying Earnings fully loaded,Financial,False,24,True,Actuals,Apr,Home,0.26
Underlying Earnings fully loaded,Financial,False,24,True,Actuals,Apr,CHC,0.2
Underlying Earnings fully loaded,Financial,False,24,True,Actuals,May,Motor,1.07
Underlying Earnings fully loaded,Financial,False,24,True,Actuals,May,Travel,0.37
Underlying Earnings fully loaded,Financial,False,24,True,Actuals,May,Home,0.27
Underlying Earnings fully loaded,Financial,False,24,True,Actuals,May,CHC,0.2
Underlying Earnings fully loaded,Financial,False,24,True,Actuals,Jun,Motor,1.2
Underlying Earnings fully loaded,Financial,False,24,True,Actuals,Jun,Travel,0.43
Underlying Earnings fully loaded,Financial,False,24,True,Actuals,Jun,Home,0.31
Underlying Earnings fully loaded,Financial,False,24,True,Actuals,Jun,CHC,0.22
Underlying Earnings fully loaded,Financial,False,24,True,Actuals,Q2,Motor,3.32
Underlying Earnings fully loaded,Financial,False,24,True,Actuals,Q2,Travel,1.15
Underlying Earnings fully loaded,Financial,False,24,True,Actuals,Q2,Home,0.83
Underlying Earnings fully loaded,Financial,False,24,True,Actuals,Q2,CHC,0.6
Underlying Earnings fully loaded,Financial,False,24,True,Actuals,H1,Motor,6.76
Underlying Earnings fully loaded,Financial,False,24,True,Actuals,H1,Travel,2.25
Underlying Earnings fully loaded,Financial,False,24,True,Actuals,H1,Home,1.67
Underlying Earnings fully loaded,Financial,False,24,True,Actuals,H1,CHC,1.21
Underlying Earnings fully loaded,Financial,False,24,True,Actuals,Q3,Motor,3.33
Underlying Earnings fully loaded,Financial,False,24,True,Actuals,Q3,Travel,1.2
Underlying Earnings fully loaded,Financial,False,24,True,Actuals,Q3,Home,0.84
Underlying Earnings fully loaded,Financial,False,24,True,Actuals,Q3,CHC,0.62
Underlying Earnings fully loaded,Financial,False,24,True,Actuals,Q4,Motor,3.33
Underlying Earnings fully loaded,Financial,False,24,True,Actuals,Q4,Travel,1.19
Underlying Earnings fully loaded,Financial,False,24,True,Actuals,Q4,Home,0.86
Underlying Earnings fully loaded,Financial,False,24,True,Actuals,Q4,CHC,0.62
Underlying Earnings fully loaded,Financial,False,24,True,Actuals,2026FY,Motor,13.1
Underlying Earnings fully loaded,Financial,False,24,True,Actuals,2026FY,Travel,4.66
Underlying Earnings fully loaded,Financial,False,24,True,Actuals,2026FY,Home,3.32
Underlying Earnings fully loaded,Financial,False,24,True,Actuals,2026FY,CHC,2.43
Transfer Pricing Flow,Financial,False,25,False,Budget,Jan,Motor,0.0
Transfer Pricing Flow,Financial,False,25,False,Budget,Jan,Travel,0.0
Transfer Pricing Flow,Financial,False,25,False,Budget,Jan,Home,0.0
Transfer Pricing Flow,Financial,False,25,False,Budget,Jan,CHC,0.0
Transfer Pricing Flow,Financial,False,25,False,Budget,Feb,Motor,0.0
Transfer Pricing Flow,Financial,False,25,False,Budget,Feb,Travel,0.0
Transfer Pricing Flow,Financial,False,25,False,Budget,Feb,Home,0.0
Transfer Pricing Flow,Financial,False,25,False,Budget,Feb,CHC,0.0
Transfer Pricing Flow,Financial,False,25,False,Budget,Mar,Motor,0.0
Transfer Pricing Flow,Financial,False,25,False,Budget,Mar,Travel,0.0
Transfer Pricing Flow,Financial,False,25,False,Budget,Mar,Home,0.0
Transfer Pricing Flow,Financial,False,25,False,Budget,Mar,CHC,0.0
Transfer Pricing Flow,Financial,False,25,False,Budget,Q1,Motor,0.0
Transfer Pricing Flow,Financial,False,25,False,Budget,Q1,Travel,0.0
Transfer Pricing Flow,Financial,False,25,False,Budget,Q1,Home,0.0
Transfer Pricing Flow,Financial,False,25,False,Budget,Q1,CHC,0.0
Transfer Pricing Flow,Financial,False,25,False,Budget,Apr,Motor,0.0
Transfer Pricing Flow,Financial,False,25,False,Budget,Apr,Travel,0.0
Transfer Pricing Flow,Financial,False,25,False,Budget,Apr,Home,0.0
Transfer Pricing Flow,Financial,False,25,False,Budget,Apr,CHC,0.0
Transfer Pricing Flow,Financial,False,25,False,Budget,May,Motor,0.0
Transfer Pricing Flow,Financial,False,25,False,Budget,May,Travel,0.0
Transfer Pricing Flow,Financial,False,25,False,Budget,May,Home,0.0
Transfer Pricing Flow,Financial,False,25,False,Budget,May,CHC,0.0
Transfer Pricing Flow,Financial,False,25,False,Budget,Jun,Motor,0.0
Transfer Pricing Flow,Financial,False,25,False,Budget,Jun,Travel,0.0
Transfer Pricing Flow,Financial,False,25,False,Budget,Jun,Home,0.0
Transfer Pricing Flow,Financial,False,25,False,Budget,Jun,CHC,0.0
Transfer Pricing Flow,Financial,False,25,False,Budget,Q2,Motor,0.0
Transfer Pricing Flow,Financial,False,25,False,Budget,Q2,Travel,0.0
Transfer Pricing Flow,Financial,False,25,False,Budget,Q2,Home,0.0
Transfer Pricing Flow,Financial,False,25,False,Budget,Q2,CHC,0.0
Transfer Pricing Flow,Financial,False,25,False,Budget,H1,Motor,0.0
Transfer Pricing Flow,Financial,False,25,False,Budget,H1,Travel,0.0
Transfer Pricing Flow,Financial,False,25,False,Budget,H1,Home,0.0
Transfer Pricing Flow,Financial,False,25,False,Budget,H1,CHC,0.0
Transfer Pricing Flow,Financial,False,25,False,Budget,Q3,Motor,0.0
Transfer Pricing Flow,Financial,False,25,False,Budget,Q3,Travel,0.0
Transfer Pricing Flow,Financial,False,25,False,Budget,Q3,Home,0.0
Transfer Pricing Flow,Financial,False,25,False,Budget,Q3,CHC,0.0
Transfer Pricing Flow,Financial,False,25,False,Budget,Q4,Motor,0.0
Transfer Pricing Flow,Financial,False,25,False,Budget,Q4,Travel,0.0
Transfer Pricing Flow,Financial,False,25,False,Budget,Q4,Home,0.0
Transfer Pricing Flow,Financial,False,25,False,Budget,Q4,CHC,0.0
Transfer Pricing Flow,Financial,False,25,False,Budget,2026FY,Motor,0.0
Transfer Pricing Flow,Financial,False,25,False,Budget,2026FY,Travel,0.0
Transfer Pricing Flow,Financial,False,25,False,Budget,2026FY,Home,0.0
Transfer Pricing Flow,Financial,False,25,False,Budget,2026FY,CHC,0.0
Transfer Pricing Flow,Financial,False,25,False,Forecast1,Jan,Motor,0.0
Transfer Pricing Flow,Financial,False,25,False,Forecast1,Jan,Travel,0.0
Transfer Pricing Flow,Financial,False,25,False,Forecast1,Jan,Home,0.0
Transfer Pricing Flow,Financial,False,25,False,Forecast1,Jan,CHC,0.0
Transfer Pricing Flow,Financial,False,25,False,Forecast1,Feb,Motor,0.0
Transfer Pricing Flow,Financial,False,25,False,Forecast1,Feb,Travel,0.0
Transfer Pricing Flow,Financial,False,25,False,Forecast1,Feb,Home,0.0
Transfer Pricing Flow,Financial,False,25,False,Forecast1,Feb,CHC,0.0
Transfer Pricing Flow,Financial,False,25,False,Forecast1,Mar,Motor,0.0
Transfer Pricing Flow,Financial,False,25,False,Forecast1,Mar,Travel,0.0
Transfer Pricing Flow,Financial,False,25,False,Forecast1,Mar,Home,0.0
Transfer Pricing Flow,Financial,False,25,False,Forecast1,Mar,CHC,0.0
Transfer Pricing Flow,Financial,False,25,False,Forecast1,Q1,Motor,0.0
Transfer Pricing Flow,Financial,False,25,False,Forecast1,Q1,Travel,0.0
Transfer Pricing Flow,Financial,False,25,False,Forecast1,Q1,Home,0.0
Transfer Pricing Flow,Financial,False,25,False,Forecast1,Q1,CHC,0.0
Transfer Pricing Flow,Financial,False,25,False,Forecast1,Apr,Motor,0.0
Transfer Pricing Flow,Financial,False,25,False,Forecast1,Apr,Travel,0.0
Transfer Pricing Flow,Financial,False,25,False,Forecast1,Apr,Home,0.0
Transfer Pricing Flow,Financial,False,25,False,Forecast1,Apr,CHC,0.0
Transfer Pricing Flow,Financial,False,25,False,Forecast1,May,Motor,0.0
Transfer Pricing Flow,Financial,False,25,False,Forecast1,May,Travel,0.0
Transfer Pricing Flow,Financial,False,25,False,Forecast1,May,Home,0.0
Transfer Pricing Flow,Financial,False,25,False,Forecast1,May,CHC,0.0
Transfer Pricing Flow,Financial,False,25,False,Forecast1,Jun,Motor,0.0
Transfer Pricing Flow,Financial,False,25,False,Forecast1,Jun,Travel,0.0
Transfer Pricing Flow,Financial,False,25,False,Forecast1,Jun,Home,0.0
Transfer Pricing Flow,Financial,False,25,False,Forecast1,Jun,CHC,0.0
Transfer Pricing Flow,Financial,False,25,False,Forecast1,Q2,Motor,0.0
Transfer Pricing Flow,Financial,False,25,False,Forecast1,Q2,Travel,0.0
Transfer Pricing Flow,Financial,False,25,False,Forecast1,Q2,Home,0.0
Transfer Pricing Flow,Financial,False,25,False,Forecast1,Q2,CHC,0.0
Transfer Pricing Flow,Financial,False,25,False,Forecast1,H1,Motor,0.0
Transfer Pricing Flow,Financial,False,25,False,Forecast1,H1,Travel,0.0
Transfer Pricing Flow,Financial,False,25,False,Forecast1,H1,Home,0.0
Transfer Pricing Flow,Financial,False,25,False,Forecast1,H1,CHC,0.0
Transfer Pricing Flow,Financial,False,25,False,Forecast1,Q3,Motor,0.0
Transfer Pricing Flow,Financial,False,25,False,Forecast1,Q3,Travel,0.0
Transfer Pricing Flow,Financial,False,25,False,Forecast1,Q3,Home,0.0
Transfer Pricing Flow,Financial,False,25,False,Forecast1,Q3,CHC,0.0
Transfer Pricing Flow,Financial,False,25,False,Forecast1,Q4,Motor,0.0
Transfer Pricing Flow,Financial,False,25,False,Forecast1,Q4,Travel,0.0
Transfer Pricing Flow,Financial,False,25,False,Forecast1,Q4,Home,0.0
Transfer Pricing Flow,Financial,False,25,False,Forecast1,Q4,CHC,0.0
Transfer Pricing Flow,Financial,False,25,False,Forecast1,2026FY,Motor,0.0
Transfer Pricing Flow,Financial,False,25,False,Forecast1,2026FY,Travel,0.0
Transfer Pricing Flow,Financial,False,25,False,Forecast1,2026FY,Home,0.0
Transfer Pricing Flow,Financial,False,25,False,Forecast1,2026FY,CHC,0.0
Transfer Pricing Flow,Financial,False,25,False,Forecast2,Jan,Motor,0.0
Transfer Pricing Flow,Financial,False,25,False,Forecast2,Jan,Travel,0.0
Transfer Pricing Flow,Financial,False,25,False,Forecast2,Jan,Home,0.0
Transfer Pricing Flow,Financial,False,25,False,Forecast2,Jan,CHC,0.0
Transfer Pricing Flow,Financial,False,25,False,Forecast2,Feb,Motor,0.0
Transfer Pricing Flow,Financial,False,25,False,Forecast2,Feb,Travel,0.0
Transfer Pricing Flow,Financial,False,25,False,Forecast2,Feb,Home,0.0
Transfer Pricing Flow,Financial,False,25,False,Forecast2,Feb,CHC,0.0
Transfer Pricing Flow,Financial,False,25,False,Forecast2,Mar,Motor,0.0
Transfer Pricing Flow,Financial,False,25,False,Forecast2,Mar,Travel,0.0
Transfer Pricing Flow,Financial,False,25,False,Forecast2,Mar,Home,0.0
Transfer Pricing Flow,Financial,False,25,False,Forecast2,Mar,CHC,0.0
Transfer Pricing Flow,Financial,False,25,False,Forecast2,Q1,Motor,0.0
Transfer Pricing Flow,Financial,False,25,False,Forecast2,Q1,Travel,0.0
Transfer Pricing Flow,Financial,False,25,False,Forecast2,Q1,Home,0.0
Transfer Pricing Flow,Financial,False,25,False,Forecast2,Q1,CHC,0.0
Transfer Pricing Flow,Financial,False,25,False,Forecast2,Apr,Motor,0.0
Transfer Pricing Flow,Financial,False,25,False,Forecast2,Apr,Travel,0.0
Transfer Pricing Flow,Financial,False,25,False,Forecast2,Apr,Home,0.0
Transfer Pricing Flow,Financial,False,25,False,Forecast2,Apr,CHC,0.0
Transfer Pricing Flow,Financial,False,25,False,Forecast2,May,Motor,0.0
Transfer Pricing Flow,Financial,False,25,False,Forecast2,May,Travel,0.0
Transfer Pricing Flow,Financial,False,25,False,Forecast2,May,Home,0.0
Transfer Pricing Flow,Financial,False,25,False,Forecast2,May,CHC,0.0
Transfer Pricing Flow,Financial,False,25,False,Forecast2,Jun,Motor,0.0
Transfer Pricing Flow,Financial,False,25,False,Forecast2,Jun,Travel,0.0
Transfer Pricing Flow,Financial,False,25,False,Forecast2,Jun,Home,0.0
Transfer Pricing Flow,Financial,False,25,False,Forecast2,Jun,CHC,0.0
Transfer Pricing Flow,Financial,False,25,False,Forecast2,Q2,Motor,0.0
Transfer Pricing Flow,Financial,False,25,False,Forecast2,Q2,Travel,0.0
Transfer Pricing Flow,Financial,False,25,False,Forecast2,Q2,Home,0.0
Transfer Pricing Flow,Financial,False,25,False,Forecast2,Q2,CHC,0.0
Transfer Pricing Flow,Financial,False,25,False,Forecast2,H1,Motor,0.0
Transfer Pricing Flow,Financial,False,25,False,Forecast2,H1,Travel,0.0
Transfer Pricing Flow,Financial,False,25,False,Forecast2,H1,Home,0.0
Transfer Pricing Flow,Financial,False,25,False,Forecast2,H1,CHC,0.0
Transfer Pricing Flow,Financial,False,25,False,Forecast2,Q3,Motor,0.0
Transfer Pricing Flow,Financial,False,25,False,Forecast2,Q3,Travel,0.0
Transfer Pricing Flow,Financial,False,25,False,Forecast2,Q3,Home,0.0
Transfer Pricing Flow,Financial,False,25,False,Forecast2,Q3,CHC,0.0
Transfer Pricing Flow,Financial,False,25,False,Forecast2,Q4,Motor,0.0
Transfer Pricing Flow,Financial,False,25,False,Forecast2,Q4,Travel,0.0
Transfer Pricing Flow,Financial,False,25,False,Forecast2,Q4,Home,0.0
Transfer Pricing Flow,Financial,False,25,False,Forecast2,Q4,CHC,0.0
Transfer Pricing Flow,Financial,False,25,False,Forecast2,2026FY,Motor,0.0
Transfer Pricing Flow,Financial,False,25,False,Forecast2,2026FY,Travel,0.0
Transfer Pricing Flow,Financial,False,25,False,Forecast2,2026FY,Home,0.0
Transfer Pricing Flow,Financial,False,25,False,Forecast2,2026FY,CHC,0.0
Transfer Pricing Flow,Financial,False,25,False,Actuals,Jan,Motor,0.0
Transfer Pricing Flow,Financial,False,25,False,Actuals,Jan,Travel,0.0
Transfer Pricing Flow,Financial,False,25,False,Actuals,Jan,Home,0.0
Transfer Pricing Flow,Financial,False,25,False,Actuals,Jan,CHC,0.0
Transfer Pricing Flow,Financial,False,25,False,Actuals,Feb,Motor,0.0
Transfer Pricing Flow,Financial,False,25,False,Actuals,Feb,Travel,0.0
Transfer Pricing Flow,Financial,False,25,False,Actuals,Feb,Home,0.0
Transfer Pricing Flow,Financial,False,25,False,Actuals,Feb,CHC,0.0
Transfer Pricing Flow,Financial,False,25,False,Actuals,Mar,Motor,0.0
Transfer Pricing Flow,Financial,False,25,False,Actuals,Mar,Travel,0.0
Transfer Pricing Flow,Financial,False,25,False,Actuals,Mar,Home,0.0
Transfer Pricing Flow,Financial,False,25,False,Actuals,Mar,CHC,0.0
Transfer Pricing Flow,Financial,False,25,False,Actuals,Q1,Motor,0.0
Transfer Pricing Flow,Financial,False,25,False,Actuals,Q1,Travel,0.0
Transfer Pricing Flow,Financial,False,25,False,Actuals,Q1,Home,0.0
Transfer Pricing Flow,Financial,False,25,False,Actuals,Q1,CHC,0.0
Transfer Pricing Flow,Financial,False,25,False,Actuals,Apr,Motor,0.0
Transfer Pricing Flow,Financial,False,25,False,Actuals,Apr,Travel,0.0
Transfer Pricing Flow,Financial,False,25,False,Actuals,Apr,Home,0.0
Transfer Pricing Flow,Financial,False,25,False,Actuals,Apr,CHC,0.0
Transfer Pricing Flow,Financial,False,25,False,Actuals,May,Motor,0.0
Transfer Pricing Flow,Financial,False,25,False,Actuals,May,Travel,0.0
Transfer Pricing Flow,Financial,False,25,False,Actuals,May,Home,0.0
Transfer Pricing Flow,Financial,False,25,False,Actuals,May,CHC,0.0
Transfer Pricing Flow,Financial,False,25,False,Actuals,Jun,Motor,0.0
Transfer Pricing Flow,Financial,False,25,False,Actuals,Jun,Travel,0.0
Transfer Pricing Flow,Financial,False,25,False,Actuals,Jun,Home,0.0
Transfer Pricing Flow,Financial,False,25,False,Actuals,Jun,CHC,0.0
Transfer Pricing Flow,Financial,False,25,False,Actuals,Q2,Motor,0.0
Transfer Pricing Flow,Financial,False,25,False,Actuals,Q2,Travel,0.0
Transfer Pricing Flow,Financial,False,25,False,Actuals,Q2,Home,0.0
Transfer Pricing Flow,Financial,False,25,False,Actuals,Q2,CHC,0.0
Transfer Pricing Flow,Financial,False,25,False,Actuals,H1,Motor,0.0
Transfer Pricing Flow,Financial,False,25,False,Actuals,H1,Travel,0.0
Transfer Pricing Flow,Financial,False,25,False,Actuals,H1,Home,0.0
Transfer Pricing Flow,Financial,False,25,False,Actuals,H1,CHC,0.0
Transfer Pricing Flow,Financial,False,25,False,Actuals,Q3,Motor,0.0
Transfer Pricing Flow,Financial,False,25,False,Actuals,Q3,Travel,0.0
Transfer Pricing Flow,Financial,False,25,False,Actuals,Q3,Home,0.0
Transfer Pricing Flow,Financial,False,25,False,Actuals,Q3,CHC,0.0
Transfer Pricing Flow,Financial,False,25,False,Actuals,Q4,Motor,0.0
Transfer Pricing Flow,Financial,False,25,False,Actuals,Q4,Travel,0.0
Transfer Pricing Flow,Financial,False,25,False,Actuals,Q4,Home,0.0
Transfer Pricing Flow,Financial,False,25,False,Actuals,Q4,CHC,0.0
Transfer Pricing Flow,Financial,False,25,False,Actuals,2026FY,Motor,0.0
Transfer Pricing Flow,Financial,False,25,False,Actuals,2026FY,Travel,0.0
Transfer Pricing Flow,Financial,False,25,False,Actuals,2026FY,Home,0.0
Transfer Pricing Flow,Financial,False,25,False,Actuals,2026FY,CHC,0.0
Underlying Earnings excl CCNR,Financial,False,26,True,Budget,Jan,Motor,1.37
Underlying Earnings excl CCNR,Financial,False,26,True,Budget,Jan,Travel,0.48
Underlying Earnings excl CCNR,Financial,False,26,True,Budget,Jan,Home,0.33
Underlying Earnings excl CCNR,Financial,False,26,True,Budget,Jan,CHC,0.24
Underlying Earnings excl CCNR,Financial,False,26,True,Budget,Feb,Motor,1.35
Underlying Earnings excl CCNR,Financial,False,26,True,Budget,Feb,Travel,0.46
Underlying Earnings excl CCNR,Financial,False,26,True,Budget,Feb,Home,0.33
Underlying Earnings excl CCNR,Financial,False,26,True,Budget,Feb,CHC,0.25
Underlying Earnings excl CCNR,Financial,False,26,True,Budget,Mar,Motor,1.57
Underlying Earnings excl CCNR,Financial,False,26,True,Budget,Mar,Travel,0.53
Underlying Earnings excl CCNR,Financial,False,26,True,Budget,Mar,Home,0.39
Underlying Earnings excl CCNR,Financial,False,26,True,Budget,Mar,CHC,0.26
Underlying Earnings excl CCNR,Financial,False,26,True,Budget,Q1,Motor,4.31
Underlying Earnings excl CCNR,Financial,False,26,True,Budget,Q1,Travel,1.46
Underlying Earnings excl CCNR,Financial,False,26,True,Budget,Q1,Home,1.07
Underlying Earnings excl CCNR,Financial,False,26,True,Budget,Q1,CHC,0.76
Underlying Earnings excl CCNR,Financial,False,26,True,Budget,Apr,Motor,1.4
Underlying Earnings excl CCNR,Financial,False,26,True,Budget,Apr,Travel,0.47
Underlying Earnings excl CCNR,Financial,False,26,True,Budget,Apr,Home,0.34
Underlying Earnings excl CCNR,Financial,False,26,True,Budget,Apr,CHC,0.24
Underlying Earnings excl CCNR,Financial,False,26,True,Budget,May,Motor,1.36
Underlying Earnings excl CCNR,Financial,False,26,True,Budget,May,Travel,0.47
Underlying Earnings excl CCNR,Financial,False,26,True,Budget,May,Home,0.33
Underlying Earnings excl CCNR,Financial,False,26,True,Budget,May,CHC,0.24
Underlying Earnings excl CCNR,Financial,False,26,True,Budget,Jun,Motor,1.53
Underlying Earnings excl CCNR,Financial,False,26,True,Budget,Jun,Travel,0.54
Underlying Earnings excl CCNR,Financial,False,26,True,Budget,Jun,Home,0.38
Underlying Earnings excl CCNR,Financial,False,26,True,Budget,Jun,CHC,0.28
Underlying Earnings excl CCNR,Financial,False,26,True,Budget,Q2,Motor,4.33
Underlying Earnings excl CCNR,Financial,False,26,True,Budget,Q2,Travel,1.46
Underlying Earnings excl CCNR,Financial,False,26,True,Budget,Q2,Home,1.08
Underlying Earnings excl CCNR,Financial,False,26,True,Budget,Q2,CHC,0.75
Underlying Earnings excl CCNR,Financial,False,26,True,Budget,H1,Motor,8.6
Underlying Earnings excl CCNR,Financial,False,26,True,Budget,H1,Travel,3.01
Underlying Earnings excl CCNR,Financial,False,26,True,Budget,H1,Home,2.04
Underlying Earnings excl CCNR,Financial,False,26,True,Budget,H1,CHC,1.53
Underlying Earnings excl CCNR,Financial,False,26,True,Budget,Q3,Motor,4.21
Underlying Earnings excl CCNR,Financial,False,26,True,Budget,Q3,Travel,1.46
Underlying Earnings excl CCNR,Financial,False,26,True,Budget,Q3,Home,1.09
Underlying Earnings excl CCNR,Financial,False,26,True,Budget,Q3,CHC,0.75
Underlying Earnings excl CCNR,Financial,False,26,True,Budget,Q4,Motor,4.18
Underlying Earnings excl CCNR,Financial,False,26,True,Budget,Q4,Travel,1.49
Underlying Earnings excl CCNR,Financial,False,26,True,Budget,Q4,Home,1.08
Underlying Earnings excl CCNR,Financial,False,26,True,Budget,Q4,CHC,0.76
Underlying Earnings excl CCNR,Financial,False,26,True,Budget,2026FY,Motor,17.4
Underlying Earnings excl CCNR,Financial,False,26,True,Budget,2026FY,Travel,6.01
Underlying Earnings excl CCNR,Financial,False,26,True,Budget,2026FY,Home,4.06
Underlying Earnings excl CCNR,Financial,False,26,True,Budget,2026FY,CHC,3.03
Underlying Earnings excl CCNR,Financial,False,26,True,Forecast1,Jan,Motor,1.39
Underlying Earnings excl CCNR,Financial,False,26,True,Forecast1,Jan,Travel,0.49
Underlying Earnings excl CCNR,Financial,False,26,True,Forecast1,Jan,Home,0.33
Underlying Earnings excl CCNR,Financial,False,26,True,Forecast1,Jan,CHC,0.26
Underlying Earnings excl CCNR,Financial,False,26,True,Forecast1,Feb,Motor,1.42
Underlying Earnings excl CCNR,Financial,False,26,True,Forecast1,Feb,Travel,0.49
Underlying Earnings excl CCNR,Financial,False,26,True,Forecast1,Feb,Home,0.36
Underlying Earnings excl CCNR,Financial,False,26,True,Forecast1,Feb,CHC,0.26
Underlying Earnings excl CCNR,Financial,False,26,True,Forecast1,Mar,Motor,1.6
Underlying Earnings excl CCNR,Financial,False,26,True,Forecast1,Mar,Travel,0.56
Underlying Earnings excl CCNR,Financial,False,26,True,Forecast1,Mar,Home,0.39
Underlying Earnings excl CCNR,Financial,False,26,True,Forecast1,Mar,CHC,0.28
Underlying Earnings excl CCNR,Financial,False,26,True,Forecast1,Q1,Motor,4.34
Underlying Earnings excl CCNR,Financial,False,26,True,Forecast1,Q1,Travel,1.51
Underlying Earnings excl CCNR,Financial,False,26,True,Forecast1,Q1,Home,1.08
Underlying Earnings excl CCNR,Financial,False,26,True,Forecast1,Q1,CHC,0.77
Underlying Earnings excl CCNR,Financial,False,26,True,Forecast1,Apr,Motor,1.4
Underlying Earnings excl CCNR,Financial,False,26,True,Forecast1,Apr,Travel,0.47
Underlying Earnings excl CCNR,Financial,False,26,True,Forecast1,Apr,Home,0.35
Underlying Earnings excl CCNR,Financial,False,26,True,Forecast1,Apr,CHC,0.25
Underlying Earnings excl CCNR,Financial,False,26,True,Forecast1,May,Motor,1.4
Underlying Earnings excl CCNR,Financial,False,26,True,Forecast1,May,Travel,0.49
Underlying Earnings excl CCNR,Financial,False,26,True,Forecast1,May,Home,0.37
Underlying Earnings excl CCNR,Financial,False,26,True,Forecast1,May,CHC,0.26
Underlying Earnings excl CCNR,Financial,False,26,True,Forecast1,Jun,Motor,1.54
Underlying Earnings excl CCNR,Financial,False,26,True,Forecast1,Jun,Travel,0.55
Underlying Earnings excl CCNR,Financial,False,26,True,Forecast1,Jun,Home,0.39
Underlying Earnings excl CCNR,Financial,False,26,True,Forecast1,Jun,CHC,0.28
Underlying Earnings excl CCNR,Financial,False,26,True,Forecast1,Q2,Motor,4.26
Underlying Earnings excl CCNR,Financial,False,26,True,Forecast1,Q2,Travel,1.54
Underlying Earnings excl CCNR,Financial,False,26,True,Forecast1,Q2,Home,1.08
Underlying Earnings excl CCNR,Financial,False,26,True,Forecast1,Q2,CHC,0.8
Underlying Earnings excl CCNR,Financial,False,26,True,Forecast1,H1,Motor,8.92
Underlying Earnings excl CCNR,Financial,False,26,True,Forecast1,H1,Travel,3.15
Underlying Earnings excl CCNR,Financial,False,26,True,Forecast1,H1,Home,2.15
Underlying Earnings excl CCNR,Financial,False,26,True,Forecast1,H1,CHC,1.59
Underlying Earnings excl CCNR,Financial,False,26,True,Forecast1,Q3,Motor,4.43
Underlying Earnings excl CCNR,Financial,False,26,True,Forecast1,Q3,Travel,1.52
Underlying Earnings excl CCNR,Financial,False,26,True,Forecast1,Q3,Home,1.08
Underlying Earnings excl CCNR,Financial,False,26,True,Forecast1,Q3,CHC,0.81
Underlying Earnings excl CCNR,Financial,False,26,True,Forecast1,Q4,Motor,4.4
Underlying Earnings excl CCNR,Financial,False,26,True,Forecast1,Q4,Travel,1.55
Underlying Earnings excl CCNR,Financial,False,26,True,Forecast1,Q4,Home,1.08
Underlying Earnings excl CCNR,Financial,False,26,True,Forecast1,Q4,CHC,0.77
Underlying Earnings excl CCNR,Financial,False,26,True,Forecast1,2026FY,Motor,17.32
Underlying Earnings excl CCNR,Financial,False,26,True,Forecast1,2026FY,Travel,6.11
Underlying Earnings excl CCNR,Financial,False,26,True,Forecast1,2026FY,Home,4.29
Underlying Earnings excl CCNR,Financial,False,26,True,Forecast1,2026FY,CHC,3.15
Underlying Earnings excl CCNR,Financial,False,26,True,Forecast2,Jan,Motor,1.38
Underlying Earnings excl CCNR,Financial,False,26,True,Forecast2,Jan,Travel,0.49
Underlying Earnings excl CCNR,Financial,False,26,True,Forecast2,Jan,Home,0.36
Underlying Earnings excl CCNR,Financial,False,26,True,Forecast2,Jan,CHC,0.26
Underlying Earnings excl CCNR,Financial,False,26,True,Forecast2,Feb,Motor,1.42
Underlying Earnings excl CCNR,Financial,False,26,True,Forecast2,Feb,Travel,0.49
Underlying Earnings excl CCNR,Financial,False,26,True,Forecast2,Feb,Home,0.35
Underlying Earnings excl CCNR,Financial,False,26,True,Forecast2,Feb,CHC,0.26
Underlying Earnings excl CCNR,Financial,False,26,True,Forecast2,Mar,Motor,1.63
Underlying Earnings excl CCNR,Financial,False,26,True,Forecast2,Mar,Travel,0.57
Underlying Earnings excl CCNR,Financial,False,26,True,Forecast2,Mar,Home,0.4
Underlying Earnings excl CCNR,Financial,False,26,True,Forecast2,Mar,CHC,0.28
Underlying Earnings excl CCNR,Financial,False,26,True,Forecast2,Q1,Motor,4.49
Underlying Earnings excl CCNR,Financial,False,26,True,Forecast2,Q1,Travel,1.54
Underlying Earnings excl CCNR,Financial,False,26,True,Forecast2,Q1,Home,1.1
Underlying Earnings excl CCNR,Financial,False,26,True,Forecast2,Q1,CHC,0.82
Underlying Earnings excl CCNR,Financial,False,26,True,Forecast2,Apr,Motor,1.45
Underlying Earnings excl CCNR,Financial,False,26,True,Forecast2,Apr,Travel,0.5
Underlying Earnings excl CCNR,Financial,False,26,True,Forecast2,Apr,Home,0.35
Underlying Earnings excl CCNR,Financial,False,26,True,Forecast2,Apr,CHC,0.26
Underlying Earnings excl CCNR,Financial,False,26,True,Forecast2,May,Motor,1.46
Underlying Earnings excl CCNR,Financial,False,26,True,Forecast2,May,Travel,0.5
Underlying Earnings excl CCNR,Financial,False,26,True,Forecast2,May,Home,0.37
Underlying Earnings excl CCNR,Financial,False,26,True,Forecast2,May,CHC,0.26
Underlying Earnings excl CCNR,Financial,False,26,True,Forecast2,Jun,Motor,1.66
Underlying Earnings excl CCNR,Financial,False,26,True,Forecast2,Jun,Travel,0.57
Underlying Earnings excl CCNR,Financial,False,26,True,Forecast2,Jun,Home,0.41
Underlying Earnings excl CCNR,Financial,False,26,True,Forecast2,Jun,CHC,0.3
Underlying Earnings excl CCNR,Financial,False,26,True,Forecast2,Q2,Motor,4.5
Underlying Earnings excl CCNR,Financial,False,26,True,Forecast2,Q2,Travel,1.55
Underlying Earnings excl CCNR,Financial,False,26,True,Forecast2,Q2,Home,1.11
Underlying Earnings excl CCNR,Financial,False,26,True,Forecast2,Q2,CHC,0.81
Underlying Earnings excl CCNR,Financial,False,26,True,Forecast2,H1,Motor,8.71
Underlying Earnings excl CCNR,Financial,False,26,True,Forecast2,H1,Travel,3.12
Underlying Earnings excl CCNR,Financial,False,26,True,Forecast2,H1,Home,2.28
Underlying Earnings excl CCNR,Financial,False,26,True,Forecast2,H1,CHC,1.54
Underlying Earnings excl CCNR,Financial,False,26,True,Forecast2,Q3,Motor,4.59
Underlying Earnings excl CCNR,Financial,False,26,True,Forecast2,Q3,Travel,1.6
Underlying Earnings excl CCNR,Financial,False,26,True,Forecast2,Q3,Home,1.11
Underlying Earnings excl CCNR,Financial,False,26,True,Forecast2,Q3,CHC,0.81
Underlying Earnings excl CCNR,Financial,False,26,True,Forecast2,Q4,Motor,4.46
Underlying Earnings excl CCNR,Financial,False,26,True,Forecast2,Q4,Travel,1.6
Underlying Earnings excl CCNR,Financial,False,26,True,Forecast2,Q4,Home,1.14
Underlying Earnings excl CCNR,Financial,False,26,True,Forecast2,Q4,CHC,0.78
Underlying Earnings excl CCNR,Financial,False,26,True,Forecast2,2026FY,Motor,18.05
Underlying Earnings excl CCNR,Financial,False,26,True,Forecast2,2026FY,Travel,6.22
Underlying Earnings excl CCNR,Financial,False,26,True,Forecast2,2026FY,Home,4.47
Underlying Earnings excl CCNR,Financial,False,26,True,Forecast2,2026FY,CHC,3.17
Underlying Earnings excl CCNR,Financial,False,26,True,Actuals,Jan,Motor,1.5
Underlying Earnings excl CCNR,Financial,False,26,True,Actuals,Jan,Travel,0.52
Underlying Earnings excl CCNR,Financial,False,26,True,Actuals,Jan,Home,0.36
Underlying Earnings excl CCNR,Financial,False,26,True,Actuals,Jan,CHC,0.26
Underlying Earnings excl CCNR,Financial,False,26,True,Actuals,Feb,Motor,1.44
Underlying Earnings excl CCNR,Financial,False,26,True,Actuals,Feb,Travel,0.51
Underlying Earnings excl CCNR,Financial,False,26,True,Actuals,Feb,Home,0.37
Underlying Earnings excl CCNR,Financial,False,26,True,Actuals,Feb,CHC,0.27
Underlying Earnings excl CCNR,Financial,False,26,True,Actuals,Mar,Motor,1.66
Underlying Earnings excl CCNR,Financial,False,26,True,Actuals,Mar,Travel,0.58
Underlying Earnings excl CCNR,Financial,False,26,True,Actuals,Mar,Home,0.41
Underlying Earnings excl CCNR,Financial,False,26,True,Actuals,Mar,CHC,0.29
Underlying Earnings excl CCNR,Financial,False,26,True,Actuals,Q1,Motor,4.53
Underlying Earnings excl CCNR,Financial,False,26,True,Actuals,Q1,Travel,1.62
Underlying Earnings excl CCNR,Financial,False,26,True,Actuals,Q1,Home,1.14
Underlying Earnings excl CCNR,Financial,False,26,True,Actuals,Q1,CHC,0.83
Underlying Earnings excl CCNR,Financial,False,26,True,Actuals,Apr,Motor,1.45
Underlying Earnings excl CCNR,Financial,False,26,True,Actuals,Apr,Travel,0.5
Underlying Earnings excl CCNR,Financial,False,26,True,Actuals,Apr,Home,0.36
Underlying Earnings excl CCNR,Financial,False,26,True,Actuals,Apr,CHC,0.26
Underlying Earnings excl CCNR,Financial,False,26,True,Actuals,May,Motor,1.44
Underlying Earnings excl CCNR,Financial,False,26,True,Actuals,May,Travel,0.51
Underlying Earnings excl CCNR,Financial,False,26,True,Actuals,May,Home,0.36
Underlying Earnings excl CCNR,Financial,False,26,True,Actuals,May,CHC,0.27
Underlying Earnings excl CCNR,Financial,False,26,True,Actuals,Jun,Motor,1.63
Underlying Earnings excl CCNR,Financial,False,26,True,Actuals,Jun,Travel,0.59
Underlying Earnings excl CCNR,Financial,False,26,True,Actuals,Jun,Home,0.42
Underlying Earnings excl CCNR,Financial,False,26,True,Actuals,Jun,CHC,0.29
Underlying Earnings excl CCNR,Financial,False,26,True,Actuals,Q2,Motor,4.46
Underlying Earnings excl CCNR,Financial,False,26,True,Actuals,Q2,Travel,1.53
Underlying Earnings excl CCNR,Financial,False,26,True,Actuals,Q2,Home,1.11
Underlying Earnings excl CCNR,Financial,False,26,True,Actuals,Q2,CHC,0.8
Underlying Earnings excl CCNR,Financial,False,26,True,Actuals,H1,Motor,9.33
Underlying Earnings excl CCNR,Financial,False,26,True,Actuals,H1,Travel,3.19
Underlying Earnings excl CCNR,Financial,False,26,True,Actuals,H1,Home,2.29
Underlying Earnings excl CCNR,Financial,False,26,True,Actuals,H1,CHC,1.57
Underlying Earnings excl CCNR,Financial,False,26,True,Actuals,Q3,Motor,4.45
Underlying Earnings excl CCNR,Financial,False,26,True,Actuals,Q3,Travel,1.62
Underlying Earnings excl CCNR,Financial,False,26,True,Actuals,Q3,Home,1.14
Underlying Earnings excl CCNR,Financial,False,26,True,Actuals,Q3,CHC,0.82
Underlying Earnings excl CCNR,Financial,False,26,True,Actuals,Q4,Motor,4.6
Underlying Earnings excl CCNR,Financial,False,26,True,Actuals,Q4,Travel,1.64
Underlying Earnings excl CCNR,Financial,False,26,True,Actuals,Q4,Home,1.13
Underlying Earnings excl CCNR,Financial,False,26,True,Actuals,Q4,CHC,0.82
Underlying Earnings excl CCNR,Financial,False,26,True,Actuals,2026FY,Motor,18.26
Underlying Earnings excl CCNR,Financial,False,26,True,Actuals,2026FY,Travel,6.65
Underlying Earnings excl CCNR,Financial,False,26,True,Actuals,2026FY,Home,4.37
Underlying Earnings excl CCNR,Financial,False,26,True,Actuals,2026FY,CHC,3.32
Loss ratio CY,Ratios,True,27,False,Budget,Jan,Motor,23.2
Loss ratio CY,Ratios,True,27,False,Budget,Jan,Travel,22.7
Loss ratio CY,Ratios,True,27,False,Budget,Jan,Home,24.9
Loss ratio CY,Ratios,True,27,False,Budget,Jan,CHC,22.9
Loss ratio CY,Ratios,True,27,False,Budget,Feb,Motor,22.6
Loss ratio CY,Ratios,True,27,False,Budget,Feb,Travel,22.0
Loss ratio CY,Ratios,True,27,False,Budget,Feb,Home,22.7
Loss ratio CY,Ratios,True,27,False,Budget,Feb,CHC,23.7
Loss ratio CY,Ratios,True,27,False,Budget,Mar,Motor,22.6
Loss ratio CY,Ratios,True,27,False,Budget,Mar,Travel,24.1
Loss ratio CY,Ratios,True,27,False,Budget,Mar,Home,22.9
Loss ratio CY,Ratios,True,27,False,Budget,Mar,CHC,22.8
Loss ratio CY,Ratios,True,27,False,Budget,Q1,Motor,23.1
Loss ratio CY,Ratios,True,27,False,Budget,Q1,Travel,23.3
Loss ratio CY,Ratios,True,27,False,Budget,Q1,Home,22.6
Loss ratio CY,Ratios,True,27,False,Budget,Q1,CHC,22.1
Loss ratio CY,Ratios,True,27,False,Budget,Apr,Motor,23.4
Loss ratio CY,Ratios,True,27,False,Budget,Apr,Travel,22.3
Loss ratio CY,Ratios,True,27,False,Budget,Apr,Home,23.6
Loss ratio CY,Ratios,True,27,False,Budget,Apr,CHC,23.1
Loss ratio CY,Ratios,True,27,False,Budget,May,Motor,23.6
Loss ratio CY,Ratios,True,27,False,Budget,May,Travel,24.5
Loss ratio CY,Ratios,True,27,False,Budget,May,Home,23.7
Loss ratio CY,Ratios,True,27,False,Budget,May,CHC,23.9
Loss ratio CY,Ratios,True,27,False,Budget,Jun,Motor,22.4
Loss ratio CY,Ratios,True,27,False,Budget,Jun,Travel,22.5
Loss ratio CY,Ratios,True,27,False,Budget,Jun,Home,23.9
Loss ratio CY,Ratios,True,27,False,Budget,Jun,CHC,22.0
Loss ratio CY,Ratios,True,27,False,Budget,Q2,Motor,23.4
Loss ratio CY,Ratios,True,27,False,Budget,Q2,Travel,23.5
Loss ratio CY,Ratios,True,27,False,Budget,Q2,Home,23.0
Loss ratio CY,Ratios,True,27,False,Budget,Q2,CHC,21.9
Loss ratio CY,Ratios,True,27,False,Budget,H1,Motor,23.3
Loss ratio CY,Ratios,True,27,False,Budget,H1,Travel,22.7
Loss ratio CY,Ratios,True,27,False,Budget,H1,Home,23.4
Loss ratio CY,Ratios,True,27,False,Budget,H1,CHC,22.2
Loss ratio CY,Ratios,True,27,False,Budget,Q3,Motor,23.2
Loss ratio CY,Ratios,True,27,False,Budget,Q3,Travel,23.8
Loss ratio CY,Ratios,True,27,False,Budget,Q3,Home,23.1
Loss ratio CY,Ratios,True,27,False,Budget,Q3,CHC,22.3
Loss ratio CY,Ratios,True,27,False,Budget,Q4,Motor,22.5
Loss ratio CY,Ratios,True,27,False,Budget,Q4,Travel,23.1
Loss ratio CY,Ratios,True,27,False,Budget,Q4,Home,23.5
Loss ratio CY,Ratios,True,27,False,Budget,Q4,CHC,23.9
Loss ratio CY,Ratios,True,27,False,Budget,2026FY,Motor,22.6
Loss ratio CY,Ratios,True,27,False,Budget,2026FY,Travel,22.5
Loss ratio CY,Ratios,True,27,False,Budget,2026FY,Home,24.6
Loss ratio CY,Ratios,True,27,False,Budget,2026FY,CHC,23.2
Loss ratio CY,Ratios,True,27,False,Forecast1,Jan,Motor,23.4
Loss ratio CY,Ratios,True,27,False,Forecast1,Jan,Travel,22.5
Loss ratio CY,Ratios,True,27,False,Forecast1,Jan,Home,23.9
Loss ratio CY,Ratios,True,27,False,Forecast1,Jan,CHC,23.5
Loss ratio CY,Ratios,True,27,False,Forecast1,Feb,Motor,23.5
Loss ratio CY,Ratios,True,27,False,Forecast1,Feb,Travel,23.4
Loss ratio CY,Ratios,True,27,False,Forecast1,Feb,Home,24.4
Loss ratio CY,Ratios,True,27,False,Forecast1,Feb,CHC,23.8
Loss ratio CY,Ratios,True,27,False,Forecast1,Mar,Motor,24.0
Loss ratio CY,Ratios,True,27,False,Forecast1,Mar,Travel,23.2
Loss ratio CY,Ratios,True,27,False,Forecast1,Mar,Home,23.2
Loss ratio CY,Ratios,True,27,False,Forecast1,Mar,CHC,24.7
Loss ratio CY,Ratios,True,27,False,Forecast1,Q1,Motor,23.0
Loss ratio CY,Ratios,True,27,False,Forecast1,Q1,Travel,23.9
Loss ratio CY,Ratios,True,27,False,Forecast1,Q1,Home,24.2
Loss ratio CY,Ratios,True,27,False,Forecast1,Q1,CHC,23.4
Loss ratio CY,Ratios,True,27,False,Forecast1,Apr,Motor,22.8
Loss ratio CY,Ratios,True,27,False,Forecast1,Apr,Travel,23.5
Loss ratio CY,Ratios,True,27,False,Forecast1,Apr,Home,23.7
Loss ratio CY,Ratios,True,27,False,Forecast1,Apr,CHC,23.6
Loss ratio CY,Ratios,True,27,False,Forecast1,May,Motor,23.8
Loss ratio CY,Ratios,True,27,False,Forecast1,May,Travel,24.3
Loss ratio CY,Ratios,True,27,False,Forecast1,May,Home,24.1
Loss ratio CY,Ratios,True,27,False,Forecast1,May,CHC,23.0
Loss ratio CY,Ratios,True,27,False,Forecast1,Jun,Motor,24.3
Loss ratio CY,Ratios,True,27,False,Forecast1,Jun,Travel,23.0
Loss ratio CY,Ratios,True,27,False,Forecast1,Jun,Home,23.7
Loss ratio CY,Ratios,True,27,False,Forecast1,Jun,CHC,24.0
Loss ratio CY,Ratios,True,27,False,Forecast1,Q2,Motor,24.2
Loss ratio CY,Ratios,True,27,False,Forecast1,Q2,Travel,23.5
Loss ratio CY,Ratios,True,27,False,Forecast1,Q2,Home,24.2
Loss ratio CY,Ratios,True,27,False,Forecast1,Q2,CHC,24.3
Loss ratio CY,Ratios,True,27,False,Forecast1,H1,Motor,23.7
Loss ratio CY,Ratios,True,27,False,Forecast1,H1,Travel,23.3
Loss ratio CY,Ratios,True,27,False,Forecast1,H1,Home,25.2
Loss ratio CY,Ratios,True,27,False,Forecast1,H1,CHC,23.0
Loss ratio CY,Ratios,True,27,False,Forecast1,Q3,Motor,22.8
Loss ratio CY,Ratios,True,27,False,Forecast1,Q3,Travel,23.7
Loss ratio CY,Ratios,True,27,False,Forecast1,Q3,Home,24.5
Loss ratio CY,Ratios,True,27,False,Forecast1,Q3,CHC,23.4
Loss ratio CY,Ratios,True,27,False,Forecast1,Q4,Motor,22.8
Loss ratio CY,Ratios,True,27,False,Forecast1,Q4,Travel,23.2
Loss ratio CY,Ratios,True,27,False,Forecast1,Q4,Home,23.0
Loss ratio CY,Ratios,True,27,False,Forecast1,Q4,CHC,24.8
Loss ratio CY,Ratios,True,27,False,Forecast1,2026FY,Motor,22.2
Loss ratio CY,Ratios,True,27,False,Forecast1,2026FY,Travel,23.6
Loss ratio CY,Ratios,True,27,False,Forecast1,2026FY,Home,23.6
Loss ratio CY,Ratios,True,27,False,Forecast1,2026FY,CHC,23.8
Loss ratio CY,Ratios,True,27,False,Forecast2,Jan,Motor,23.7
Loss ratio CY,Ratios,True,27,False,Forecast2,Jan,Travel,24.1
Loss ratio CY,Ratios,True,27,False,Forecast2,Jan,Home,24.6
Loss ratio CY,Ratios,True,27,False,Forecast2,Jan,CHC,23.8
Loss ratio CY,Ratios,True,27,False,Forecast2,Feb,Motor,24.1
Loss ratio CY,Ratios,True,27,False,Forecast2,Feb,Travel,23.1
Loss ratio CY,Ratios,True,27,False,Forecast2,Feb,Home,24.5
Loss ratio CY,Ratios,True,27,False,Forecast2,Feb,CHC,24.2
Loss ratio CY,Ratios,True,27,False,Forecast2,Mar,Motor,23.7
Loss ratio CY,Ratios,True,27,False,Forecast2,Mar,Travel,24.6
Loss ratio CY,Ratios,True,27,False,Forecast2,Mar,Home,25.7
Loss ratio CY,Ratios,True,27,False,Forecast2,Mar,CHC,24.4
Loss ratio CY,Ratios,True,27,False,Forecast2,Q1,Motor,23.7
Loss ratio CY,Ratios,True,27,False,Forecast2,Q1,Travel,23.7
Loss ratio CY,Ratios,True,27,False,Forecast2,Q1,Home,24.3
Loss ratio CY,Ratios,True,27,False,Forecast2,Q1,CHC,24.6
Loss ratio CY,Ratios,True,27,False,Forecast2,Apr,Motor,24.0
Loss ratio CY,Ratios,True,27,False,Forecast2,Apr,Travel,23.3
Loss ratio CY,Ratios,True,27,False,Forecast2,Apr,Home,25.0
Loss ratio CY,Ratios,True,27,False,Forecast2,Apr,CHC,23.6
Loss ratio CY,Ratios,True,27,False,Forecast2,May,Motor,25.0
Loss ratio CY,Ratios,True,27,False,Forecast2,May,Travel,24.2
Loss ratio CY,Ratios,True,27,False,Forecast2,May,Home,24.9
Loss ratio CY,Ratios,True,27,False,Forecast2,May,CHC,25.2
Loss ratio CY,Ratios,True,27,False,Forecast2,Jun,Motor,23.5
Loss ratio CY,Ratios,True,27,False,Forecast2,Jun,Travel,25.3
Loss ratio CY,Ratios,True,27,False,Forecast2,Jun,Home,24.1
Loss ratio CY,Ratios,True,27,False,Forecast2,Jun,CHC,24.7
Loss ratio CY,Ratios,True,27,False,Forecast2,Q2,Motor,23.7
Loss ratio CY,Ratios,True,27,False,Forecast2,Q2,Travel,24.8
Loss ratio CY,Ratios,True,27,False,Forecast2,Q2,Home,24.6
Loss ratio CY,Ratios,True,27,False,Forecast2,Q2,CHC,23.1
Loss ratio CY,Ratios,True,27,False,Forecast2,H1,Motor,24.7
Loss ratio CY,Ratios,True,27,False,Forecast2,H1,Travel,23.4
Loss ratio CY,Ratios,True,27,False,Forecast2,H1,Home,23.2
Loss ratio CY,Ratios,True,27,False,Forecast2,H1,CHC,23.2
Loss ratio CY,Ratios,True,27,False,Forecast2,Q3,Motor,23.6
Loss ratio CY,Ratios,True,27,False,Forecast2,Q3,Travel,24.4
Loss ratio CY,Ratios,True,27,False,Forecast2,Q3,Home,24.3
Loss ratio CY,Ratios,True,27,False,Forecast2,Q3,CHC,24.5
Loss ratio CY,Ratios,True,27,False,Forecast2,Q4,Motor,24.3
Loss ratio CY,Ratios,True,27,False,Forecast2,Q4,Travel,24.4
Loss ratio CY,Ratios,True,27,False,Forecast2,Q4,Home,23.9
Loss ratio CY,Ratios,True,27,False,Forecast2,Q4,CHC,26.0
Loss ratio CY,Ratios,True,27,False,Forecast2,2026FY,Motor,23.9
Loss ratio CY,Ratios,True,27,False,Forecast2,2026FY,Travel,24.4
Loss ratio CY,Ratios,True,27,False,Forecast2,2026FY,Home,22.8
Loss ratio CY,Ratios,True,27,False,Forecast2,2026FY,CHC,23.8
Loss ratio CY,Ratios,True,27,False,Actuals,Jan,Motor,24.6
Loss ratio CY,Ratios,True,27,False,Actuals,Jan,Travel,25.4
Loss ratio CY,Ratios,True,27,False,Actuals,Jan,Home,25.6
Loss ratio CY,Ratios,True,27,False,Actuals,Jan,CHC,24.7
Loss ratio CY,Ratios,True,27,False,Actuals,Feb,Motor,24.8
Loss ratio CY,Ratios,True,27,False,Actuals,Feb,Travel,25.6
Loss ratio CY,Ratios,True,27,False,Actuals,Feb,Home,23.5
Loss ratio CY,Ratios,True,27,False,Actuals,Feb,CHC,25.1
Loss ratio CY,Ratios,True,27,False,Actuals,Mar,Motor,25.0
Loss ratio CY,Ratios,True,27,False,Actuals,Mar,Travel,25.1
Loss ratio CY,Ratios,True,27,False,Actuals,Mar,Home,24.4
Loss ratio CY,Ratios,True,27,False,Actuals,Mar,CHC,25.3
Loss ratio CY,Ratios,True,27,False,Actuals,Q1,Motor,25.0
Loss ratio CY,Ratios,True,27,False,Actuals,Q1,Travel,24.1
Loss ratio CY,Ratios,True,27,False,Actuals,Q1,Home,23.8
Loss ratio CY,Ratios,True,27,False,Actuals,Q1,CHC,25.1
Loss ratio CY,Ratios,True,27,False,Actuals,Apr,Motor,24.3
Loss ratio CY,Ratios,True,27,False,Actuals,Apr,Travel,24.2
Loss ratio CY,Ratios,True,27,False,Actuals,Apr,Home,23.8
Loss ratio CY,Ratios,True,27,False,Actuals,Apr,CHC,24.8
Loss ratio CY,Ratios,True,27,False,Actuals,May,Motor,24.1
Loss ratio CY,Ratios,True,27,False,Actuals,May,Travel,25.2
Loss ratio CY,Ratios,True,27,False,Actuals,May,Home,24.7
Loss ratio CY,Ratios,True,27,False,Actuals,May,CHC,24.5
Loss ratio CY,Ratios,True,27,False,Actuals,Jun,Motor,24.0
Loss ratio CY,Ratios,True,27,False,Actuals,Jun,Travel,24.2
Loss ratio CY,Ratios,True,27,False,Actuals,Jun,Home,25.3
Loss ratio CY,Ratios,True,27,False,Actuals,Jun,CHC,24.0
Loss ratio CY,Ratios,True,27,False,Actuals,Q2,Motor,24.0
Loss ratio CY,Ratios,True,27,False,Actuals,Q2,Travel,24.8
Loss ratio CY,Ratios,True,27,False,Actuals,Q2,Home,24.3
Loss ratio CY,Ratios,True,27,False,Actuals,Q2,CHC,23.5
Loss ratio CY,Ratios,True,27,False,Actuals,H1,Motor,25.3
Loss ratio CY,Ratios,True,27,False,Actuals,H1,Travel,23.4
Loss ratio CY,Ratios,True,27,False,Actuals,H1,Home,23.7
Loss ratio CY,Ratios,True,27,False,Actuals,H1,CHC,25.1
Loss ratio CY,Ratios,True,27,False,Actuals,Q3,Motor,25.3
Loss ratio CY,Ratios,True,27,False,Actuals,Q3,Travel,24.8
Loss ratio CY,Ratios,True,27,False,Actuals,Q3,Home,23.4
Loss ratio CY,Ratios,True,27,False,Actuals,Q3,CHC,23.6
Loss ratio CY,Ratios,True,27,False,Actuals,Q4,Motor,24.6
Loss ratio CY,Ratios,True,27,False,Actuals,Q4,Travel,24.2
Loss ratio CY,Ratios,True,27,False,Actuals,Q4,Home,23.8
Loss ratio CY,Ratios,True,27,False,Actuals,Q4,CHC,25.1
Loss ratio CY,Ratios,True,27,False,Actuals,2026FY,Motor,25.2
Loss ratio CY,Ratios,True,27,False,Actuals,2026FY,Travel,23.5
Loss ratio CY,Ratios,True,27,False,Actuals,2026FY,Home,24.1
Loss ratio CY,Ratios,True,27,False,Actuals,2026FY,CHC,25.2
Loss ratio PY,Ratios,True,28,False,Budget,Jan,Motor,22.0
Loss ratio PY,Ratios,True,28,False,Budget,Jan,Travel,22.0
Loss ratio PY,Ratios,True,28,False,Budget,Jan,Home,21.4
Loss ratio PY,Ratios,True,28,False,Budget,Jan,CHC,22.4
Loss ratio PY,Ratios,True,28,False,Budget,Feb,Motor,22.4
Loss ratio PY,Ratios,True,28,False,Budget,Feb,Travel,21.8
Loss ratio PY,Ratios,True,28,False,Budget,Feb,Home,20.3
Loss ratio PY,Ratios,True,28,False,Budget,Feb,CHC,21.8
Loss ratio PY,Ratios,True,28,False,Budget,Mar,Motor,22.1
Loss ratio PY,Ratios,True,28,False,Budget,Mar,Travel,21.8
Loss ratio PY,Ratios,True,28,False,Budget,Mar,Home,22.5
Loss ratio PY,Ratios,True,28,False,Budget,Mar,CHC,21.3
Loss ratio PY,Ratios,True,28,False,Budget,Q1,Motor,21.3
Loss ratio PY,Ratios,True,28,False,Budget,Q1,Travel,22.3
Loss ratio PY,Ratios,True,28,False,Budget,Q1,Home,21.6
Loss ratio PY,Ratios,True,28,False,Budget,Q1,CHC,21.9
Loss ratio PY,Ratios,True,28,False,Budget,Apr,Motor,22.5
Loss ratio PY,Ratios,True,28,False,Budget,Apr,Travel,21.5
Loss ratio PY,Ratios,True,28,False,Budget,Apr,Home,22.1
Loss ratio PY,Ratios,True,28,False,Budget,Apr,CHC,22.0
Loss ratio PY,Ratios,True,28,False,Budget,May,Motor,20.8
Loss ratio PY,Ratios,True,28,False,Budget,May,Travel,21.2
Loss ratio PY,Ratios,True,28,False,Budget,May,Home,21.4
Loss ratio PY,Ratios,True,28,False,Budget,May,CHC,22.4
Loss ratio PY,Ratios,True,28,False,Budget,Jun,Motor,22.2
Loss ratio PY,Ratios,True,28,False,Budget,Jun,Travel,22.4
Loss ratio PY,Ratios,True,28,False,Budget,Jun,Home,20.8
Loss ratio PY,Ratios,True,28,False,Budget,Jun,CHC,21.4
Loss ratio PY,Ratios,True,28,False,Budget,Q2,Motor,21.9
Loss ratio PY,Ratios,True,28,False,Budget,Q2,Travel,22.0
Loss ratio PY,Ratios,True,28,False,Budget,Q2,Home,22.6
Loss ratio PY,Ratios,True,28,False,Budget,Q2,CHC,22.1
Loss ratio PY,Ratios,True,28,False,Budget,H1,Motor,21.4
Loss ratio PY,Ratios,True,28,False,Budget,H1,Travel,21.4
Loss ratio PY,Ratios,True,28,False,Budget,H1,Home,22.2
Loss ratio PY,Ratios,True,28,False,Budget,H1,CHC,22.3
Loss ratio PY,Ratios,True,28,False,Budget,Q3,Motor,21.4
Loss ratio PY,Ratios,True,28,False,Budget,Q3,Travel,21.9
Loss ratio PY,Ratios,True,28,False,Budget,Q3,Home,22.2
Loss ratio PY,Ratios,True,28,False,Budget,Q3,CHC,23.1
Loss ratio PY,Ratios,True,28,False,Budget,Q4,Motor,21.6
Loss ratio PY,Ratios,True,28,False,Budget,Q4,Travel,21.4
Loss ratio PY,Ratios,True,28,False,Budget,Q4,Home,22.3
Loss ratio PY,Ratios,True,28,False,Budget,Q4,CHC,22.1
Loss ratio PY,Ratios,True,28,False,Budget,2026FY,Motor,21.1
Loss ratio PY,Ratios,True,28,False,Budget,2026FY,Travel,22.3
Loss ratio PY,Ratios,True,28,False,Budget,2026FY,Home,21.9
Loss ratio PY,Ratios,True,28,False,Budget,2026FY,CHC,22.9
Loss ratio PY,Ratios,True,28,False,Forecast1,Jan,Motor,22.2
Loss ratio PY,Ratios,True,28,False,Forecast1,Jan,Travel,23.4
Loss ratio PY,Ratios,True,28,False,Forecast1,Jan,Home,22.6
Loss ratio PY,Ratios,True,28,False,Forecast1,Jan,CHC,23.0
Loss ratio PY,Ratios,True,28,False,Forecast1,Feb,Motor,23.7
Loss ratio PY,Ratios,True,28,False,Forecast1,Feb,Travel,22.7
Loss ratio PY,Ratios,True,28,False,Forecast1,Feb,Home,22.0
Loss ratio PY,Ratios,True,28,False,Forecast1,Feb,CHC,22.9
Loss ratio PY,Ratios,True,28,False,Forecast1,Mar,Motor,22.2
Loss ratio PY,Ratios,True,28,False,Forecast1,Mar,Travel,23.0
Loss ratio PY,Ratios,True,28,False,Forecast1,Mar,Home,23.5
Loss ratio PY,Ratios,True,28,False,Forecast1,Mar,CHC,22.2
Loss ratio PY,Ratios,True,28,False,Forecast1,Q1,Motor,22.3
Loss ratio PY,Ratios,True,28,False,Forecast1,Q1,Travel,22.5
Loss ratio PY,Ratios,True,28,False,Forecast1,Q1,Home,23.2
Loss ratio PY,Ratios,True,28,False,Forecast1,Q1,CHC,22.0
Loss ratio PY,Ratios,True,28,False,Forecast1,Apr,Motor,22.9
Loss ratio PY,Ratios,True,28,False,Forecast1,Apr,Travel,20.9
Loss ratio PY,Ratios,True,28,False,Forecast1,Apr,Home,22.5
Loss ratio PY,Ratios,True,28,False,Forecast1,Apr,CHC,23.1
Loss ratio PY,Ratios,True,28,False,Forecast1,May,Motor,23.1
Loss ratio PY,Ratios,True,28,False,Forecast1,May,Travel,22.4
Loss ratio PY,Ratios,True,28,False,Forecast1,May,Home,23.2
Loss ratio PY,Ratios,True,28,False,Forecast1,May,CHC,21.4
Loss ratio PY,Ratios,True,28,False,Forecast1,Jun,Motor,22.0
Loss ratio PY,Ratios,True,28,False,Forecast1,Jun,Travel,22.7
Loss ratio PY,Ratios,True,28,False,Forecast1,Jun,Home,22.0
Loss ratio PY,Ratios,True,28,False,Forecast1,Jun,CHC,23.2
Loss ratio PY,Ratios,True,28,False,Forecast1,Q2,Motor,22.5
Loss ratio PY,Ratios,True,28,False,Forecast1,Q2,Travel,22.9
Loss ratio PY,Ratios,True,28,False,Forecast1,Q2,Home,23.3
Loss ratio PY,Ratios,True,28,False,Forecast1,Q2,CHC,23.8
Loss ratio PY,Ratios,True,28,False,Forecast1,H1,Motor,22.0
Loss ratio PY,Ratios,True,28,False,Forecast1,H1,Travel,22.6
Loss ratio PY,Ratios,True,28,False,Forecast1,H1,Home,24.2
Loss ratio PY,Ratios,True,28,False,Forecast1,H1,CHC,23.1
Loss ratio PY,Ratios,True,28,False,Forecast1,Q3,Motor,21.7
Loss ratio PY,Ratios,True,28,False,Forecast1,Q3,Travel,23.8
Loss ratio PY,Ratios,True,28,False,Forecast1,Q3,Home,23.1
Loss ratio PY,Ratios,True,28,False,Forecast1,Q3,CHC,22.4
Loss ratio PY,Ratios,True,28,False,Forecast1,Q4,Motor,22.9
Loss ratio PY,Ratios,True,28,False,Forecast1,Q4,Travel,21.9
Loss ratio PY,Ratios,True,28,False,Forecast1,Q4,Home,23.2
Loss ratio PY,Ratios,True,28,False,Forecast1,Q4,CHC,23.0
Loss ratio PY,Ratios,True,28,False,Forecast1,2026FY,Motor,22.2
Loss ratio PY,Ratios,True,28,False,Forecast1,2026FY,Travel,22.8
Loss ratio PY,Ratios,True,28,False,Forecast1,2026FY,Home,23.0
Loss ratio PY,Ratios,True,28,False,Forecast1,2026FY,CHC,23.5
Loss ratio PY,Ratios,True,28,False,Forecast2,Jan,Motor,22.7
Loss ratio PY,Ratios,True,28,False,Forecast2,Jan,Travel,22.8
Loss ratio PY,Ratios,True,28,False,Forecast2,Jan,Home,22.8
Loss ratio PY,Ratios,True,28,False,Forecast2,Jan,CHC,21.7
Loss ratio PY,Ratios,True,28,False,Forecast2,Feb,Motor,22.9
Loss ratio PY,Ratios,True,28,False,Forecast2,Feb,Travel,22.5
Loss ratio PY,Ratios,True,28,False,Forecast2,Feb,Home,24.4
Loss ratio PY,Ratios,True,28,False,Forecast2,Feb,CHC,24.0
Loss ratio PY,Ratios,True,28,False,Forecast2,Mar,Motor,23.3
Loss ratio PY,Ratios,True,28,False,Forecast2,Mar,Travel,21.4
Loss ratio PY,Ratios,True,28,False,Forecast2,Mar,Home,24.4
Loss ratio PY,Ratios,True,28,False,Forecast2,Mar,CHC,22.7
Loss ratio PY,Ratios,True,28,False,Forecast2,Q1,Motor,23.0
Loss ratio PY,Ratios,True,28,False,Forecast2,Q1,Travel,22.7
Loss ratio PY,Ratios,True,28,False,Forecast2,Q1,Home,23.1
Loss ratio PY,Ratios,True,28,False,Forecast2,Q1,CHC,23.4
Loss ratio PY,Ratios,True,28,False,Forecast2,Apr,Motor,23.0
Loss ratio PY,Ratios,True,28,False,Forecast2,Apr,Travel,23.5
Loss ratio PY,Ratios,True,28,False,Forecast2,Apr,Home,23.4
Loss ratio PY,Ratios,True,28,False,Forecast2,Apr,CHC,22.4
Loss ratio PY,Ratios,True,28,False,Forecast2,May,Motor,23.5
Loss ratio PY,Ratios,True,28,False,Forecast2,May,Travel,24.3
Loss ratio PY,Ratios,True,28,False,Forecast2,May,Home,23.6
Loss ratio PY,Ratios,True,28,False,Forecast2,May,CHC,21.6
Loss ratio PY,Ratios,True,28,False,Forecast2,Jun,Motor,22.9
Loss ratio PY,Ratios,True,28,False,Forecast2,Jun,Travel,23.2
Loss ratio PY,Ratios,True,28,False,Forecast2,Jun,Home,22.1
Loss ratio PY,Ratios,True,28,False,Forecast2,Jun,CHC,22.9
Loss ratio PY,Ratios,True,28,False,Forecast2,Q2,Motor,23.8
Loss ratio PY,Ratios,True,28,False,Forecast2,Q2,Travel,23.7
Loss ratio PY,Ratios,True,28,False,Forecast2,Q2,Home,22.9
Loss ratio PY,Ratios,True,28,False,Forecast2,Q2,CHC,23.2
Loss ratio PY,Ratios,True,28,False,Forecast2,H1,Motor,23.3
Loss ratio PY,Ratios,True,28,False,Forecast2,H1,Travel,23.1
Loss ratio PY,Ratios,True,28,False,Forecast2,H1,Home,23.5
Loss ratio PY,Ratios,True,28,False,Forecast2,H1,CHC,23.1
Loss ratio PY,Ratios,True,28,False,Forecast2,Q3,Motor,23.2
Loss ratio PY,Ratios,True,28,False,Forecast2,Q3,Travel,22.5
Loss ratio PY,Ratios,True,28,False,Forecast2,Q3,Home,22.6
Loss ratio PY,Ratios,True,28,False,Forecast2,Q3,CHC,23.6
Loss ratio PY,Ratios,True,28,False,Forecast2,Q4,Motor,24.2
Loss ratio PY,Ratios,True,28,False,Forecast2,Q4,Travel,23.1
Loss ratio PY,Ratios,True,28,False,Forecast2,Q4,Home,23.6
Loss ratio PY,Ratios,True,28,False,Forecast2,Q4,CHC,22.3
Loss ratio PY,Ratios,True,28,False,Forecast2,2026FY,Motor,23.5
Loss ratio PY,Ratios,True,28,False,Forecast2,2026FY,Travel,23.4
Loss ratio PY,Ratios,True,28,False,Forecast2,2026FY,Home,22.6
Loss ratio PY,Ratios,True,28,False,Forecast2,2026FY,CHC,22.4
Loss ratio PY,Ratios,True,28,False,Actuals,Jan,Motor,22.6
Loss ratio PY,Ratios,True,28,False,Actuals,Jan,Travel,24.2
Loss ratio PY,Ratios,True,28,False,Actuals,Jan,Home,23.4
Loss ratio PY,Ratios,True,28,False,Actuals,Jan,CHC,24.7
Loss ratio PY,Ratios,True,28,False,Actuals,Feb,Motor,24.7
Loss ratio PY,Ratios,True,28,False,Actuals,Feb,Travel,23.0
Loss ratio PY,Ratios,True,28,False,Actuals,Feb,Home,24.3
Loss ratio PY,Ratios,True,28,False,Actuals,Feb,CHC,23.4
Loss ratio PY,Ratios,True,28,False,Actuals,Mar,Motor,23.0
Loss ratio PY,Ratios,True,28,False,Actuals,Mar,Travel,23.1
Loss ratio PY,Ratios,True,28,False,Actuals,Mar,Home,22.5
Loss ratio PY,Ratios,True,28,False,Actuals,Mar,CHC,23.8
Loss ratio PY,Ratios,True,28,False,Actuals,Q1,Motor,22.9
Loss ratio PY,Ratios,True,28,False,Actuals,Q1,Travel,22.7
Loss ratio PY,Ratios,True,28,False,Actuals,Q1,Home,23.2
Loss ratio PY,Ratios,True,28,False,Actuals,Q1,CHC,24.6
Loss ratio PY,Ratios,True,28,False,Actuals,Apr,Motor,23.0
Loss ratio PY,Ratios,True,28,False,Actuals,Apr,Travel,23.8
Loss ratio PY,Ratios,True,28,False,Actuals,Apr,Home,23.4
Loss ratio PY,Ratios,True,28,False,Actuals,Apr,CHC,23.3
Loss ratio PY,Ratios,True,28,False,Actuals,May,Motor,22.3
Loss ratio PY,Ratios,True,28,False,Actuals,May,Travel,24.1
Loss ratio PY,Ratios,True,28,False,Actuals,May,Home,24.1
Loss ratio PY,Ratios,True,28,False,Actuals,May,CHC,23.1
Loss ratio PY,Ratios,True,28,False,Actuals,Jun,Motor,24.1
Loss ratio PY,Ratios,True,28,False,Actuals,Jun,Travel,23.5
Loss ratio PY,Ratios,True,28,False,Actuals,Jun,Home,23.6
Loss ratio PY,Ratios,True,28,False,Actuals,Jun,CHC,22.8
Loss ratio PY,Ratios,True,28,False,Actuals,Q2,Motor,24.2
Loss ratio PY,Ratios,True,28,False,Actuals,Q2,Travel,22.9
Loss ratio PY,Ratios,True,28,False,Actuals,Q2,Home,22.7
Loss ratio PY,Ratios,True,28,False,Actuals,Q2,CHC,22.5
Loss ratio PY,Ratios,True,28,False,Actuals,H1,Motor,23.6
Loss ratio PY,Ratios,True,28,False,Actuals,H1,Travel,23.5
Loss ratio PY,Ratios,True,28,False,Actuals,H1,Home,23.9
Loss ratio PY,Ratios,True,28,False,Actuals,H1,CHC,23.1
Loss ratio PY,Ratios,True,28,False,Actuals,Q3,Motor,24.5
Loss ratio PY,Ratios,True,28,False,Actuals,Q3,Travel,23.3
Loss ratio PY,Ratios,True,28,False,Actuals,Q3,Home,23.2
Loss ratio PY,Ratios,True,28,False,Actuals,Q3,CHC,22.8
Loss ratio PY,Ratios,True,28,False,Actuals,Q4,Motor,22.9
Loss ratio PY,Ratios,True,28,False,Actuals,Q4,Travel,23.5
Loss ratio PY,Ratios,True,28,False,Actuals,Q4,Home,23.0
Loss ratio PY,Ratios,True,28,False,Actuals,Q4,CHC,22.9
Loss ratio PY,Ratios,True,28,False,Actuals,2026FY,Motor,23.5
Loss ratio PY,Ratios,True,28,False,Actuals,2026FY,Travel,22.9
Loss ratio PY,Ratios,True,28,False,Actuals,2026FY,Home,23.6
Loss ratio PY,Ratios,True,28,False,Actuals,2026FY,CHC,23.7
Commission ratio,Ratios,True,29,False,Budget,Jan,Motor,40.3
Commission ratio,Ratios,True,29,False,Budget,Jan,Travel,38.5
Commission ratio,Ratios,True,29,False,Budget,Jan,Home,39.9
Commission ratio,Ratios,True,29,False,Budget,Jan,CHC,40.5
Commission ratio,Ratios,True,29,False,Budget,Feb,Motor,39.4
Commission ratio,Ratios,True,29,False,Budget,Feb,Travel,41.4
Commission ratio,Ratios,True,29,False,Budget,Feb,Home,40.1
Commission ratio,Ratios,True,29,False,Budget,Feb,CHC,39.6
Commission ratio,Ratios,True,29,False,Budget,Mar,Motor,40.2
Commission ratio,Ratios,True,29,False,Budget,Mar,Travel,40.4
Commission ratio,Ratios,True,29,False,Budget,Mar,Home,38.7
Commission ratio,Ratios,True,29,False,Budget,Mar,CHC,41.4
Commission ratio,Ratios,True,29,False,Budget,Q1,Motor,40.2
Commission ratio,Ratios,True,29,False,Budget,Q1,Travel,40.9
Commission ratio,Ratios,True,29,False,Budget,Q1,Home,38.6
Commission ratio,Ratios,True,29,False,Budget,Q1,CHC,37.4
Commission ratio,Ratios,True,29,False,Budget,Apr,Motor,40.3
Commission ratio,Ratios,True,29,False,Budget,Apr,Travel,39.7
Commission ratio,Ratios,True,29,False,Budget,Apr,Home,42.3
Commission ratio,Ratios,True,29,False,Budget,Apr,CHC,40.1
Commission ratio,Ratios,True,29,False,Budget,May,Motor,40.1
Commission ratio,Ratios,True,29,False,Budget,May,Travel,40.6
Commission ratio,Ratios,True,29,False,Budget,May,Home,41.0
Commission ratio,Ratios,True,29,False,Budget,May,CHC,38.0
Commission ratio,Ratios,True,29,False,Budget,Jun,Motor,42.0
Commission ratio,Ratios,True,29,False,Budget,Jun,Travel,41.6
Commission ratio,Ratios,True,29,False,Budget,Jun,Home,39.8
Commission ratio,Ratios,True,29,False,Budget,Jun,CHC,38.4
Commission ratio,Ratios,True,29,False,Budget,Q2,Motor,39.4
Commission ratio,Ratios,True,29,False,Budget,Q2,Travel,38.9
Commission ratio,Ratios,True,29,False,Budget,Q2,Home,40.2
Commission ratio,Ratios,True,29,False,Budget,Q2,CHC,39.7
Commission ratio,Ratios,True,29,False,Budget,H1,Motor,38.7
Commission ratio,Ratios,True,29,False,Budget,H1,Travel,39.9
Commission ratio,Ratios,True,29,False,Budget,H1,Home,40.8
Commission ratio,Ratios,True,29,False,Budget,H1,CHC,39.8
Commission ratio,Ratios,True,29,False,Budget,Q3,Motor,39.5
Commission ratio,Ratios,True,29,False,Budget,Q3,Travel,39.9
Commission ratio,Ratios,True,29,False,Budget,Q3,Home,39.2
Commission ratio,Ratios,True,29,False,Budget,Q3,CHC,38.7
Commission ratio,Ratios,True,29,False,Budget,Q4,Motor,39.7
Commission ratio,Ratios,True,29,False,Budget,Q4,Travel,37.7
Commission ratio,Ratios,True,29,False,Budget,Q4,Home,40.3
Commission ratio,Ratios,True,29,False,Budget,Q4,CHC,41.8
Commission ratio,Ratios,True,29,False,Budget,2026FY,Motor,39.0
Commission ratio,Ratios,True,29,False,Budget,2026FY,Travel,40.0
Commission ratio,Ratios,True,29,False,Budget,2026FY,Home,40.0
Commission ratio,Ratios,True,29,False,Budget,2026FY,CHC,38.0
Commission ratio,Ratios,True,29,False,Forecast1,Jan,Motor,39.2
Commission ratio,Ratios,True,29,False,Forecast1,Jan,Travel,40.6
Commission ratio,Ratios,True,29,False,Forecast1,Jan,Home,42.8
Commission ratio,Ratios,True,29,False,Forecast1,Jan,CHC,40.0
Commission ratio,Ratios,True,29,False,Forecast1,Feb,Motor,40.4
Commission ratio,Ratios,True,29,False,Forecast1,Feb,Travel,40.3
Commission ratio,Ratios,True,29,False,Forecast1,Feb,Home,40.5
Commission ratio,Ratios,True,29,False,Forecast1,Feb,CHC,40.8
Commission ratio,Ratios,True,29,False,Forecast1,Mar,Motor,41.0
Commission ratio,Ratios,True,29,False,Forecast1,Mar,Travel,41.7
Commission ratio,Ratios,True,29,False,Forecast1,Mar,Home,40.1
Commission ratio,Ratios,True,29,False,Forecast1,Mar,CHC,40.7
Commission ratio,Ratios,True,29,False,Forecast1,Q1,Motor,40.0
Commission ratio,Ratios,True,29,False,Forecast1,Q1,Travel,41.0
Commission ratio,Ratios,True,29,False,Forecast1,Q1,Home,40.9
Commission ratio,Ratios,True,29,False,Forecast1,Q1,CHC,40.2
Commission ratio,Ratios,True,29,False,Forecast1,Apr,Motor,39.2
Commission ratio,Ratios,True,29,False,Forecast1,Apr,Travel,41.4
Commission ratio,Ratios,True,29,False,Forecast1,Apr,Home,39.3
Commission ratio,Ratios,True,29,False,Forecast1,Apr,CHC,42.1
Commission ratio,Ratios,True,29,False,Forecast1,May,Motor,40.5
Commission ratio,Ratios,True,29,False,Forecast1,May,Travel,41.8
Commission ratio,Ratios,True,29,False,Forecast1,May,Home,39.9
Commission ratio,Ratios,True,29,False,Forecast1,May,CHC,41.6
Commission ratio,Ratios,True,29,False,Forecast1,Jun,Motor,40.3
Commission ratio,Ratios,True,29,False,Forecast1,Jun,Travel,39.6
Commission ratio,Ratios,True,29,False,Forecast1,Jun,Home,42.1
Commission ratio,Ratios,True,29,False,Forecast1,Jun,CHC,41.6
Commission ratio,Ratios,True,29,False,Forecast1,Q2,Motor,42.4
Commission ratio,Ratios,True,29,False,Forecast1,Q2,Travel,40.6
Commission ratio,Ratios,True,29,False,Forecast1,Q2,Home,40.9
Commission ratio,Ratios,True,29,False,Forecast1,Q2,CHC,41.2
Commission ratio,Ratios,True,29,False,Forecast1,H1,Motor,42.3
Commission ratio,Ratios,True,29,False,Forecast1,H1,Travel,41.8
Commission ratio,Ratios,True,29,False,Forecast1,H1,Home,39.4
Commission ratio,Ratios,True,29,False,Forecast1,H1,CHC,41.8
Commission ratio,Ratios,True,29,False,Forecast1,Q3,Motor,42.3
Commission ratio,Ratios,True,29,False,Forecast1,Q3,Travel,40.0
Commission ratio,Ratios,True,29,False,Forecast1,Q3,Home,40.1
Commission ratio,Ratios,True,29,False,Forecast1,Q3,CHC,42.8
Commission ratio,Ratios,True,29,False,Forecast1,Q4,Motor,41.4
Commission ratio,Ratios,True,29,False,Forecast1,Q4,Travel,43.3
Commission ratio,Ratios,True,29,False,Forecast1,Q4,Home,40.5
Commission ratio,Ratios,True,29,False,Forecast1,Q4,CHC,40.4
Commission ratio,Ratios,True,29,False,Forecast1,2026FY,Motor,42.0
Commission ratio,Ratios,True,29,False,Forecast1,2026FY,Travel,41.3
Commission ratio,Ratios,True,29,False,Forecast1,2026FY,Home,39.1
Commission ratio,Ratios,True,29,False,Forecast1,2026FY,CHC,41.3
Commission ratio,Ratios,True,29,False,Forecast2,Jan,Motor,41.8
Commission ratio,Ratios,True,29,False,Forecast2,Jan,Travel,42.9
Commission ratio,Ratios,True,29,False,Forecast2,Jan,Home,42.2
Commission ratio,Ratios,True,29,False,Forecast2,Jan,CHC,42.7
Commission ratio,Ratios,True,29,False,Forecast2,Feb,Motor,42.4
Commission ratio,Ratios,True,29,False,Forecast2,Feb,Travel,41.3
Commission ratio,Ratios,True,29,False,Forecast2,Feb,Home,43.2
Commission ratio,Ratios,True,29,False,Forecast2,Feb,CHC,43.3
Commission ratio,Ratios,True,29,False,Forecast2,Mar,Motor,42.0
Commission ratio,Ratios,True,29,False,Forecast2,Mar,Travel,42.8
Commission ratio,Ratios,True,29,False,Forecast2,Mar,Home,41.5
Commission ratio,Ratios,True,29,False,Forecast2,Mar,CHC,42.0
Commission ratio,Ratios,True,29,False,Forecast2,Q1,Motor,43.6
Commission ratio,Ratios,True,29,False,Forecast2,Q1,Travel,42.4
Commission ratio,Ratios,True,29,False,Forecast2,Q1,Home,42.0
Commission ratio,Ratios,True,29,False,Forecast2,Q1,CHC,43.8
Commission ratio,Ratios,True,29,False,Forecast2,Apr,Motor,43.0
Commission ratio,Ratios,True,29,False,Forecast2,Apr,Travel,41.4
Commission ratio,Ratios,True,29,False,Forecast2,Apr,Home,42.2
Commission ratio,Ratios,True,29,False,Forecast2,Apr,CHC,42.6
Commission ratio,Ratios,True,29,False,Forecast2,May,Motor,41.5
Commission ratio,Ratios,True,29,False,Forecast2,May,Travel,42.8
Commission ratio,Ratios,True,29,False,Forecast2,May,Home,42.3
Commission ratio,Ratios,True,29,False,Forecast2,May,CHC,41.8
Commission ratio,Ratios,True,29,False,Forecast2,Jun,Motor,40.8
Commission ratio,Ratios,True,29,False,Forecast2,Jun,Travel,41.0
Commission ratio,Ratios,True,29,False,Forecast2,Jun,Home,42.2
Commission ratio,Ratios,True,29,False,Forecast2,Jun,CHC,41.0
Commission ratio,Ratios,True,29,False,Forecast2,Q2,Motor,42.5
Commission ratio,Ratios,True,29,False,Forecast2,Q2,Travel,42.2
Commission ratio,Ratios,True,29,False,Forecast2,Q2,Home,42.7
Commission ratio,Ratios,True,29,False,Forecast2,Q2,CHC,42.0
Commission ratio,Ratios,True,29,False,Forecast2,H1,Motor,43.8
Commission ratio,Ratios,True,29,False,Forecast2,H1,Travel,42.4
Commission ratio,Ratios,True,29,False,Forecast2,H1,Home,42.4
Commission ratio,Ratios,True,29,False,Forecast2,H1,CHC,43.9
Commission ratio,Ratios,True,29,False,Forecast2,Q3,Motor,41.8
Commission ratio,Ratios,True,29,False,Forecast2,Q3,Travel,42.1
Commission ratio,Ratios,True,29,False,Forecast2,Q3,Home,40.1
Commission ratio,Ratios,True,29,False,Forecast2,Q3,CHC,40.5
Commission ratio,Ratios,True,29,False,Forecast2,Q4,Motor,42.0
Commission ratio,Ratios,True,29,False,Forecast2,Q4,Travel,40.9
Commission ratio,Ratios,True,29,False,Forecast2,Q4,Home,41.8
Commission ratio,Ratios,True,29,False,Forecast2,Q4,CHC,43.1
Commission ratio,Ratios,True,29,False,Forecast2,2026FY,Motor,43.4
Commission ratio,Ratios,True,29,False,Forecast2,2026FY,Travel,43.6
Commission ratio,Ratios,True,29,False,Forecast2,2026FY,Home,41.9
Commission ratio,Ratios,True,29,False,Forecast2,2026FY,CHC,42.8
Commission ratio,Ratios,True,29,False,Actuals,Jan,Motor,41.3
Commission ratio,Ratios,True,29,False,Actuals,Jan,Travel,44.4
Commission ratio,Ratios,True,29,False,Actuals,Jan,Home,42.9
Commission ratio,Ratios,True,29,False,Actuals,Jan,CHC,43.8
Commission ratio,Ratios,True,29,False,Actuals,Feb,Motor,43.4
Commission ratio,Ratios,True,29,False,Actuals,Feb,Travel,45.2
Commission ratio,Ratios,True,29,False,Actuals,Feb,Home,43.2
Commission ratio,Ratios,True,29,False,Actuals,Feb,CHC,43.7
Commission ratio,Ratios,True,29,False,Actuals,Mar,Motor,42.8
Commission ratio,Ratios,True,29,False,Actuals,Mar,Travel,42.7
Commission ratio,Ratios,True,29,False,Actuals,Mar,Home,43.2
Commission ratio,Ratios,True,29,False,Actuals,Mar,CHC,42.5
Commission ratio,Ratios,True,29,False,Actuals,Q1,Motor,43.2
Commission ratio,Ratios,True,29,False,Actuals,Q1,Travel,43.8
Commission ratio,Ratios,True,29,False,Actuals,Q1,Home,41.3
Commission ratio,Ratios,True,29,False,Actuals,Q1,CHC,42.4
Commission ratio,Ratios,True,29,False,Actuals,Apr,Motor,44.2
Commission ratio,Ratios,True,29,False,Actuals,Apr,Travel,43.8
Commission ratio,Ratios,True,29,False,Actuals,Apr,Home,42.6
Commission ratio,Ratios,True,29,False,Actuals,Apr,CHC,41.8
Commission ratio,Ratios,True,29,False,Actuals,May,Motor,43.0
Commission ratio,Ratios,True,29,False,Actuals,May,Travel,43.4
Commission ratio,Ratios,True,29,False,Actuals,May,Home,42.2
Commission ratio,Ratios,True,29,False,Actuals,May,CHC,43.2
Commission ratio,Ratios,True,29,False,Actuals,Jun,Motor,41.9
Commission ratio,Ratios,True,29,False,Actuals,Jun,Travel,42.6
Commission ratio,Ratios,True,29,False,Actuals,Jun,Home,42.4
Commission ratio,Ratios,True,29,False,Actuals,Jun,CHC,42.1
Commission ratio,Ratios,True,29,False,Actuals,Q2,Motor,42.6
Commission ratio,Ratios,True,29,False,Actuals,Q2,Travel,44.2
Commission ratio,Ratios,True,29,False,Actuals,Q2,Home,42.9
Commission ratio,Ratios,True,29,False,Actuals,Q2,CHC,43.0
Commission ratio,Ratios,True,29,False,Actuals,H1,Motor,42.7
Commission ratio,Ratios,True,29,False,Actuals,H1,Travel,42.1
Commission ratio,Ratios,True,29,False,Actuals,H1,Home,43.0
Commission ratio,Ratios,True,29,False,Actuals,H1,CHC,43.1
Commission ratio,Ratios,True,29,False,Actuals,Q3,Motor,42.8
Commission ratio,Ratios,True,29,False,Actuals,Q3,Travel,42.3
Commission ratio,Ratios,True,29,False,Actuals,Q3,Home,43.6
Commission ratio,Ratios,True,29,False,Actuals,Q3,CHC,44.5
Commission ratio,Ratios,True,29,False,Actuals,Q4,Motor,41.4
Commission ratio,Ratios,True,29,False,Actuals,Q4,Travel,42.8
Commission ratio,Ratios,True,29,False,Actuals,Q4,Home,44.3
Commission ratio,Ratios,True,29,False,Actuals,Q4,CHC,41.6
Commission ratio,Ratios,True,29,False,Actuals,2026FY,Motor,43.4
Commission ratio,Ratios,True,29,False,Actuals,2026FY,Travel,43.3
Commission ratio,Ratios,True,29,False,Actuals,2026FY,Home,42.4
Commission ratio,Ratios,True,29,False,Actuals,2026FY,CHC,43.1
CHC ratio,Ratios,True,30,False,Budget,Jan,Motor,13.0
CHC ratio,Ratios,True,30,False,Budget,Jan,Travel,12.8
CHC ratio,Ratios,True,30,False,Budget,Jan,Home,12.7
CHC ratio,Ratios,True,30,False,Budget,Jan,CHC,13.1
CHC ratio,Ratios,True,30,False,Budget,Feb,Motor,12.4
CHC ratio,Ratios,True,30,False,Budget,Feb,Travel,13.4
CHC ratio,Ratios,True,30,False,Budget,Feb,Home,12.5
CHC ratio,Ratios,True,30,False,Budget,Feb,CHC,12.2
CHC ratio,Ratios,True,30,False,Budget,Mar,Motor,13.5
CHC ratio,Ratios,True,30,False,Budget,Mar,Travel,11.9
CHC ratio,Ratios,True,30,False,Budget,Mar,Home,13.1
CHC ratio,Ratios,True,30,False,Budget,Mar,CHC,13.2
CHC ratio,Ratios,True,30,False,Budget,Q1,Motor,13.2
CHC ratio,Ratios,True,30,False,Budget,Q1,Travel,12.8
CHC ratio,Ratios,True,30,False,Budget,Q1,Home,12.2
CHC ratio,Ratios,True,30,False,Budget,Q1,CHC,13.0
CHC ratio,Ratios,True,30,False,Budget,Apr,Motor,12.4
CHC ratio,Ratios,True,30,False,Budget,Apr,Travel,13.9
CHC ratio,Ratios,True,30,False,Budget,Apr,Home,13.1
CHC ratio,Ratios,True,30,False,Budget,Apr,CHC,13.5
CHC ratio,Ratios,True,30,False,Budget,May,Motor,12.6
CHC ratio,Ratios,True,30,False,Budget,May,Travel,13.7
CHC ratio,Ratios,True,30,False,Budget,May,Home,13.6
CHC ratio,Ratios,True,30,False,Budget,May,CHC,12.7
CHC ratio,Ratios,True,30,False,Budget,Jun,Motor,13.3
CHC ratio,Ratios,True,30,False,Budget,Jun,Travel,12.2
CHC ratio,Ratios,True,30,False,Budget,Jun,Home,12.4
CHC ratio,Ratios,True,30,False,Budget,Jun,CHC,12.7
CHC ratio,Ratios,True,30,False,Budget,Q2,Motor,12.3
CHC ratio,Ratios,True,30,False,Budget,Q2,Travel,14.5
CHC ratio,Ratios,True,30,False,Budget,Q2,Home,13.5
CHC ratio,Ratios,True,30,False,Budget,Q2,CHC,13.0
CHC ratio,Ratios,True,30,False,Budget,H1,Motor,12.7
CHC ratio,Ratios,True,30,False,Budget,H1,Travel,13.3
CHC ratio,Ratios,True,30,False,Budget,H1,Home,12.2
CHC ratio,Ratios,True,30,False,Budget,H1,CHC,11.9
CHC ratio,Ratios,True,30,False,Budget,Q3,Motor,12.4
CHC ratio,Ratios,True,30,False,Budget,Q3,Travel,13.6
CHC ratio,Ratios,True,30,False,Budget,Q3,Home,13.3
CHC ratio,Ratios,True,30,False,Budget,Q3,CHC,13.9
CHC ratio,Ratios,True,30,False,Budget,Q4,Motor,13.0
CHC ratio,Ratios,True,30,False,Budget,Q4,Travel,12.8
CHC ratio,Ratios,True,30,False,Budget,Q4,Home,12.9
CHC ratio,Ratios,True,30,False,Budget,Q4,CHC,12.9
CHC ratio,Ratios,True,30,False,Budget,2026FY,Motor,11.7
CHC ratio,Ratios,True,30,False,Budget,2026FY,Travel,13.4
CHC ratio,Ratios,True,30,False,Budget,2026FY,Home,12.9
CHC ratio,Ratios,True,30,False,Budget,2026FY,CHC,13.0
CHC ratio,Ratios,True,30,False,Forecast1,Jan,Motor,12.9
CHC ratio,Ratios,True,30,False,Forecast1,Jan,Travel,14.2
CHC ratio,Ratios,True,30,False,Forecast1,Jan,Home,13.5
CHC ratio,Ratios,True,30,False,Forecast1,Jan,CHC,13.9
CHC ratio,Ratios,True,30,False,Forecast1,Feb,Motor,13.5
CHC ratio,Ratios,True,30,False,Forecast1,Feb,Travel,13.1
CHC ratio,Ratios,True,30,False,Forecast1,Feb,Home,14.2
CHC ratio,Ratios,True,30,False,Forecast1,Feb,CHC,12.2
CHC ratio,Ratios,True,30,False,Forecast1,Mar,Motor,13.1
CHC ratio,Ratios,True,30,False,Forecast1,Mar,Travel,13.0
CHC ratio,Ratios,True,30,False,Forecast1,Mar,Home,14.1
CHC ratio,Ratios,True,30,False,Forecast1,Mar,CHC,13.5
CHC ratio,Ratios,True,30,False,Forecast1,Q1,Motor,13.3
CHC ratio,Ratios,True,30,False,Forecast1,Q1,Travel,13.9
CHC ratio,Ratios,True,30,False,Forecast1,Q1,Home,13.9
CHC ratio,Ratios,True,30,False,Forecast1,Q1,CHC,13.7
CHC ratio,Ratios,True,30,False,Forecast1,Apr,Motor,12.8
CHC ratio,Ratios,True,30,False,Forecast1,Apr,Travel,13.3
CHC ratio,Ratios,True,30,False,Forecast1,Apr,Home,13.5
CHC ratio,Ratios,True,30,False,Forecast1,Apr,CHC,13.1
CHC ratio,Ratios,True,30,False,Forecast1,May,Motor,13.5
CHC ratio,Ratios,True,30,False,Forecast1,May,Travel,14.1
CHC ratio,Ratios,True,30,False,Forecast1,May,Home,12.9
CHC ratio,Ratios,True,30,False,Forecast1,May,CHC,13.5
CHC ratio,Ratios,True,30,False,Forecast1,Jun,Motor,13.6
CHC ratio,Ratios,True,30,False,Forecast1,Jun,Travel,14.1
CHC ratio,Ratios,True,30,False,Forecast1,Jun,Home,13.7
CHC ratio,Ratios,True,30,False,Forecast1,Jun,CHC,13.4
CHC ratio,Ratios,True,30,False,Forecast1,Q2,Motor,12.6
CHC ratio,Ratios,True,30,False,Forecast1,Q2,Travel,13.0
CHC ratio,Ratios,True,30,False,Forecast1,Q2,Home,12.6
CHC ratio,Ratios,True,30,False,Forecast1,Q2,CHC,14.2
CHC ratio,Ratios,True,30,False,Forecast1,H1,Motor,13.4
CHC ratio,Ratios,True,30,False,Forecast1,H1,Travel,13.6
CHC ratio,Ratios,True,30,False,Forecast1,H1,Home,13.4
CHC ratio,Ratios,True,30,False,Forecast1,H1,CHC,13.9
CHC ratio,Ratios,True,30,False,Forecast1,Q3,Motor,13.4
CHC ratio,Ratios,True,30,False,Forecast1,Q3,Travel,14.0
CHC ratio,Ratios,True,30,False,Forecast1,Q3,Home,13.7
CHC ratio,Ratios,True,30,False,Forecast1,Q3,CHC,13.6
CHC ratio,Ratios,True,30,False,Forecast1,Q4,Motor,13.7
CHC ratio,Ratios,True,30,False,Forecast1,Q4,Travel,13.9
CHC ratio,Ratios,True,30,False,Forecast1,Q4,Home,12.6
CHC ratio,Ratios,True,30,False,Forecast1,Q4,CHC,13.6
CHC ratio,Ratios,True,30,False,Forecast1,2026FY,Motor,13.8
CHC ratio,Ratios,True,30,False,Forecast1,2026FY,Travel,13.1
CHC ratio,Ratios,True,30,False,Forecast1,2026FY,Home,13.1
CHC ratio,Ratios,True,30,False,Forecast1,2026FY,CHC,13.4
CHC ratio,Ratios,True,30,False,Forecast2,Jan,Motor,13.6
CHC ratio,Ratios,True,30,False,Forecast2,Jan,Travel,13.7
CHC ratio,Ratios,True,30,False,Forecast2,Jan,Home,13.4
CHC ratio,Ratios,True,30,False,Forecast2,Jan,CHC,13.5
CHC ratio,Ratios,True,30,False,Forecast2,Feb,Motor,13.7
CHC ratio,Ratios,True,30,False,Forecast2,Feb,Travel,14.2
CHC ratio,Ratios,True,30,False,Forecast2,Feb,Home,13.0
CHC ratio,Ratios,True,30,False,Forecast2,Feb,CHC,13.9
CHC ratio,Ratios,True,30,False,Forecast2,Mar,Motor,13.7
CHC ratio,Ratios,True,30,False,Forecast2,Mar,Travel,13.0
CHC ratio,Ratios,True,30,False,Forecast2,Mar,Home,13.4
CHC ratio,Ratios,True,30,False,Forecast2,Mar,CHC,12.4
CHC ratio,Ratios,True,30,False,Forecast2,Q1,Motor,14.4
CHC ratio,Ratios,True,30,False,Forecast2,Q1,Travel,13.9
CHC ratio,Ratios,True,30,False,Forecast2,Q1,Home,14.9
CHC ratio,Ratios,True,30,False,Forecast2,Q1,CHC,12.4
CHC ratio,Ratios,True,30,False,Forecast2,Apr,Motor,13.2
CHC ratio,Ratios,True,30,False,Forecast2,Apr,Travel,13.5
CHC ratio,Ratios,True,30,False,Forecast2,Apr,Home,14.6
CHC ratio,Ratios,True,30,False,Forecast2,Apr,CHC,14.2
CHC ratio,Ratios,True,30,False,Forecast2,May,Motor,13.8
CHC ratio,Ratios,True,30,False,Forecast2,May,Travel,13.9
CHC ratio,Ratios,True,30,False,Forecast2,May,Home,13.5
CHC ratio,Ratios,True,30,False,Forecast2,May,CHC,13.5
CHC ratio,Ratios,True,30,False,Forecast2,Jun,Motor,14.4
CHC ratio,Ratios,True,30,False,Forecast2,Jun,Travel,12.9
CHC ratio,Ratios,True,30,False,Forecast2,Jun,Home,14.2
CHC ratio,Ratios,True,30,False,Forecast2,Jun,CHC,13.1
CHC ratio,Ratios,True,30,False,Forecast2,Q2,Motor,12.9
CHC ratio,Ratios,True,30,False,Forecast2,Q2,Travel,13.8
CHC ratio,Ratios,True,30,False,Forecast2,Q2,Home,13.0
CHC ratio,Ratios,True,30,False,Forecast2,Q2,CHC,13.2
CHC ratio,Ratios,True,30,False,Forecast2,H1,Motor,13.3
CHC ratio,Ratios,True,30,False,Forecast2,H1,Travel,13.8
CHC ratio,Ratios,True,30,False,Forecast2,H1,Home,14.5
CHC ratio,Ratios,True,30,False,Forecast2,H1,CHC,13.8
CHC ratio,Ratios,True,30,False,Forecast2,Q3,Motor,13.6
CHC ratio,Ratios,True,30,False,Forecast2,Q3,Travel,13.7
CHC ratio,Ratios,True,30,False,Forecast2,Q3,Home,13.3
CHC ratio,Ratios,True,30,False,Forecast2,Q3,CHC,13.4
CHC ratio,Ratios,True,30,False,Forecast2,Q4,Motor,14.1
CHC ratio,Ratios,True,30,False,Forecast2,Q4,Travel,13.7
CHC ratio,Ratios,True,30,False,Forecast2,Q4,Home,12.9
CHC ratio,Ratios,True,30,False,Forecast2,Q4,CHC,14.1
CHC ratio,Ratios,True,30,False,Forecast2,2026FY,Motor,13.8
CHC ratio,Ratios,True,30,False,Forecast2,2026FY,Travel,14.2
CHC ratio,Ratios,True,30,False,Forecast2,2026FY,Home,13.8
CHC ratio,Ratios,True,30,False,Forecast2,2026FY,CHC,12.2
CHC ratio,Ratios,True,30,False,Actuals,Jan,Motor,12.9
CHC ratio,Ratios,True,30,False,Actuals,Jan,Travel,13.8
CHC ratio,Ratios,True,30,False,Actuals,Jan,Home,13.4
CHC ratio,Ratios,True,30,False,Actuals,Jan,CHC,14.3
CHC ratio,Ratios,True,30,False,Actuals,Feb,Motor,13.4
CHC ratio,Ratios,True,30,False,Actuals,Feb,Travel,14.0
CHC ratio,Ratios,True,30,False,Actuals,Feb,Home,13.7
CHC ratio,Ratios,True,30,False,Actuals,Feb,CHC,13.5
CHC ratio,Ratios,True,30,False,Actuals,Mar,Motor,13.5
CHC ratio,Ratios,True,30,False,Actuals,Mar,Travel,14.3
CHC ratio,Ratios,True,30,False,Actuals,Mar,Home,13.3
CHC ratio,Ratios,True,30,False,Actuals,Mar,CHC,13.0
CHC ratio,Ratios,True,30,False,Actuals,Q1,Motor,14.1
CHC ratio,Ratios,True,30,False,Actuals,Q1,Travel,13.8
CHC ratio,Ratios,True,30,False,Actuals,Q1,Home,13.2
CHC ratio,Ratios,True,30,False,Actuals,Q1,CHC,14.2
CHC ratio,Ratios,True,30,False,Actuals,Apr,Motor,14.0
CHC ratio,Ratios,True,30,False,Actuals,Apr,Travel,13.4
CHC ratio,Ratios,True,30,False,Actuals,Apr,Home,13.7
CHC ratio,Ratios,True,30,False,Actuals,Apr,CHC,13.8
CHC ratio,Ratios,True,30,False,Actuals,May,Motor,12.8
CHC ratio,Ratios,True,30,False,Actuals,May,Travel,13.7
CHC ratio,Ratios,True,30,False,Actuals,May,Home,13.7
CHC ratio,Ratios,True,30,False,Actuals,May,CHC,14.0
CHC ratio,Ratios,True,30,False,Actuals,Jun,Motor,13.1
CHC ratio,Ratios,True,30,False,Actuals,Jun,Travel,13.5
CHC ratio,Ratios,True,30,False,Actuals,Jun,Home,15.3
CHC ratio,Ratios,True,30,False,Actuals,Jun,CHC,13.1
CHC ratio,Ratios,True,30,False,Actuals,Q2,Motor,14.7
CHC ratio,Ratios,True,30,False,Actuals,Q2,Travel,13.5
CHC ratio,Ratios,True,30,False,Actuals,Q2,Home,14.5
CHC ratio,Ratios,True,30,False,Actuals,Q2,CHC,13.8
CHC ratio,Ratios,True,30,False,Actuals,H1,Motor,14.8
CHC ratio,Ratios,True,30,False,Actuals,H1,Travel,13.7
CHC ratio,Ratios,True,30,False,Actuals,H1,Home,13.6
CHC ratio,Ratios,True,30,False,Actuals,H1,CHC,13.3
CHC ratio,Ratios,True,30,False,Actuals,Q3,Motor,14.1
CHC ratio,Ratios,True,30,False,Actuals,Q3,Travel,14.5
CHC ratio,Ratios,True,30,False,Actuals,Q3,Home,14.3
CHC ratio,Ratios,True,30,False,Actuals,Q3,CHC,14.8
CHC ratio,Ratios,True,30,False,Actuals,Q4,Motor,13.6
CHC ratio,Ratios,True,30,False,Actuals,Q4,Travel,13.6
CHC ratio,Ratios,True,30,False,Actuals,Q4,Home,14.4
CHC ratio,Ratios,True,30,False,Actuals,Q4,CHC,13.4
CHC ratio,Ratios,True,30,False,Actuals,2026FY,Motor,13.8
CHC ratio,Ratios,True,30,False,Actuals,2026FY,Travel,14.2
CHC ratio,Ratios,True,30,False,Actuals,2026FY,Home,14.3
CHC ratio,Ratios,True,30,False,Actuals,2026FY,CHC,13.8
NCE ratio,Ratios,True,31,False,Budget,Jan,Motor,7.6
NCE ratio,Ratios,True,31,False,Budget,Jan,Travel,8.3
NCE ratio,Ratios,True,31,False,Budget,Jan,Home,8.9
NCE ratio,Ratios,True,31,False,Budget,Jan,CHC,8.3
NCE ratio,Ratios,True,31,False,Budget,Feb,Motor,8.2
NCE ratio,Ratios,True,31,False,Budget,Feb,Travel,7.4
NCE ratio,Ratios,True,31,False,Budget,Feb,Home,6.7
NCE ratio,Ratios,True,31,False,Budget,Feb,CHC,7.6
NCE ratio,Ratios,True,31,False,Budget,Mar,Motor,7.8
NCE ratio,Ratios,True,31,False,Budget,Mar,Travel,7.3
NCE ratio,Ratios,True,31,False,Budget,Mar,Home,8.4
NCE ratio,Ratios,True,31,False,Budget,Mar,CHC,8.6
NCE ratio,Ratios,True,31,False,Budget,Q1,Motor,7.7
NCE ratio,Ratios,True,31,False,Budget,Q1,Travel,7.3
NCE ratio,Ratios,True,31,False,Budget,Q1,Home,8.5
NCE ratio,Ratios,True,31,False,Budget,Q1,CHC,8.8
NCE ratio,Ratios,True,31,False,Budget,Apr,Motor,8.6
NCE ratio,Ratios,True,31,False,Budget,Apr,Travel,8.7
NCE ratio,Ratios,True,31,False,Budget,Apr,Home,8.4
NCE ratio,Ratios,True,31,False,Budget,Apr,CHC,8.1
NCE ratio,Ratios,True,31,False,Budget,May,Motor,8.7
NCE ratio,Ratios,True,31,False,Budget,May,Travel,7.3
NCE ratio,Ratios,True,31,False,Budget,May,Home,8.1
NCE ratio,Ratios,True,31,False,Budget,May,CHC,8.6
NCE ratio,Ratios,True,31,False,Budget,Jun,Motor,7.4
NCE ratio,Ratios,True,31,False,Budget,Jun,Travel,7.1
NCE ratio,Ratios,True,31,False,Budget,Jun,Home,8.1
NCE ratio,Ratios,True,31,False,Budget,Jun,CHC,7.2
NCE ratio,Ratios,True,31,False,Budget,Q2,Motor,8.3
NCE ratio,Ratios,True,31,False,Budget,Q2,Travel,8.1
NCE ratio,Ratios,True,31,False,Budget,Q2,Home,8.0
NCE ratio,Ratios,True,31,False,Budget,Q2,CHC,7.4
NCE ratio,Ratios,True,31,False,Budget,H1,Motor,7.9
NCE ratio,Ratios,True,31,False,Budget,H1,Travel,8.4
NCE ratio,Ratios,True,31,False,Budget,H1,Home,7.6
NCE ratio,Ratios,True,31,False,Budget,H1,CHC,8.6
NCE ratio,Ratios,True,31,False,Budget,Q3,Motor,7.8
NCE ratio,Ratios,True,31,False,Budget,Q3,Travel,8.4
NCE ratio,Ratios,True,31,False,Budget,Q3,Home,7.1
NCE ratio,Ratios,True,31,False,Budget,Q3,CHC,8.0
NCE ratio,Ratios,True,31,False,Budget,Q4,Motor,8.0
NCE ratio,Ratios,True,31,False,Budget,Q4,Travel,8.6
NCE ratio,Ratios,True,31,False,Budget,Q4,Home,8.9
NCE ratio,Ratios,True,31,False,Budget,Q4,CHC,8.1
NCE ratio,Ratios,True,31,False,Budget,2026FY,Motor,9.4
NCE ratio,Ratios,True,31,False,Budget,2026FY,Travel,7.7
NCE ratio,Ratios,True,31,False,Budget,2026FY,Home,7.7
NCE ratio,Ratios,True,31,False,Budget,2026FY,CHC,8.0
NCE ratio,Ratios,True,31,False,Forecast1,Jan,Motor,7.1
NCE ratio,Ratios,True,31,False,Forecast1,Jan,Travel,9.0
NCE ratio,Ratios,True,31,False,Forecast1,Jan,Home,8.4
NCE ratio,Ratios,True,31,False,Forecast1,Jan,CHC,8.2
NCE ratio,Ratios,True,31,False,Forecast1,Feb,Motor,7.8
NCE ratio,Ratios,True,31,False,Forecast1,Feb,Travel,7.9
NCE ratio,Ratios,True,31,False,Forecast1,Feb,Home,7.6
NCE ratio,Ratios,True,31,False,Forecast1,Feb,CHC,8.2
NCE ratio,Ratios,True,31,False,Forecast1,Mar,Motor,9.0
NCE ratio,Ratios,True,31,False,Forecast1,Mar,Travel,7.8
NCE ratio,Ratios,True,31,False,Forecast1,Mar,Home,9.0
NCE ratio,Ratios,True,31,False,Forecast1,Mar,CHC,7.9
NCE ratio,Ratios,True,31,False,Forecast1,Q1,Motor,8.5
NCE ratio,Ratios,True,31,False,Forecast1,Q1,Travel,8.1
NCE ratio,Ratios,True,31,False,Forecast1,Q1,Home,8.3
NCE ratio,Ratios,True,31,False,Forecast1,Q1,CHC,9.1
NCE ratio,Ratios,True,31,False,Forecast1,Apr,Motor,8.8
NCE ratio,Ratios,True,31,False,Forecast1,Apr,Travel,8.4
NCE ratio,Ratios,True,31,False,Forecast1,Apr,Home,8.1
NCE ratio,Ratios,True,31,False,Forecast1,Apr,CHC,7.0
NCE ratio,Ratios,True,31,False,Forecast1,May,Motor,7.7
NCE ratio,Ratios,True,31,False,Forecast1,May,Travel,7.9
NCE ratio,Ratios,True,31,False,Forecast1,May,Home,8.7
NCE ratio,Ratios,True,31,False,Forecast1,May,CHC,7.9
NCE ratio,Ratios,True,31,False,Forecast1,Jun,Motor,8.4
NCE ratio,Ratios,True,31,False,Forecast1,Jun,Travel,8.8
NCE ratio,Ratios,True,31,False,Forecast1,Jun,Home,7.8
NCE ratio,Ratios,True,31,False,Forecast1,Jun,CHC,7.9
NCE ratio,Ratios,True,31,False,Forecast1,Q2,Motor,8.3
NCE ratio,Ratios,True,31,False,Forecast1,Q2,Travel,8.3
NCE ratio,Ratios,True,31,False,Forecast1,Q2,Home,8.3
NCE ratio,Ratios,True,31,False,Forecast1,Q2,CHC,7.7
NCE ratio,Ratios,True,31,False,Forecast1,H1,Motor,7.6
NCE ratio,Ratios,True,31,False,Forecast1,H1,Travel,8.0
NCE ratio,Ratios,True,31,False,Forecast1,H1,Home,8.4
NCE ratio,Ratios,True,31,False,Forecast1,H1,CHC,7.8
NCE ratio,Ratios,True,31,False,Forecast1,Q3,Motor,9.0
NCE ratio,Ratios,True,31,False,Forecast1,Q3,Travel,7.6
NCE ratio,Ratios,True,31,False,Forecast1,Q3,Home,8.4
NCE ratio,Ratios,True,31,False,Forecast1,Q3,CHC,7.2
NCE ratio,Ratios,True,31,False,Forecast1,Q4,Motor,7.6
NCE ratio,Ratios,True,31,False,Forecast1,Q4,Travel,8.2
NCE ratio,Ratios,True,31,False,Forecast1,Q4,Home,8.3
NCE ratio,Ratios,True,31,False,Forecast1,Q4,CHC,9.1
NCE ratio,Ratios,True,31,False,Forecast1,2026FY,Motor,8.6
NCE ratio,Ratios,True,31,False,Forecast1,2026FY,Travel,8.2
NCE ratio,Ratios,True,31,False,Forecast1,2026FY,Home,8.4
NCE ratio,Ratios,True,31,False,Forecast1,2026FY,CHC,8.9
NCE ratio,Ratios,True,31,False,Forecast2,Jan,Motor,9.0
NCE ratio,Ratios,True,31,False,Forecast2,Jan,Travel,7.2
NCE ratio,Ratios,True,31,False,Forecast2,Jan,Home,8.9
NCE ratio,Ratios,True,31,False,Forecast2,Jan,CHC,8.2
NCE ratio,Ratios,True,31,False,Forecast2,Feb,Motor,9.1
NCE ratio,Ratios,True,31,False,Forecast2,Feb,Travel,8.2
NCE ratio,Ratios,True,31,False,Forecast2,Feb,Home,8.1
NCE ratio,Ratios,True,31,False,Forecast2,Feb,CHC,8.8
NCE ratio,Ratios,True,31,False,Forecast2,Mar,Motor,8.7
NCE ratio,Ratios,True,31,False,Forecast2,Mar,Travel,8.4
NCE ratio,Ratios,True,31,False,Forecast2,Mar,Home,7.9
NCE ratio,Ratios,True,31,False,Forecast2,Mar,CHC,7.4
NCE ratio,Ratios,True,31,False,Forecast2,Q1,Motor,7.8
NCE ratio,Ratios,True,31,False,Forecast2,Q1,Travel,8.5
NCE ratio,Ratios,True,31,False,Forecast2,Q1,Home,8.2
NCE ratio,Ratios,True,31,False,Forecast2,Q1,CHC,8.2
NCE ratio,Ratios,True,31,False,Forecast2,Apr,Motor,8.5
NCE ratio,Ratios,True,31,False,Forecast2,Apr,Travel,6.9
NCE ratio,Ratios,True,31,False,Forecast2,Apr,Home,8.7
NCE ratio,Ratios,True,31,False,Forecast2,Apr,CHC,8.8
NCE ratio,Ratios,True,31,False,Forecast2,May,Motor,8.4
NCE ratio,Ratios,True,31,False,Forecast2,May,Travel,9.3
NCE ratio,Ratios,True,31,False,Forecast2,May,Home,8.3
NCE ratio,Ratios,True,31,False,Forecast2,May,CHC,8.9
NCE ratio,Ratios,True,31,False,Forecast2,Jun,Motor,8.3
NCE ratio,Ratios,True,31,False,Forecast2,Jun,Travel,8.4
NCE ratio,Ratios,True,31,False,Forecast2,Jun,Home,7.5
NCE ratio,Ratios,True,31,False,Forecast2,Jun,CHC,8.6
NCE ratio,Ratios,True,31,False,Forecast2,Q2,Motor,8.7
NCE ratio,Ratios,True,31,False,Forecast2,Q2,Travel,8.4
NCE ratio,Ratios,True,31,False,Forecast2,Q2,Home,8.6
NCE ratio,Ratios,True,31,False,Forecast2,Q2,CHC,8.3
NCE ratio,Ratios,True,31,False,Forecast2,H1,Motor,8.3
NCE ratio,Ratios,True,31,False,Forecast2,H1,Travel,8.0
NCE ratio,Ratios,True,31,False,Forecast2,H1,Home,8.6
NCE ratio,Ratios,True,31,False,Forecast2,H1,CHC,8.2
NCE ratio,Ratios,True,31,False,Forecast2,Q3,Motor,8.2
NCE ratio,Ratios,True,31,False,Forecast2,Q3,Travel,9.1
NCE ratio,Ratios,True,31,False,Forecast2,Q3,Home,9.4
NCE ratio,Ratios,True,31,False,Forecast2,Q3,CHC,9.0
NCE ratio,Ratios,True,31,False,Forecast2,Q4,Motor,7.8
NCE ratio,Ratios,True,31,False,Forecast2,Q4,Travel,8.9
NCE ratio,Ratios,True,31,False,Forecast2,Q4,Home,8.2
NCE ratio,Ratios,True,31,False,Forecast2,Q4,CHC,8.6
NCE ratio,Ratios,True,31,False,Forecast2,2026FY,Motor,7.7
NCE ratio,Ratios,True,31,False,Forecast2,2026FY,Travel,7.8
NCE ratio,Ratios,True,31,False,Forecast2,2026FY,Home,7.2
NCE ratio,Ratios,True,31,False,Forecast2,2026FY,CHC,8.3
NCE ratio,Ratios,True,31,False,Actuals,Jan,Motor,7.5
NCE ratio,Ratios,True,31,False,Actuals,Jan,Travel,8.3
NCE ratio,Ratios,True,31,False,Actuals,Jan,Home,9.8
NCE ratio,Ratios,True,31,False,Actuals,Jan,CHC,8.7
NCE ratio,Ratios,True,31,False,Actuals,Feb,Motor,8.4
NCE ratio,Ratios,True,31,False,Actuals,Feb,Travel,8.3
NCE ratio,Ratios,True,31,False,Actuals,Feb,Home,8.3
NCE ratio,Ratios,True,31,False,Actuals,Feb,CHC,8.3
NCE ratio,Ratios,True,31,False,Actuals,Mar,Motor,8.4
NCE ratio,Ratios,True,31,False,Actuals,Mar,Travel,8.0
NCE ratio,Ratios,True,31,False,Actuals,Mar,Home,7.8
NCE ratio,Ratios,True,31,False,Actuals,Mar,CHC,8.3
NCE ratio,Ratios,True,31,False,Actuals,Q1,Motor,8.2
NCE ratio,Ratios,True,31,False,Actuals,Q1,Travel,8.4
NCE ratio,Ratios,True,31,False,Actuals,Q1,Home,9.2
NCE ratio,Ratios,True,31,False,Actuals,Q1,CHC,8.8
NCE ratio,Ratios,True,31,False,Actuals,Apr,Motor,8.5
NCE ratio,Ratios,True,31,False,Actuals,Apr,Travel,8.0
NCE ratio,Ratios,True,31,False,Actuals,Apr,Home,7.7
NCE ratio,Ratios,True,31,False,Actuals,Apr,CHC,9.4
NCE ratio,Ratios,True,31,False,Actuals,May,Motor,8.4
NCE ratio,Ratios,True,31,False,Actuals,May,Travel,8.9
NCE ratio,Ratios,True,31,False,Actuals,May,Home,9.4
NCE ratio,Ratios,True,31,False,Actuals,May,CHC,9.0
NCE ratio,Ratios,True,31,False,Actuals,Jun,Motor,9.1
NCE ratio,Ratios,True,31,False,Actuals,Jun,Travel,8.3
NCE ratio,Ratios,True,31,False,Actuals,Jun,Home,7.8
NCE ratio,Ratios,True,31,False,Actuals,Jun,CHC,9.0
NCE ratio,Ratios,True,31,False,Actuals,Q2,Motor,8.1
NCE ratio,Ratios,True,31,False,Actuals,Q2,Travel,7.9
NCE ratio,Ratios,True,31,False,Actuals,Q2,Home,8.3
NCE ratio,Ratios,True,31,False,Actuals,Q2,CHC,7.7
NCE ratio,Ratios,True,31,False,Actuals,H1,Motor,8.6
NCE ratio,Ratios,True,31,False,Actuals,H1,Travel,8.3
NCE ratio,Ratios,True,31,False,Actuals,H1,Home,8.2
NCE ratio,Ratios,True,31,False,Actuals,H1,CHC,9.2
NCE ratio,Ratios,True,31,False,Actuals,Q3,Motor,8.4
NCE ratio,Ratios,True,31,False,Actuals,Q3,Travel,10.5
NCE ratio,Ratios,True,31,False,Actuals,Q3,Home,8.6
NCE ratio,Ratios,True,31,False,Actuals,Q3,CHC,8.2
NCE ratio,Ratios,True,31,False,Actuals,Q4,Motor,7.9
NCE ratio,Ratios,True,31,False,Actuals,Q4,Travel,7.8
NCE ratio,Ratios,True,31,False,Actuals,Q4,Home,8.7
NCE ratio,Ratios,True,31,False,Actuals,Q4,CHC,8.4
NCE ratio,Ratios,True,31,False,Actuals,2026FY,Motor,8.6
NCE ratio,Ratios,True,31,False,Actuals,2026FY,Travel,8.2
NCE ratio,Ratios,True,31,False,Actuals,2026FY,Home,8.0
NCE ratio,Ratios,True,31,False,Actuals,2026FY,CHC,8.9
CoR CY,Ratios,True,32,True,Budget,Jan,Motor,82.4
CoR CY,Ratios,True,32,True,Budget,Jan,Travel,84.1
CoR CY,Ratios,True,32,True,Budget,Jan,Home,82.5
CoR CY,Ratios,True,32,True,Budget,Jan,CHC,85.9
CoR CY,Ratios,True,32,True,Budget,Feb,Motor,83.1
CoR CY,Ratios,True,32,True,Budget,Feb,Travel,83.4
CoR CY,Ratios,True,32,True,Budget,Feb,Home,79.0
CoR CY,Ratios,True,32,True,Budget,Feb,CHC,82.5
CoR CY,Ratios,True,32,True,Budget,Mar,Motor,82.4
CoR CY,Ratios,True,32,True,Budget,Mar,Travel,82.1
CoR CY,Ratios,True,32,True,Budget,Mar,Home,83.4
CoR CY,Ratios,True,32,True,Budget,Mar,CHC,84.7
CoR CY,Ratios,True,32,True,Budget,Q1,Motor,85.2
CoR CY,Ratios,True,32,True,Budget,Q1,Travel,81.6
CoR CY,Ratios,True,32,True,Budget,Q1,Home,82.8
CoR CY,Ratios,True,32,True,Budget,Q1,CHC,85.6
CoR CY,Ratios,True,32,True,Budget,Apr,Motor,80.6
CoR CY,Ratios,True,32,True,Budget,Apr,Travel,80.4
CoR CY,Ratios,True,32,True,Budget,Apr,Home,82.7
CoR CY,Ratios,True,32,True,Budget,Apr,CHC,81.4
CoR CY,Ratios,True,32,True,Budget,May,Motor,80.2
CoR CY,Ratios,True,32,True,Budget,May,Travel,80.5
CoR CY,Ratios,True,32,True,Budget,May,Home,84.1
CoR CY,Ratios,True,32,True,Budget,May,CHC,87.5
CoR CY,Ratios,True,32,True,Budget,Jun,Motor,85.0
CoR CY,Ratios,True,32,True,Budget,Jun,Travel,83.7
CoR CY,Ratios,True,32,True,Budget,Jun,Home,83.6
CoR CY,Ratios,True,32,True,Budget,Jun,CHC,82.0
CoR CY,Ratios,True,32,True,Budget,Q2,Motor,83.3
CoR CY,Ratios,True,32,True,Budget,Q2,Travel,81.2
CoR CY,Ratios,True,32,True,Budget,Q2,Home,86.8
CoR CY,Ratios,True,32,True,Budget,Q2,CHC,85.3
CoR CY,Ratios,True,32,True,Budget,H1,Motor,84.0
CoR CY,Ratios,True,32,True,Budget,H1,Travel,84.6
CoR CY,Ratios,True,32,True,Budget,H1,Home,81.5
CoR CY,Ratios,True,32,True,Budget,H1,CHC,82.2
CoR CY,Ratios,True,32,True,Budget,Q3,Motor,80.6
CoR CY,Ratios,True,32,True,Budget,Q3,Travel,81.7
CoR CY,Ratios,True,32,True,Budget,Q3,Home,82.9
CoR CY,Ratios,True,32,True,Budget,Q3,CHC,84.5
CoR CY,Ratios,True,32,True,Budget,Q4,Motor,85.1
CoR CY,Ratios,True,32,True,Budget,Q4,Travel,81.8
CoR CY,Ratios,True,32,True,Budget,Q4,Home,84.0
CoR CY,Ratios,True,32,True,Budget,Q4,CHC,83.2
CoR CY,Ratios,True,32,True,Budget,2026FY,Motor,83.4
CoR CY,Ratios,True,32,True,Budget,2026FY,Travel,84.1
CoR CY,Ratios,True,32,True,Budget,2026FY,Home,84.6
CoR CY,Ratios,True,32,True,Budget,2026FY,CHC,86.3
CoR CY,Ratios,True,32,True,Forecast1,Jan,Motor,88.4
CoR CY,Ratios,True,32,True,Forecast1,Jan,Travel,86.0
CoR CY,Ratios,True,32,True,Forecast1,Jan,Home,87.3
CoR CY,Ratios,True,32,True,Forecast1,Jan,CHC,85.2
CoR CY,Ratios,True,32,True,Forecast1,Feb,Motor,85.0
CoR CY,Ratios,True,32,True,Forecast1,Feb,Travel,87.7
CoR CY,Ratios,True,32,True,Forecast1,Feb,Home,88.1
CoR CY,Ratios,True,32,True,Forecast1,Feb,CHC,84.6
CoR CY,Ratios,True,32,True,Forecast1,Mar,Motor,87.6
CoR CY,Ratios,True,32,True,Forecast1,Mar,Travel,85.4
CoR CY,Ratios,True,32,True,Forecast1,Mar,Home,83.7
CoR CY,Ratios,True,32,True,Forecast1,Mar,CHC,83.0
CoR CY,Ratios,True,32,True,Forecast1,Q1,Motor,85.8
CoR CY,Ratios,True,32,True,Forecast1,Q1,Travel,88.8
CoR CY,Ratios,True,32,True,Forecast1,Q1,Home,82.4
CoR CY,Ratios,True,32,True,Forecast1,Q1,CHC,81.3
CoR CY,Ratios,True,32,True,Forecast1,Apr,Motor,86.6
CoR CY,Ratios,True,32,True,Forecast1,Apr,Travel,85.5
CoR CY,Ratios,True,32,True,Forecast1,Apr,Home,86.5
CoR CY,Ratios,True,32,True,Forecast1,Apr,CHC,85.5
CoR CY,Ratios,True,32,True,Forecast1,May,Motor,82.8
CoR CY,Ratios,True,32,True,Forecast1,May,Travel,87.3
CoR CY,Ratios,True,32,True,Forecast1,May,Home,87.4
CoR CY,Ratios,True,32,True,Forecast1,May,CHC,84.9
CoR CY,Ratios,True,32,True,Forecast1,Jun,Motor,85.0
CoR CY,Ratios,True,32,True,Forecast1,Jun,Travel,89.1
CoR CY,Ratios,True,32,True,Forecast1,Jun,Home,88.3
CoR CY,Ratios,True,32,True,Forecast1,Jun,CHC,84.4
CoR CY,Ratios,True,32,True,Forecast1,Q2,Motor,85.4
CoR CY,Ratios,True,32,True,Forecast1,Q2,Travel,84.7
CoR CY,Ratios,True,32,True,Forecast1,Q2,Home,87.1
CoR CY,Ratios,True,32,True,Forecast1,Q2,CHC,87.0
CoR CY,Ratios,True,32,True,Forecast1,H1,Motor,83.8
CoR CY,Ratios,True,32,True,Forecast1,H1,Travel,87.3
CoR CY,Ratios,True,32,True,Forecast1,H1,Home,87.8
CoR CY,Ratios,True,32,True,Forecast1,H1,CHC,86.3
CoR CY,Ratios,True,32,True,Forecast1,Q3,Motor,86.7
CoR CY,Ratios,True,32,True,Forecast1,Q3,Travel,83.9
CoR CY,Ratios,True,32,True,Forecast1,Q3,Home,83.9
CoR CY,Ratios,True,32,True,Forecast1,Q3,CHC,84.8
CoR CY,Ratios,True,32,True,Forecast1,Q4,Motor,86.0
CoR CY,Ratios,True,32,True,Forecast1,Q4,Travel,85.5
CoR CY,Ratios,True,32,True,Forecast1,Q4,Home,83.7
CoR CY,Ratios,True,32,True,Forecast1,Q4,CHC,85.8
CoR CY,Ratios,True,32,True,Forecast1,2026FY,Motor,90.0
CoR CY,Ratios,True,32,True,Forecast1,2026FY,Travel,83.3
CoR CY,Ratios,True,32,True,Forecast1,2026FY,Home,85.1
CoR CY,Ratios,True,32,True,Forecast1,2026FY,CHC,85.5
CoR CY,Ratios,True,32,True,Forecast2,Jan,Motor,88.0
CoR CY,Ratios,True,32,True,Forecast2,Jan,Travel,83.9
CoR CY,Ratios,True,32,True,Forecast2,Jan,Home,83.4
CoR CY,Ratios,True,32,True,Forecast2,Jan,CHC,85.6
CoR CY,Ratios,True,32,True,Forecast2,Feb,Motor,88.9
CoR CY,Ratios,True,32,True,Forecast2,Feb,Travel,88.7
CoR CY,Ratios,True,32,True,Forecast2,Feb,Home,89.9
CoR CY,Ratios,True,32,True,Forecast2,Feb,CHC,86.1
CoR CY,Ratios,True,32,True,Forecast2,Mar,Motor,86.0
CoR CY,Ratios,True,32,True,Forecast2,Mar,Travel,86.3
CoR CY,Ratios,True,32,True,Forecast2,Mar,Home,88.4
CoR CY,Ratios,True,32,True,Forecast2,Mar,CHC,87.5
CoR CY,Ratios,True,32,True,Forecast2,Q1,Motor,88.1
CoR CY,Ratios,True,32,True,Forecast2,Q1,Travel,86.9
CoR CY,Ratios,True,32,True,Forecast2,Q1,Home,88.2
CoR CY,Ratios,True,32,True,Forecast2,Q1,CHC,86.8
CoR CY,Ratios,True,32,True,Forecast2,Apr,Motor,85.8
CoR CY,Ratios,True,32,True,Forecast2,Apr,Travel,87.0
CoR CY,Ratios,True,32,True,Forecast2,Apr,Home,82.0
CoR CY,Ratios,True,32,True,Forecast2,Apr,CHC,86.4
CoR CY,Ratios,True,32,True,Forecast2,May,Motor,87.9
CoR CY,Ratios,True,32,True,Forecast2,May,Travel,86.8
CoR CY,Ratios,True,32,True,Forecast2,May,Home,89.0
CoR CY,Ratios,True,32,True,Forecast2,May,CHC,88.7
CoR CY,Ratios,True,32,True,Forecast2,Jun,Motor,86.0
CoR CY,Ratios,True,32,True,Forecast2,Jun,Travel,85.5
CoR CY,Ratios,True,32,True,Forecast2,Jun,Home,88.7
CoR CY,Ratios,True,32,True,Forecast2,Jun,CHC,85.5
CoR CY,Ratios,True,32,True,Forecast2,Q2,Motor,87.6
CoR CY,Ratios,True,32,True,Forecast2,Q2,Travel,87.4
CoR CY,Ratios,True,32,True,Forecast2,Q2,Home,85.9
CoR CY,Ratios,True,32,True,Forecast2,Q2,CHC,90.2
CoR CY,Ratios,True,32,True,Forecast2,H1,Motor,89.0
CoR CY,Ratios,True,32,True,Forecast2,H1,Travel,86.2
CoR CY,Ratios,True,32,True,Forecast2,H1,Home,87.2
CoR CY,Ratios,True,32,True,Forecast2,H1,CHC,89.6
CoR CY,Ratios,True,32,True,Forecast2,Q3,Motor,88.6
CoR CY,Ratios,True,32,True,Forecast2,Q3,Travel,86.1
CoR CY,Ratios,True,32,True,Forecast2,Q3,Home,87.5
CoR CY,Ratios,True,32,True,Forecast2,Q3,CHC,87.9
CoR CY,Ratios,True,32,True,Forecast2,Q4,Motor,87.6
CoR CY,Ratios,True,32,True,Forecast2,Q4,Travel,84.8
CoR CY,Ratios,True,32,True,Forecast2,Q4,Home,85.7
CoR CY,Ratios,True,32,True,Forecast2,Q4,CHC,87.4
CoR CY,Ratios,True,32,True,Forecast2,2026FY,Motor,87.5
CoR CY,Ratios,True,32,True,Forecast2,2026FY,Travel,88.5
CoR CY,Ratios,True,32,True,Forecast2,2026FY,Home,87.8
CoR CY,Ratios,True,32,True,Forecast2,2026FY,CHC,89.4
CoR CY,Ratios,True,32,True,Actuals,Jan,Motor,89.1
CoR CY,Ratios,True,32,True,Actuals,Jan,Travel,89.7
CoR CY,Ratios,True,32,True,Actuals,Jan,Home,86.0
CoR CY,Ratios,True,32,True,Actuals,Jan,CHC,90.0
CoR CY,Ratios,True,32,True,Actuals,Feb,Motor,87.3
CoR CY,Ratios,True,32,True,Actuals,Feb,Travel,92.6
CoR CY,Ratios,True,32,True,Actuals,Feb,Home,86.5
CoR CY,Ratios,True,32,True,Actuals,Feb,CHC,89.1
CoR CY,Ratios,True,32,True,Actuals,Mar,Motor,88.6
CoR CY,Ratios,True,32,True,Actuals,Mar,Travel,86.1
CoR CY,Ratios,True,32,True,Actuals,Mar,Home,89.5
CoR CY,Ratios,True,32,True,Actuals,Mar,CHC,90.0
CoR CY,Ratios,True,32,True,Actuals,Q1,Motor,88.2
CoR CY,Ratios,True,32,True,Actuals,Q1,Travel,88.7
CoR CY,Ratios,True,32,True,Actuals,Q1,Home,89.4
CoR CY,Ratios,True,32,True,Actuals,Q1,CHC,87.9
CoR CY,Ratios,True,32,True,Actuals,Apr,Motor,89.6
CoR CY,Ratios,True,32,True,Actuals,Apr,Travel,88.4
CoR CY,Ratios,True,32,True,Actuals,Apr,Home,88.5
CoR CY,Ratios,True,32,True,Actuals,Apr,CHC,86.8
CoR CY,Ratios,True,32,True,Actuals,May,Motor,89.7
CoR CY,Ratios,True,32,True,Actuals,May,Travel,87.1
CoR CY,Ratios,True,32,True,Actuals,May,Home,89.7
CoR CY,Ratios,True,32,True,Actuals,May,CHC,88.6
CoR CY,Ratios,True,32,True,Actuals,Jun,Motor,84.9
CoR CY,Ratios,True,32,True,Actuals,Jun,Travel,89.0
CoR CY,Ratios,True,32,True,Actuals,Jun,Home,91.0
CoR CY,Ratios,True,32,True,Actuals,Jun,CHC,90.9
CoR CY,Ratios,True,32,True,Actuals,Q2,Motor,89.0
CoR CY,Ratios,True,32,True,Actuals,Q2,Travel,89.1
CoR CY,Ratios,True,32,True,Actuals,Q2,Home,92.1
CoR CY,Ratios,True,32,True,Actuals,Q2,CHC,90.1
CoR CY,Ratios,True,32,True,Actuals,H1,Motor,88.2
CoR CY,Ratios,True,32,True,Actuals,H1,Travel,90.3
CoR CY,Ratios,True,32,True,Actuals,H1,Home,88.7
CoR CY,Ratios,True,32,True,Actuals,H1,CHC,86.1
CoR CY,Ratios,True,32,True,Actuals,Q3,Motor,90.2
CoR CY,Ratios,True,32,True,Actuals,Q3,Travel,90.8
CoR CY,Ratios,True,32,True,Actuals,Q3,Home,87.0
CoR CY,Ratios,True,32,True,Actuals,Q3,CHC,89.1
CoR CY,Ratios,True,32,True,Actuals,Q4,Motor,88.2
CoR CY,Ratios,True,32,True,Actuals,Q4,Travel,92.1
CoR CY,Ratios,True,32,True,Actuals,Q4,Home,90.4
CoR CY,Ratios,True,32,True,Actuals,Q4,CHC,91.1
CoR CY,Ratios,True,32,True,Actuals,2026FY,Motor,90.2
CoR CY,Ratios,True,32,True,Actuals,2026FY,Travel,83.6
CoR CY,Ratios,True,32,True,Actuals,2026FY,Home,87.3
CoR CY,Ratios,True,32,True,Actuals,2026FY,CHC,88.8
CoR AY,Ratios,True,33,True,Budget,Jan,Motor,81.1
CoR AY,Ratios,True,33,True,Budget,Jan,Travel,82.4
CoR AY,Ratios,True,33,True,Budget,Jan,Home,81.6
CoR AY,Ratios,True,33,True,Budget,Jan,CHC,82.4
CoR AY,Ratios,True,33,True,Budget,Feb,Motor,82.2
CoR AY,Ratios,True,33,True,Budget,Feb,Travel,85.4
CoR AY,Ratios,True,33,True,Budget,Feb,Home,80.8
CoR AY,Ratios,True,33,True,Budget,Feb,CHC,81.9
CoR AY,Ratios,True,33,True,Budget,Mar,Motor,82.4
CoR AY,Ratios,True,33,True,Budget,Mar,Travel,81.9
CoR AY,Ratios,True,33,True,Budget,Mar,Home,82.1
CoR AY,Ratios,True,33,True,Budget,Mar,CHC,82.7
CoR AY,Ratios,True,33,True,Budget,Q1,Motor,84.0
CoR AY,Ratios,True,33,True,Budget,Q1,Travel,82.4
CoR AY,Ratios,True,33,True,Budget,Q1,Home,84.1
CoR AY,Ratios,True,33,True,Budget,Q1,CHC,85.2
CoR AY,Ratios,True,33,True,Budget,Apr,Motor,80.5
CoR AY,Ratios,True,33,True,Budget,Apr,Travel,88.2
CoR AY,Ratios,True,33,True,Budget,Apr,Home,87.6
CoR AY,Ratios,True,33,True,Budget,Apr,CHC,83.6
CoR AY,Ratios,True,33,True,Budget,May,Motor,82.1
CoR AY,Ratios,True,33,True,Budget,May,Travel,83.6
CoR AY,Ratios,True,33,True,Budget,May,Home,82.2
CoR AY,Ratios,True,33,True,Budget,May,CHC,84.0
CoR AY,Ratios,True,33,True,Budget,Jun,Motor,81.7
CoR AY,Ratios,True,33,True,Budget,Jun,Travel,81.0
CoR AY,Ratios,True,33,True,Budget,Jun,Home,82.2
CoR AY,Ratios,True,33,True,Budget,Jun,CHC,81.5
CoR AY,Ratios,True,33,True,Budget,Q2,Motor,82.8
CoR AY,Ratios,True,33,True,Budget,Q2,Travel,85.6
CoR AY,Ratios,True,33,True,Budget,Q2,Home,83.4
CoR AY,Ratios,True,33,True,Budget,Q2,CHC,82.0
CoR AY,Ratios,True,33,True,Budget,H1,Motor,82.1
CoR AY,Ratios,True,33,True,Budget,H1,Travel,84.5
CoR AY,Ratios,True,33,True,Budget,H1,Home,85.1
CoR AY,Ratios,True,33,True,Budget,H1,CHC,85.6
CoR AY,Ratios,True,33,True,Budget,Q3,Motor,80.6
CoR AY,Ratios,True,33,True,Budget,Q3,Travel,83.4
CoR AY,Ratios,True,33,True,Budget,Q3,Home,81.4
CoR AY,Ratios,True,33,True,Budget,Q3,CHC,84.8
CoR AY,Ratios,True,33,True,Budget,Q4,Motor,84.1
CoR AY,Ratios,True,33,True,Budget,Q4,Travel,84.1
CoR AY,Ratios,True,33,True,Budget,Q4,Home,84.7
CoR AY,Ratios,True,33,True,Budget,Q4,CHC,82.1
CoR AY,Ratios,True,33,True,Budget,2026FY,Motor,82.7
CoR AY,Ratios,True,33,True,Budget,2026FY,Travel,82.6
CoR AY,Ratios,True,33,True,Budget,2026FY,Home,84.1
CoR AY,Ratios,True,33,True,Budget,2026FY,CHC,85.2
CoR AY,Ratios,True,33,True,Forecast1,Jan,Motor,83.1
CoR AY,Ratios,True,33,True,Forecast1,Jan,Travel,84.6
CoR AY,Ratios,True,33,True,Forecast1,Jan,Home,87.9
CoR AY,Ratios,True,33,True,Forecast1,Jan,CHC,86.8
CoR AY,Ratios,True,33,True,Forecast1,Feb,Motor,84.7
CoR AY,Ratios,True,33,True,Forecast1,Feb,Travel,85.2
CoR AY,Ratios,True,33,True,Forecast1,Feb,Home,85.0
CoR AY,Ratios,True,33,True,Forecast1,Feb,CHC,85.2
CoR AY,Ratios,True,33,True,Forecast1,Mar,Motor,83.0
CoR AY,Ratios,True,33,True,Forecast1,Mar,Travel,87.3
CoR AY,Ratios,True,33,True,Forecast1,Mar,Home,85.3
CoR AY,Ratios,True,33,True,Forecast1,Mar,CHC,88.4
CoR AY,Ratios,True,33,True,Forecast1,Q1,Motor,86.3
CoR AY,Ratios,True,33,True,Forecast1,Q1,Travel,85.3
CoR AY,Ratios,True,33,True,Forecast1,Q1,Home,84.8
CoR AY,Ratios,True,33,True,Forecast1,Q1,CHC,84.1
CoR AY,Ratios,True,33,True,Forecast1,Apr,Motor,82.8
CoR AY,Ratios,True,33,True,Forecast1,Apr,Travel,84.4
CoR AY,Ratios,True,33,True,Forecast1,Apr,Home,85.0
CoR AY,Ratios,True,33,True,Forecast1,Apr,CHC,84.8
CoR AY,Ratios,True,33,True,Forecast1,May,Motor,85.8
CoR AY,Ratios,True,33,True,Forecast1,May,Travel,84.9
CoR AY,Ratios,True,33,True,Forecast1,May,Home,84.2
CoR AY,Ratios,True,33,True,Forecast1,May,CHC,83.3
CoR AY,Ratios,True,33,True,Forecast1,Jun,Motor,89.8
CoR AY,Ratios,True,33,True,Forecast1,Jun,Travel,86.0
CoR AY,Ratios,True,33,True,Forecast1,Jun,Home,83.3
CoR AY,Ratios,True,33,True,Forecast1,Jun,CHC,86.5
CoR AY,Ratios,True,33,True,Forecast1,Q2,Motor,87.4
CoR AY,Ratios,True,33,True,Forecast1,Q2,Travel,85.0
CoR AY,Ratios,True,33,True,Forecast1,Q2,Home,84.2
CoR AY,Ratios,True,33,True,Forecast1,Q2,CHC,83.2
CoR AY,Ratios,True,33,True,Forecast1,H1,Motor,84.4
CoR AY,Ratios,True,33,True,Forecast1,H1,Travel,83.8
CoR AY,Ratios,True,33,True,Forecast1,H1,Home,84.5
CoR AY,Ratios,True,33,True,Forecast1,H1,CHC,83.0
CoR AY,Ratios,True,33,True,Forecast1,Q3,Motor,88.6
CoR AY,Ratios,True,33,True,Forecast1,Q3,Travel,84.8
CoR AY,Ratios,True,33,True,Forecast1,Q3,Home,85.1
CoR AY,Ratios,True,33,True,Forecast1,Q3,CHC,86.9
CoR AY,Ratios,True,33,True,Forecast1,Q4,Motor,84.1
CoR AY,Ratios,True,33,True,Forecast1,Q4,Travel,86.2
CoR AY,Ratios,True,33,True,Forecast1,Q4,Home,81.9
CoR AY,Ratios,True,33,True,Forecast1,Q4,CHC,88.5
CoR AY,Ratios,True,33,True,Forecast1,2026FY,Motor,85.3
CoR AY,Ratios,True,33,True,Forecast1,2026FY,Travel,84.4
CoR AY,Ratios,True,33,True,Forecast1,2026FY,Home,84.6
CoR AY,Ratios,True,33,True,Forecast1,2026FY,CHC,87.8
CoR AY,Ratios,True,33,True,Forecast2,Jan,Motor,88.0
CoR AY,Ratios,True,33,True,Forecast2,Jan,Travel,86.3
CoR AY,Ratios,True,33,True,Forecast2,Jan,Home,86.2
CoR AY,Ratios,True,33,True,Forecast2,Jan,CHC,85.1
CoR AY,Ratios,True,33,True,Forecast2,Feb,Motor,87.4
CoR AY,Ratios,True,33,True,Forecast2,Feb,Travel,82.5
CoR AY,Ratios,True,33,True,Forecast2,Feb,Home,90.1
CoR AY,Ratios,True,33,True,Forecast2,Feb,CHC,88.5
CoR AY,Ratios,True,33,True,Forecast2,Mar,Motor,84.9
CoR AY,Ratios,True,33,True,Forecast2,Mar,Travel,87.1
CoR AY,Ratios,True,33,True,Forecast2,Mar,Home,85.6
CoR AY,Ratios,True,33,True,Forecast2,Mar,CHC,91.2
CoR AY,Ratios,True,33,True,Forecast2,Q1,Motor,87.3
CoR AY,Ratios,True,33,True,Forecast2,Q1,Travel,85.4
CoR AY,Ratios,True,33,True,Forecast2,Q1,Home,90.0
CoR AY,Ratios,True,33,True,Forecast2,Q1,CHC,83.5
CoR AY,Ratios,True,33,True,Forecast2,Apr,Motor,88.0
CoR AY,Ratios,True,33,True,Forecast2,Apr,Travel,87.7
CoR AY,Ratios,True,33,True,Forecast2,Apr,Home,86.6
CoR AY,Ratios,True,33,True,Forecast2,Apr,CHC,88.6
CoR AY,Ratios,True,33,True,Forecast2,May,Motor,83.7
CoR AY,Ratios,True,33,True,Forecast2,May,Travel,89.6
CoR AY,Ratios,True,33,True,Forecast2,May,Home,87.1
CoR AY,Ratios,True,33,True,Forecast2,May,CHC,85.7
CoR AY,Ratios,True,33,True,Forecast2,Jun,Motor,85.4
CoR AY,Ratios,True,33,True,Forecast2,Jun,Travel,85.8
CoR AY,Ratios,True,33,True,Forecast2,Jun,Home,88.1
CoR AY,Ratios,True,33,True,Forecast2,Jun,CHC,89.1
CoR AY,Ratios,True,33,True,Forecast2,Q2,Motor,89.1
CoR AY,Ratios,True,33,True,Forecast2,Q2,Travel,86.7
CoR AY,Ratios,True,33,True,Forecast2,Q2,Home,89.2
CoR AY,Ratios,True,33,True,Forecast2,Q2,CHC,88.7
CoR AY,Ratios,True,33,True,Forecast2,H1,Motor,84.0
CoR AY,Ratios,True,33,True,Forecast2,H1,Travel,88.7
CoR AY,Ratios,True,33,True,Forecast2,H1,Home,89.3
CoR AY,Ratios,True,33,True,Forecast2,H1,CHC,85.6
CoR AY,Ratios,True,33,True,Forecast2,Q3,Motor,84.0
CoR AY,Ratios,True,33,True,Forecast2,Q3,Travel,89.2
CoR AY,Ratios,True,33,True,Forecast2,Q3,Home,86.9
CoR AY,Ratios,True,33,True,Forecast2,Q3,CHC,85.9
CoR AY,Ratios,True,33,True,Forecast2,Q4,Motor,88.8
CoR AY,Ratios,True,33,True,Forecast2,Q4,Travel,85.4
CoR AY,Ratios,True,33,True,Forecast2,Q4,Home,86.8
CoR AY,Ratios,True,33,True,Forecast2,Q4,CHC,85.2
CoR AY,Ratios,True,33,True,Forecast2,2026FY,Motor,83.6
CoR AY,Ratios,True,33,True,Forecast2,2026FY,Travel,85.5
CoR AY,Ratios,True,33,True,Forecast2,2026FY,Home,89.5
CoR AY,Ratios,True,33,True,Forecast2,2026FY,CHC,87.8
CoR AY,Ratios,True,33,True,Actuals,Jan,Motor,89.5
CoR AY,Ratios,True,33,True,Actuals,Jan,Travel,87.5
CoR AY,Ratios,True,33,True,Actuals,Jan,Home,89.6
CoR AY,Ratios,True,33,True,Actuals,Jan,CHC,87.7
CoR AY,Ratios,True,33,True,Actuals,Feb,Motor,87.5
CoR AY,Ratios,True,33,True,Actuals,Feb,Travel,90.9
CoR AY,Ratios,True,33,True,Actuals,Feb,Home,85.7
CoR AY,Ratios,True,33,True,Actuals,Feb,CHC,90.6
CoR AY,Ratios,True,33,True,Actuals,Mar,Motor,88.3
CoR AY,Ratios,True,33,True,Actuals,Mar,Travel,89.2
CoR AY,Ratios,True,33,True,Actuals,Mar,Home,89.0
CoR AY,Ratios,True,33,True,Actuals,Mar,CHC,87.0
CoR AY,Ratios,True,33,True,Actuals,Q1,Motor,88.2
CoR AY,Ratios,True,33,True,Actuals,Q1,Travel,87.4
CoR AY,Ratios,True,33,True,Actuals,Q1,Home,87.3
CoR AY,Ratios,True,33,True,Actuals,Q1,CHC,90.8
CoR AY,Ratios,True,33,True,Actuals,Apr,Motor,89.8
CoR AY,Ratios,True,33,True,Actuals,Apr,Travel,86.8
CoR AY,Ratios,True,33,True,Actuals,Apr,Home,87.2
CoR AY,Ratios,True,33,True,Actuals,Apr,CHC,87.1
CoR AY,Ratios,True,33,True,Actuals,May,Motor,93.8
CoR AY,Ratios,True,33,True,Actuals,May,Travel,90.9
CoR AY,Ratios,True,33,True,Actuals,May,Home,86.3
CoR AY,Ratios,True,33,True,Actuals,May,CHC,90.2
CoR AY,Ratios,True,33,True,Actuals,Jun,Motor,90.8
CoR AY,Ratios,True,33,True,Actuals,Jun,Travel,91.7
CoR AY,Ratios,True,33,True,Actuals,Jun,Home,86.8
CoR AY,Ratios,True,33,True,Actuals,Jun,CHC,90.3
CoR AY,Ratios,True,33,True,Actuals,Q2,Motor,85.4
CoR AY,Ratios,True,33,True,Actuals,Q2,Travel,88.1
CoR AY,Ratios,True,33,True,Actuals,Q2,Home,90.1
CoR AY,Ratios,True,33,True,Actuals,Q2,CHC,86.7
CoR AY,Ratios,True,33,True,Actuals,H1,Motor,86.6
CoR AY,Ratios,True,33,True,Actuals,H1,Travel,90.4
CoR AY,Ratios,True,33,True,Actuals,H1,Home,88.9
CoR AY,Ratios,True,33,True,Actuals,H1,CHC,90.4
CoR AY,Ratios,True,33,True,Actuals,Q3,Motor,90.3
CoR AY,Ratios,True,33,True,Actuals,Q3,Travel,89.7
CoR AY,Ratios,True,33,True,Actuals,Q3,Home,91.2
CoR AY,Ratios,True,33,True,Actuals,Q3,CHC,88.0
CoR AY,Ratios,True,33,True,Actuals,Q4,Motor,90.6
CoR AY,Ratios,True,33,True,Actuals,Q4,Travel,86.9
CoR AY,Ratios,True,33,True,Actuals,Q4,Home,88.8
CoR AY,Ratios,True,33,True,Actuals,Q4,CHC,89.0
CoR AY,Ratios,True,33,True,Actuals,2026FY,Motor,89.2
CoR AY,Ratios,True,33,True,Actuals,2026FY,Travel,87.0
CoR AY,Ratios,True,33,True,Actuals,2026FY,Home,86.7
CoR AY,Ratios,True,33,True,Actuals,2026FY,CHC,87.2
Full loaded COR CY,Ratios,True,34,True,Budget,Jan,Motor,90.6
Full loaded COR CY,Ratios,True,34,True,Budget,Jan,Travel,90.4
Full loaded COR CY,Ratios,True,34,True,Budget,Jan,Home,92.2
Full loaded COR CY,Ratios,True,34,True,Budget,Jan,CHC,89.4
Full loaded COR CY,Ratios,True,34,True,Budget,Feb,Motor,89.5
Full loaded COR CY,Ratios,True,34,True,Budget,Feb,Travel,90.4
Full loaded COR CY,Ratios,True,34,True,Budget,Feb,Home,92.6
Full loaded COR CY,Ratios,True,34,True,Budget,Feb,CHC,91.8
Full loaded COR CY,Ratios,True,34,True,Budget,Mar,Motor,91.2
Full loaded COR CY,Ratios,True,34,True,Budget,Mar,Travel,91.2
Full loaded COR CY,Ratios,True,34,True,Budget,Mar,Home,91.0
Full loaded COR CY,Ratios,True,34,True,Budget,Mar,CHC,89.3
Full loaded COR CY,Ratios,True,34,True,Budget,Q1,Motor,88.5
Full loaded COR CY,Ratios,True,34,True,Budget,Q1,Travel,92.8
Full loaded COR CY,Ratios,True,34,True,Budget,Q1,Home,88.3
Full loaded COR CY,Ratios,True,34,True,Budget,Q1,CHC,89.9
Full loaded COR CY,Ratios,True,34,True,Budget,Apr,Motor,89.7
Full loaded COR CY,Ratios,True,34,True,Budget,Apr,Travel,92.7
Full loaded COR CY,Ratios,True,34,True,Budget,Apr,Home,89.3
Full loaded COR CY,Ratios,True,34,True,Budget,Apr,CHC,88.8
Full loaded COR CY,Ratios,True,34,True,Budget,May,Motor,90.4
Full loaded COR CY,Ratios,True,34,True,Budget,May,Travel,90.3
Full loaded COR CY,Ratios,True,34,True,Budget,May,Home,92.2
Full loaded COR CY,Ratios,True,34,True,Budget,May,CHC,86.9
Full loaded COR CY,Ratios,True,34,True,Budget,Jun,Motor,90.8
Full loaded COR CY,Ratios,True,34,True,Budget,Jun,Travel,92.9
Full loaded COR CY,Ratios,True,34,True,Budget,Jun,Home,89.3
Full loaded COR CY,Ratios,True,34,True,Budget,Jun,CHC,89.4
Full loaded COR CY,Ratios,True,34,True,Budget,Q2,Motor,95.1
Full loaded COR CY,Ratios,True,34,True,Budget,Q2,Travel,90.7
Full loaded COR CY,Ratios,True,34,True,Budget,Q2,Home,91.2
Full loaded COR CY,Ratios,True,34,True,Budget,Q2,CHC,89.2
Full loaded COR CY,Ratios,True,34,True,Budget,H1,Motor,90.3
Full loaded COR CY,Ratios,True,34,True,Budget,H1,Travel,92.7
Full loaded COR CY,Ratios,True,34,True,Budget,H1,Home,92.0
Full loaded COR CY,Ratios,True,34,True,Budget,H1,CHC,90.2
Full loaded COR CY,Ratios,True,34,True,Budget,Q3,Motor,91.1
Full loaded COR CY,Ratios,True,34,True,Budget,Q3,Travel,90.2
Full loaded COR CY,Ratios,True,34,True,Budget,Q3,Home,89.4
Full loaded COR CY,Ratios,True,34,True,Budget,Q3,CHC,86.8
Full loaded COR CY,Ratios,True,34,True,Budget,Q4,Motor,92.7
Full loaded COR CY,Ratios,True,34,True,Budget,Q4,Travel,88.5
Full loaded COR CY,Ratios,True,34,True,Budget,Q4,Home,92.6
Full loaded COR CY,Ratios,True,34,True,Budget,Q4,CHC,93.8
Full loaded COR CY,Ratios,True,34,True,Budget,2026FY,Motor,91.8
Full loaded COR CY,Ratios,True,34,True,Budget,2026FY,Travel,91.5
Full loaded COR CY,Ratios,True,34,True,Budget,2026FY,Home,89.7
Full loaded COR CY,Ratios,True,34,True,Budget,2026FY,CHC,91.8
Full loaded COR CY,Ratios,True,34,True,Forecast1,Jan,Motor,94.1
Full loaded COR CY,Ratios,True,34,True,Forecast1,Jan,Travel,91.8
Full loaded COR CY,Ratios,True,34,True,Forecast1,Jan,Home,92.5
Full loaded COR CY,Ratios,True,34,True,Forecast1,Jan,CHC,94.2
Full loaded COR CY,Ratios,True,34,True,Forecast1,Feb,Motor,93.1
Full loaded COR CY,Ratios,True,34,True,Forecast1,Feb,Travel,92.6
Full loaded COR CY,Ratios,True,34,True,Forecast1,Feb,Home,93.2
Full loaded COR CY,Ratios,True,34,True,Forecast1,Feb,CHC,92.5
Full loaded COR CY,Ratios,True,34,True,Forecast1,Mar,Motor,90.8
Full loaded COR CY,Ratios,True,34,True,Forecast1,Mar,Travel,93.4
Full loaded COR CY,Ratios,True,34,True,Forecast1,Mar,Home,90.1
Full loaded COR CY,Ratios,True,34,True,Forecast1,Mar,CHC,92.0
Full loaded COR CY,Ratios,True,34,True,Forecast1,Q1,Motor,90.9
Full loaded COR CY,Ratios,True,34,True,Forecast1,Q1,Travel,91.4
Full loaded COR CY,Ratios,True,34,True,Forecast1,Q1,Home,92.1
Full loaded COR CY,Ratios,True,34,True,Forecast1,Q1,CHC,94.3
Full loaded COR CY,Ratios,True,34,True,Forecast1,Apr,Motor,94.7
Full loaded COR CY,Ratios,True,34,True,Forecast1,Apr,Travel,93.6
Full loaded COR CY,Ratios,True,34,True,Forecast1,Apr,Home,92.8
Full loaded COR CY,Ratios,True,34,True,Forecast1,Apr,CHC,93.0
Full loaded COR CY,Ratios,True,34,True,Forecast1,May,Motor,91.2
Full loaded COR CY,Ratios,True,34,True,Forecast1,May,Travel,92.0
Full loaded COR CY,Ratios,True,34,True,Forecast1,May,Home,94.2
Full loaded COR CY,Ratios,True,34,True,Forecast1,May,CHC,92.0
Full loaded COR CY,Ratios,True,34,True,Forecast1,Jun,Motor,95.0
Full loaded COR CY,Ratios,True,34,True,Forecast1,Jun,Travel,92.5
Full loaded COR CY,Ratios,True,34,True,Forecast1,Jun,Home,92.5
Full loaded COR CY,Ratios,True,34,True,Forecast1,Jun,CHC,92.7
Full loaded COR CY,Ratios,True,34,True,Forecast1,Q2,Motor,93.7
Full loaded COR CY,Ratios,True,34,True,Forecast1,Q2,Travel,92.7
Full loaded COR CY,Ratios,True,34,True,Forecast1,Q2,Home,93.9
Full loaded COR CY,Ratios,True,34,True,Forecast1,Q2,CHC,92.0
Full loaded COR CY,Ratios,True,34,True,Forecast1,H1,Motor,92.4
Full loaded COR CY,Ratios,True,34,True,Forecast1,H1,Travel,93.7
Full loaded COR CY,Ratios,True,34,True,Forecast1,H1,Home,96.3
Full loaded COR CY,Ratios,True,34,True,Forecast1,H1,CHC,91.1
Full loaded COR CY,Ratios,True,34,True,Forecast1,Q3,Motor,91.4
Full loaded COR CY,Ratios,True,34,True,Forecast1,Q3,Travel,96.2
Full loaded COR CY,Ratios,True,34,True,Forecast1,Q3,Home,93.6
Full loaded COR CY,Ratios,True,34,True,Forecast1,Q3,CHC,90.5
Full loaded COR CY,Ratios,True,34,True,Forecast1,Q4,Motor,90.1
Full loaded COR CY,Ratios,True,34,True,Forecast1,Q4,Travel,87.8
Full loaded COR CY,Ratios,True,34,True,Forecast1,Q4,Home,96.5
Full loaded COR CY,Ratios,True,34,True,Forecast1,Q4,CHC,89.8
Full loaded COR CY,Ratios,True,34,True,Forecast1,2026FY,Motor,91.4
Full loaded COR CY,Ratios,True,34,True,Forecast1,2026FY,Travel,94.7
Full loaded COR CY,Ratios,True,34,True,Forecast1,2026FY,Home,91.0
Full loaded COR CY,Ratios,True,34,True,Forecast1,2026FY,CHC,96.4
Full loaded COR CY,Ratios,True,34,True,Forecast2,Jan,Motor,99.2
Full loaded COR CY,Ratios,True,34,True,Forecast2,Jan,Travel,99.4
Full loaded COR CY,Ratios,True,34,True,Forecast2,Jan,Home,93.6
Full loaded COR CY,Ratios,True,34,True,Forecast2,Jan,CHC,93.7
Full loaded COR CY,Ratios,True,34,True,Forecast2,Feb,Motor,92.0
Full loaded COR CY,Ratios,True,34,True,Forecast2,Feb,Travel,96.8
Full loaded COR CY,Ratios,True,34,True,Forecast2,Feb,Home,95.0
Full loaded COR CY,Ratios,True,34,True,Forecast2,Feb,CHC,95.8
Full loaded COR CY,Ratios,True,34,True,Forecast2,Mar,Motor,95.4
Full loaded COR CY,Ratios,True,34,True,Forecast2,Mar,Travel,95.3
Full loaded COR CY,Ratios,True,34,True,Forecast2,Mar,Home,91.8
Full loaded COR CY,Ratios,True,34,True,Forecast2,Mar,CHC,90.7
Full loaded COR CY,Ratios,True,34,True,Forecast2,Q1,Motor,96.8
Full loaded COR CY,Ratios,True,34,True,Forecast2,Q1,Travel,91.8
Full loaded COR CY,Ratios,True,34,True,Forecast2,Q1,Home,91.3
Full loaded COR CY,Ratios,True,34,True,Forecast2,Q1,CHC,94.6
Full loaded COR CY,Ratios,True,34,True,Forecast2,Apr,Motor,96.5
Full loaded COR CY,Ratios,True,34,True,Forecast2,Apr,Travel,94.5
Full loaded COR CY,Ratios,True,34,True,Forecast2,Apr,Home,96.3
Full loaded COR CY,Ratios,True,34,True,Forecast2,Apr,CHC,95.4
Full loaded COR CY,Ratios,True,34,True,Forecast2,May,Motor,94.4
Full loaded COR CY,Ratios,True,34,True,Forecast2,May,Travel,93.9
Full loaded COR CY,Ratios,True,34,True,Forecast2,May,Home,93.8
Full loaded COR CY,Ratios,True,34,True,Forecast2,May,CHC,93.5
Full loaded COR CY,Ratios,True,34,True,Forecast2,Jun,Motor,97.4
Full loaded COR CY,Ratios,True,34,True,Forecast2,Jun,Travel,92.9
Full loaded COR CY,Ratios,True,34,True,Forecast2,Jun,Home,94.2
Full loaded COR CY,Ratios,True,34,True,Forecast2,Jun,CHC,92.9
Full loaded COR CY,Ratios,True,34,True,Forecast2,Q2,Motor,94.3
Full loaded COR CY,Ratios,True,34,True,Forecast2,Q2,Travel,96.3
Full loaded COR CY,Ratios,True,34,True,Forecast2,Q2,Home,94.9
Full loaded COR CY,Ratios,True,34,True,Forecast2,Q2,CHC,94.6
Full loaded COR CY,Ratios,True,34,True,Forecast2,H1,Motor,91.7
Full loaded COR CY,Ratios,True,34,True,Forecast2,H1,Travel,97.0
Full loaded COR CY,Ratios,True,34,True,Forecast2,H1,Home,91.1
Full loaded COR CY,Ratios,True,34,True,Forecast2,H1,CHC,92.1
Full loaded COR CY,Ratios,True,34,True,Forecast2,Q3,Motor,94.8
Full loaded COR CY,Ratios,True,34,True,Forecast2,Q3,Travel,96.9
Full loaded COR CY,Ratios,True,34,True,Forecast2,Q3,Home,96.3
Full loaded COR CY,Ratios,True,34,True,Forecast2,Q3,CHC,92.4
Full loaded COR CY,Ratios,True,34,True,Forecast2,Q4,Motor,93.3
Full loaded COR CY,Ratios,True,34,True,Forecast2,Q4,Travel,98.0
Full loaded COR CY,Ratios,True,34,True,Forecast2,Q4,Home,95.5
Full loaded COR CY,Ratios,True,34,True,Forecast2,Q4,CHC,94.5
Full loaded COR CY,Ratios,True,34,True,Forecast2,2026FY,Motor,94.2
Full loaded COR CY,Ratios,True,34,True,Forecast2,2026FY,Travel,93.5
Full loaded COR CY,Ratios,True,34,True,Forecast2,2026FY,Home,93.3
Full loaded COR CY,Ratios,True,34,True,Forecast2,2026FY,CHC,96.2
Full loaded COR CY,Ratios,True,34,True,Actuals,Jan,Motor,96.1
Full loaded COR CY,Ratios,True,34,True,Actuals,Jan,Travel,99.5
Full loaded COR CY,Ratios,True,34,True,Actuals,Jan,Home,94.9
Full loaded COR CY,Ratios,True,34,True,Actuals,Jan,CHC,96.6
Full loaded COR CY,Ratios,True,34,True,Actuals,Feb,Motor,94.9
Full loaded COR CY,Ratios,True,34,True,Actuals,Feb,Travel,95.6
Full loaded COR CY,Ratios,True,34,True,Actuals,Feb,Home,94.4
Full loaded COR CY,Ratios,True,34,True,Actuals,Feb,CHC,97.1
Full loaded COR CY,Ratios,True,34,True,Actuals,Mar,Motor,96.3
Full loaded COR CY,Ratios,True,34,True,Actuals,Mar,Travel,96.5
Full loaded COR CY,Ratios,True,34,True,Actuals,Mar,Home,97.2
Full loaded COR CY,Ratios,True,34,True,Actuals,Mar,CHC,98.5
Full loaded COR CY,Ratios,True,34,True,Actuals,Q1,Motor,99.7
Full loaded COR CY,Ratios,True,34,True,Actuals,Q1,Travel,96.1
Full loaded COR CY,Ratios,True,34,True,Actuals,Q1,Home,96.5
Full loaded COR CY,Ratios,True,34,True,Actuals,Q1,CHC,100.3
Full loaded COR CY,Ratios,True,34,True,Actuals,Apr,Motor,96.0
Full loaded COR CY,Ratios,True,34,True,Actuals,Apr,Travel,96.3
Full loaded COR CY,Ratios,True,34,True,Actuals,Apr,Home,98.9
Full loaded COR CY,Ratios,True,34,True,Actuals,Apr,CHC,97.2
Full loaded COR CY,Ratios,True,34,True,Actuals,May,Motor,96.3
Full loaded COR CY,Ratios,True,34,True,Actuals,May,Travel,96.0
Full loaded COR CY,Ratios,True,34,True,Actuals,May,Home,96.1
Full loaded COR CY,Ratios,True,34,True,Actuals,May,CHC,96.3
Full loaded COR CY,Ratios,True,34,True,Actuals,Jun,Motor,94.6
Full loaded COR CY,Ratios,True,34,True,Actuals,Jun,Travel,100.6
Full loaded COR CY,Ratios,True,34,True,Actuals,Jun,Home,91.7
Full loaded COR CY,Ratios,True,34,True,Actuals,Jun,CHC,92.6
Full loaded COR CY,Ratios,True,34,True,Actuals,Q2,Motor,90.6
Full loaded COR CY,Ratios,True,34,True,Actuals,Q2,Travel,94.3
Full loaded COR CY,Ratios,True,34,True,Actuals,Q2,Home,93.4
Full loaded COR CY,Ratios,True,34,True,Actuals,Q2,CHC,96.3
Full loaded COR CY,Ratios,True,34,True,Actuals,H1,Motor,99.2
Full loaded COR CY,Ratios,True,34,True,Actuals,H1,Travel,96.7
Full loaded COR CY,Ratios,True,34,True,Actuals,H1,Home,92.8
Full loaded COR CY,Ratios,True,34,True,Actuals,H1,CHC,97.3
Full loaded COR CY,Ratios,True,34,True,Actuals,Q3,Motor,95.8
Full loaded COR CY,Ratios,True,34,True,Actuals,Q3,Travel,94.2
Full loaded COR CY,Ratios,True,34,True,Actuals,Q3,Home,98.4
Full loaded COR CY,Ratios,True,34,True,Actuals,Q3,CHC,94.8
Full loaded COR CY,Ratios,True,34,True,Actuals,Q4,Motor,94.0
Full loaded COR CY,Ratios,True,34,True,Actuals,Q4,Travel,93.8
Full loaded COR CY,Ratios,True,34,True,Actuals,Q4,Home,95.3
Full loaded COR CY,Ratios,True,34,True,Actuals,Q4,CHC,95.6
Full loaded COR CY,Ratios,True,34,True,Actuals,2026FY,Motor,96.3
Full loaded COR CY,Ratios,True,34,True,Actuals,2026FY,Travel,96.1
Full loaded COR CY,Ratios,True,34,True,Actuals,2026FY,Home,96.6
Full loaded COR CY,Ratios,True,34,True,Actuals,2026FY,CHC,94.1
Total ECR,Ratios,True,35,True,Budget,Jan,Motor,93.4
Total ECR,Ratios,True,35,True,Budget,Jan,Travel,97.7
Total ECR,Ratios,True,35,True,Budget,Jan,Home,94.9
Total ECR,Ratios,True,35,True,Budget,Jan,CHC,97.1
Total ECR,Ratios,True,35,True,Budget,Feb,Motor,93.4
Total ECR,Ratios,True,35,True,Budget,Feb,Travel,91.1
Total ECR,Ratios,True,35,True,Budget,Feb,Home,95.4
Total ECR,Ratios,True,35,True,Budget,Feb,CHC,96.3
Total ECR,Ratios,True,35,True,Budget,Mar,Motor,94.2
Total ECR,Ratios,True,35,True,Budget,Mar,Travel,94.4
Total ECR,Ratios,True,35,True,Budget,Mar,Home,92.3
Total ECR,Ratios,True,35,True,Budget,Mar,CHC,91.1
Total ECR,Ratios,True,35,True,Budget,Q1,Motor,95.6
Total ECR,Ratios,True,35,True,Budget,Q1,Travel,93.4
Total ECR,Ratios,True,35,True,Budget,Q1,Home,94.6
Total ECR,Ratios,True,35,True,Budget,Q1,CHC,96.4
Total ECR,Ratios,True,35,True,Budget,Apr,Motor,97.8
Total ECR,Ratios,True,35,True,Budget,Apr,Travel,95.9
Total ECR,Ratios,True,35,True,Budget,Apr,Home,90.1
Total ECR,Ratios,True,35,True,Budget,Apr,CHC,93.1
Total ECR,Ratios,True,35,True,Budget,May,Motor,91.8
Total ECR,Ratios,True,35,True,Budget,May,Travel,95.3
Total ECR,Ratios,True,35,True,Budget,May,Home,97.3
Total ECR,Ratios,True,35,True,Budget,May,CHC,92.2
Total ECR,Ratios,True,35,True,Budget,Jun,Motor,91.0
Total ECR,Ratios,True,35,True,Budget,Jun,Travel,93.2
Total ECR,Ratios,True,35,True,Budget,Jun,Home,93.2
Total ECR,Ratios,True,35,True,Budget,Jun,CHC,94.6
Total ECR,Ratios,True,35,True,Budget,Q2,Motor,96.6
Total ECR,Ratios,True,35,True,Budget,Q2,Travel,95.8
Total ECR,Ratios,True,35,True,Budget,Q2,Home,94.8
Total ECR,Ratios,True,35,True,Budget,Q2,CHC,96.2
Total ECR,Ratios,True,35,True,Budget,H1,Motor,94.8
Total ECR,Ratios,True,35,True,Budget,H1,Travel,94.8
Total ECR,Ratios,True,35,True,Budget,H1,Home,96.5
Total ECR,Ratios,True,35,True,Budget,H1,CHC,92.0
Total ECR,Ratios,True,35,True,Budget,Q3,Motor,93.6
Total ECR,Ratios,True,35,True,Budget,Q3,Travel,92.1
Total ECR,Ratios,True,35,True,Budget,Q3,Home,93.4
Total ECR,Ratios,True,35,True,Budget,Q3,CHC,92.0
Total ECR,Ratios,True,35,True,Budget,Q4,Motor,97.0
Total ECR,Ratios,True,35,True,Budget,Q4,Travel,97.0
Total ECR,Ratios,True,35,True,Budget,Q4,Home,95.2
Total ECR,Ratios,True,35,True,Budget,Q4,CHC,95.6
Total ECR,Ratios,True,35,True,Budget,2026FY,Motor,93.3
Total ECR,Ratios,True,35,True,Budget,2026FY,Travel,96.6
Total ECR,Ratios,True,35,True,Budget,2026FY,Home,94.8
Total ECR,Ratios,True,35,True,Budget,2026FY,CHC,95.4
Total ECR,Ratios,True,35,True,Forecast1,Jan,Motor,98.0
Total ECR,Ratios,True,35,True,Forecast1,Jan,Travel,99.3
Total ECR,Ratios,True,35,True,Forecast1,Jan,Home,96.0
Total ECR,Ratios,True,35,True,Forecast1,Jan,CHC,101.5
Total ECR,Ratios,True,35,True,Forecast1,Feb,Motor,96.4
Total ECR,Ratios,True,35,True,Forecast1,Feb,Travel,97.4
Total ECR,Ratios,True,35,True,Forecast1,Feb,Home,98.0
Total ECR,Ratios,True,35,True,Forecast1,Feb,CHC,97.5
Total ECR,Ratios,True,35,True,Forecast1,Mar,Motor,101.7
Total ECR,Ratios,True,35,True,Forecast1,Mar,Travel,99.2
Total ECR,Ratios,True,35,True,Forecast1,Mar,Home,91.8
Total ECR,Ratios,True,35,True,Forecast1,Mar,CHC,97.9
Total ECR,Ratios,True,35,True,Forecast1,Q1,Motor,97.3
Total ECR,Ratios,True,35,True,Forecast1,Q1,Travel,99.2
Total ECR,Ratios,True,35,True,Forecast1,Q1,Home,99.6
Total ECR,Ratios,True,35,True,Forecast1,Q1,CHC,98.8
Total ECR,Ratios,True,35,True,Forecast1,Apr,Motor,97.8
Total ECR,Ratios,True,35,True,Forecast1,Apr,Travel,98.6
Total ECR,Ratios,True,35,True,Forecast1,Apr,Home,100.1
Total ECR,Ratios,True,35,True,Forecast1,Apr,CHC,102.1
Total ECR,Ratios,True,35,True,Forecast1,May,Motor,91.2
Total ECR,Ratios,True,35,True,Forecast1,May,Travel,96.4
Total ECR,Ratios,True,35,True,Forecast1,May,Home,96.9
Total ECR,Ratios,True,35,True,Forecast1,May,CHC,98.2
Total ECR,Ratios,True,35,True,Forecast1,Jun,Motor,96.0
Total ECR,Ratios,True,35,True,Forecast1,Jun,Travel,99.4
Total ECR,Ratios,True,35,True,Forecast1,Jun,Home,95.9
Total ECR,Ratios,True,35,True,Forecast1,Jun,CHC,97.0
Total ECR,Ratios,True,35,True,Forecast1,Q2,Motor,99.6
Total ECR,Ratios,True,35,True,Forecast1,Q2,Travel,96.8
Total ECR,Ratios,True,35,True,Forecast1,Q2,Home,95.2
Total ECR,Ratios,True,35,True,Forecast1,Q2,CHC,99.1
Total ECR,Ratios,True,35,True,Forecast1,H1,Motor,99.4
Total ECR,Ratios,True,35,True,Forecast1,H1,Travel,98.1
Total ECR,Ratios,True,35,True,Forecast1,H1,Home,97.7
Total ECR,Ratios,True,35,True,Forecast1,H1,CHC,96.9
Total ECR,Ratios,True,35,True,Forecast1,Q3,Motor,93.7
Total ECR,Ratios,True,35,True,Forecast1,Q3,Travel,100.3
Total ECR,Ratios,True,35,True,Forecast1,Q3,Home,99.1
Total ECR,Ratios,True,35,True,Forecast1,Q3,CHC,100.4
Total ECR,Ratios,True,35,True,Forecast1,Q4,Motor,98.2
Total ECR,Ratios,True,35,True,Forecast1,Q4,Travel,98.2
Total ECR,Ratios,True,35,True,Forecast1,Q4,Home,95.8
Total ECR,Ratios,True,35,True,Forecast1,Q4,CHC,97.7
Total ECR,Ratios,True,35,True,Forecast1,2026FY,Motor,104.6
Total ECR,Ratios,True,35,True,Forecast1,2026FY,Travel,96.5
Total ECR,Ratios,True,35,True,Forecast1,2026FY,Home,93.8
Total ECR,Ratios,True,35,True,Forecast1,2026FY,CHC,98.8
Total ECR,Ratios,True,35,True,Forecast2,Jan,Motor,102.0
Total ECR,Ratios,True,35,True,Forecast2,Jan,Travel,99.3
Total ECR,Ratios,True,35,True,Forecast2,Jan,Home,99.6
Total ECR,Ratios,True,35,True,Forecast2,Jan,CHC,99.3
Total ECR,Ratios,True,35,True,Forecast2,Feb,Motor,95.4
Total ECR,Ratios,True,35,True,Forecast2,Feb,Travel,100.8
Total ECR,Ratios,True,35,True,Forecast2,Feb,Home,98.7
Total ECR,Ratios,True,35,True,Forecast2,Feb,CHC,97.5
Total ECR,Ratios,True,35,True,Forecast2,Mar,Motor,98.5
Total ECR,Ratios,True,35,True,Forecast2,Mar,Travel,97.8
Total ECR,Ratios,True,35,True,Forecast2,Mar,Home,104.8
Total ECR,Ratios,True,35,True,Forecast2,Mar,CHC,98.7
Total ECR,Ratios,True,35,True,Forecast2,Q1,Motor,99.8
Total ECR,Ratios,True,35,True,Forecast2,Q1,Travel,99.8
Total ECR,Ratios,True,35,True,Forecast2,Q1,Home,98.3
Total ECR,Ratios,True,35,True,Forecast2,Q1,CHC,99.5
Total ECR,Ratios,True,35,True,Forecast2,Apr,Motor,97.6
Total ECR,Ratios,True,35,True,Forecast2,Apr,Travel,100.7
Total ECR,Ratios,True,35,True,Forecast2,Apr,Home,102.4
Total ECR,Ratios,True,35,True,Forecast2,Apr,CHC,101.9
Total ECR,Ratios,True,35,True,Forecast2,May,Motor,103.7
Total ECR,Ratios,True,35,True,Forecast2,May,Travel,99.9
Total ECR,Ratios,True,35,True,Forecast2,May,Home,102.3
Total ECR,Ratios,True,35,True,Forecast2,May,CHC,98.4
Total ECR,Ratios,True,35,True,Forecast2,Jun,Motor,101.7
Total ECR,Ratios,True,35,True,Forecast2,Jun,Travel,98.0
Total ECR,Ratios,True,35,True,Forecast2,Jun,Home,98.4
Total ECR,Ratios,True,35,True,Forecast2,Jun,CHC,99.4
Total ECR,Ratios,True,35,True,Forecast2,Q2,Motor,99.8
Total ECR,Ratios,True,35,True,Forecast2,Q2,Travel,101.8
Total ECR,Ratios,True,35,True,Forecast2,Q2,Home,99.8
Total ECR,Ratios,True,35,True,Forecast2,Q2,CHC,97.9
Total ECR,Ratios,True,35,True,Forecast2,H1,Motor,95.3
Total ECR,Ratios,True,35,True,Forecast2,H1,Travel,104.0
Total ECR,Ratios,True,35,True,Forecast2,H1,Home,100.7
Total ECR,Ratios,True,35,True,Forecast2,H1,CHC,99.3
Total ECR,Ratios,True,35,True,Forecast2,Q3,Motor,99.8
Total ECR,Ratios,True,35,True,Forecast2,Q3,Travel,99.9
Total ECR,Ratios,True,35,True,Forecast2,Q3,Home,100.4
Total ECR,Ratios,True,35,True,Forecast2,Q3,CHC,101.9
Total ECR,Ratios,True,35,True,Forecast2,Q4,Motor,97.2
Total ECR,Ratios,True,35,True,Forecast2,Q4,Travel,99.9
Total ECR,Ratios,True,35,True,Forecast2,Q4,Home,99.9
Total ECR,Ratios,True,35,True,Forecast2,Q4,CHC,104.0
Total ECR,Ratios,True,35,True,Forecast2,2026FY,Motor,96.1
Total ECR,Ratios,True,35,True,Forecast2,2026FY,Travel,99.2
Total ECR,Ratios,True,35,True,Forecast2,2026FY,Home,101.5
Total ECR,Ratios,True,35,True,Forecast2,2026FY,CHC,96.6
Total ECR,Ratios,True,35,True,Actuals,Jan,Motor,102.8
Total ECR,Ratios,True,35,True,Actuals,Jan,Travel,106.3
Total ECR,Ratios,True,35,True,Actuals,Jan,Home,101.1
Total ECR,Ratios,True,35,True,Actuals,Jan,CHC,100.3
Total ECR,Ratios,True,35,True,Actuals,Feb,Motor,103.0
Total ECR,Ratios,True,35,True,Actuals,Feb,Travel,98.9
Total ECR,Ratios,True,35,True,Actuals,Feb,Home,103.5
Total ECR,Ratios,True,35,True,Actuals,Feb,CHC,102.9
Total ECR,Ratios,True,35,True,Actuals,Mar,Motor,104.9
Total ECR,Ratios,True,35,True,Actuals,Mar,Travel,100.5
Total ECR,Ratios,True,35,True,Actuals,Mar,Home,100.9
Total ECR,Ratios,True,35,True,Actuals,Mar,CHC,101.2
Total ECR,Ratios,True,35,True,Actuals,Q1,Motor,98.6
Total ECR,Ratios,True,35,True,Actuals,Q1,Travel,103.3
Total ECR,Ratios,True,35,True,Actuals,Q1,Home,102.0
Total ECR,Ratios,True,35,True,Actuals,Q1,CHC,102.4
Total ECR,Ratios,True,35,True,Actuals,Apr,Motor,101.2
Total ECR,Ratios,True,35,True,Actuals,Apr,Travel,104.9
Total ECR,Ratios,True,35,True,Actuals,Apr,Home,99.9
Total ECR,Ratios,True,35,True,Actuals,Apr,CHC,102.3
Total ECR,Ratios,True,35,True,Actuals,May,Motor,104.5
Total ECR,Ratios,True,35,True,Actuals,May,Travel,100.5
Total ECR,Ratios,True,35,True,Actuals,May,Home,103.5
Total ECR,Ratios,True,35,True,Actuals,May,CHC,102.9
Total ECR,Ratios,True,35,True,Actuals,Jun,Motor,102.7
Total ECR,Ratios,True,35,True,Actuals,Jun,Travel,102.8
Total ECR,Ratios,True,35,True,Actuals,Jun,Home,103.0
Total ECR,Ratios,True,35,True,Actuals,Jun,CHC,104.7
Total ECR,Ratios,True,35,True,Actuals,Q2,Motor,100.4
Total ECR,Ratios,True,35,True,Actuals,Q2,Travel,101.9
Total ECR,Ratios,True,35,True,Actuals,Q2,Home,99.8
Total ECR,Ratios,True,35,True,Actuals,Q2,CHC,100.7
Total ECR,Ratios,True,35,True,Actuals,H1,Motor,101.6
Total ECR,Ratios,True,35,True,Actuals,H1,Travel,100.4
Total ECR,Ratios,True,35,True,Actuals,H1,Home,102.7
Total ECR,Ratios,True,35,True,Actuals,H1,CHC,100.1
Total ECR,Ratios,True,35,True,Actuals,Q3,Motor,102.8
Total ECR,Ratios,True,35,True,Actuals,Q3,Travel,102.8
Total ECR,Ratios,True,35,True,Actuals,Q3,Home,98.0
Total ECR,Ratios,True,35,True,Actuals,Q3,CHC,100.2
Total ECR,Ratios,True,35,True,Actuals,Q4,Motor,100.8
Total ECR,Ratios,True,35,True,Actuals,Q4,Travel,101.2
Total ECR,Ratios,True,35,True,Actuals,Q4,Home,102.0
Total ECR,Ratios,True,35,True,Actuals,Q4,CHC,101.9
Total ECR,Ratios,True,35,True,Actuals,2026FY,Motor,100.8
Total ECR,Ratios,True,35,True,Actuals,2026FY,Travel,100.5
Total ECR,Ratios,True,35,True,Actuals,2026FY,Home,101.6
Total ECR,Ratios,True,35,True,Actuals,2026FY,CHC,104.0
